Total Number of Aligned Reads:	855347	Total Number of Mapped Genomes:	8985
Genome	Final Guess	Final Best Hit	Final Best Hit Read Numbers	Final High Confidence Hits	Final Low Confidence Hits	Initial Guess	Initial Best Hit	Initial Best Hit Read Numbers	Initial High Confidence Hits	Initial Low Confidence Hits
ti|435590|org|Bacteroides_vulgatus_ATCC_8482|accession|NC_009614.1	0.22602352832590858	0.25896624410911595	221506.0	0.2589592294121567	7.01469695924578e-06	0.22166829064953356	0.2504673321543365	214236.48115621522	0.24953849139588963	0.007212277590264536
ti|515619|org|[Eubacterium]_rectale_ATCC_33656|accession|NC_012781.1	0.09797591973767897	0.0898465768863397	76850.0	0.08984306953786007	3.50734847962289e-06	0.09630252273713909	0.0858772009764707	73454.80622362129	0.0850567079793347	0.002314849996551107
ti|537011|org|Prevotella_copri_DSM_18205|accession|NZ_GG703852.1	0.08460895828006236	0.07525249986262886	64367.0	0.07487019887834996	0.000382300984278895	0.08387916597370548	0.07251499071359732	62025.47976190333	0.0720619818623319	0.001840188835642143
ti|367928|org|Bifidobacterium_adolescentis_ATCC_15703|accession|NC_008618.1	0.052728028975443875	0.04968626767849773	42499.0	0.04968626767849773	0.0	0.052595570016448275	0.04903768723151387	41944.23866041369	0.049026886164328626	0.00013327924222566982
ti|537011|org|Prevotella_copri_DSM_18205|accession|NZ_GG703853.1	0.04714142181250925	0.041592476503687976	35576.0	0.04154103539265351	5.144111103446905e-05	0.04698562927540918	0.041063835579511626	35123.82857142853	0.04091205089864114	0.0008335798219903735
ti|537011|org|Prevotella_copri_DSM_18205|accession|NZ_GG703854.1	0.043396553417789994	0.03956873643094557	33845.0	0.03929399413337511	0.0002747422975704597	0.042721448040106635	0.0373549008386672	31951.402367651473	0.036497468278955794	0.0032115620911746926
ti|537011|org|Prevotella_copri_DSM_18205|accession|NZ_GG703855.1	0.028609943172492103	0.024800461099413456	21213.0	0.024771233195416596	2.9227903996857416e-05	0.028452747072433286	0.02541929375255384	21742.31665336567	0.023963373928943456	0.004226354917945582
ti|445970|org|Alistipes_putredinis_DSM_17216|accession|NZ_DS499577.1	0.028162038512259412	0.02506585046770492	21440.0	0.02506585046770492	0.0	0.027527895657600183	0.023991993614176015	20521.47976190461	0.024318785241545245	0.0006453521202506117
ti|537011|org|Prevotella_copri_DSM_18205|accession|NZ_GG703856.1	0.019106187628224035	0.016242530809133602	13893.0	0.016234346996014483	8.183813119120076e-06	0.0192284478367845	0.016594220435293214	14193.816666666746	0.01634775126352229	0.0005670213375390339
ti|411479|org|Bacteroides_uniformis_ATCC_8492|accession|NZ_DS362248.1	0.01858283233449914	0.015945575304525533	13639.0	0.015943237072205782	2.3382323197485933e-06	0.018600430701150025	0.01601026639870538	13694.33333333345	0.015922192981328045	0.00024902174205322517
ti|537011|org|Prevotella_copri_DSM_18205|accession|NZ_GG703857.1	0.017990071306395253	0.015577303714165129	13324.0	0.01555041404248802	2.6889671677108822e-05	0.018160536754069402	0.01614548303342517	13809.99047619112	0.015399598057864235	0.0029660476976010905
ti|411479|org|Bacteroides_uniformis_ATCC_8492|accession|NZ_DS362249.1	0.017383974130838597	0.015932715026766915	13628.0	0.015235921795481834	0.0006967932312850808	0.01813825948779384	0.016901087953012008	14456.294877344963	0.01804296969534002	0.0008534547967082365
ti|411479|org|Bacteroides_uniformis_ATCC_8492|accession|NZ_DS362220.1	0.015002861435904477	0.013336108035686101	11407.0	0.01333260068720648	3.50734847962289e-06	0.01491359765019706	0.013360639989774218	11427.983333333408	0.013194644980341312	0.000724852019122064
ti|537011|org|Prevotella_copri_DSM_18205|accession|NZ_GG703858.1	0.014988017025986981	0.012799483718303799	10948.0	0.012797145485984051	2.3382323197485933e-06	0.015059739498441188	0.013041852632685496	11155.309523809641	0.012885998314134497	0.0007529108069590471
ti|445970|org|Alistipes_putredinis_DSM_17216|accession|NZ_DS499579.1	0.014924380475031857	0.012893013011093744	11028.0	0.012891843894933868	1.1691161598742966e-06	0.01474533637741066	0.012715787527501545	10876.410714285865	0.012560984021689443	0.000626646261692623
ti|537011|org|Prevotella_copri_DSM_18205|accession|NZ_GG703859.1	0.014399930851183242	0.012793638137504428	10943.0	0.012792469021344554	1.1691161598742966e-06	0.014401029069814518	0.012680935339692556	10846.60000000001	0.012668542708397878	2.9227903996857416e-05
ti|411479|org|Bacteroides_uniformis_ATCC_8492|accession|NZ_DS362247.1	0.01368538734623397	0.013647092934212665	11673.0	0.013626048843334928	2.104409087773734e-05	0.013409646618741475	0.013031032045084453	11146.054166666852	0.012710630890153353	0.0009259399986204429
ti|411903|org|Collinsella_aerofaciens_ATCC_25986|accession|NZ_AAVN02000001.1	0.012116264497281004	0.011086728544087956	9483.0	0.011080882963288583	5.845580799371483e-06	0.011707067626598375	0.010317962759048031	8825.438492063457	0.010136237106110151	0.000997256084372775
ti|537011|org|Prevotella_copri_DSM_18205|accession|NZ_GG703861.1	0.011110110339309944	0.00975744347031088	8346.0	0.00975510523799113	2.3382323197485933e-06	0.01113759933712843	0.009887410216750233	8457.166666666662	0.009873185970138434	9.236017663006943e-05
ti|537011|org|Prevotella_copri_DSM_18205|accession|NZ_GG703860.1	0.011020346621665622	0.01057114831758339	9042.0	0.010518538090389046	5.261022719434335e-05	0.010994409854104716	0.010309571103056052	8818.260714285685	0.010292898671533308	0.0013690350232128013
ti|411479|org|Bacteroides_uniformis_ATCC_8492|accession|NZ_DS362244.1	0.010894985028104615	0.009467502662662055	8098.0	0.009467502662662055	0.0	0.010894237684471498	0.009459318849542934	8091.0	0.009459318849542934	0.0
ti|411479|org|Bacteroides_uniformis_ATCC_8492|accession|NZ_DS362246.1	0.01081861450432529	0.009714186172395532	8309.0	0.009714186172395532	0.0	0.010305617412595681	0.009238148052453722	7901.822222222133	0.008844363749449054	0.002207291309842672
ti|445970|org|Alistipes_putredinis_DSM_17216|accession|NZ_DS499580.1	0.010445676313486673	0.010218075237301352	8740.0	0.010216906121141478	1.1691161598742966e-06	0.010068990170232021	0.009376948584925033	8020.544841269872	0.009280444077082166	0.001130535326598445
ti|411903|org|Collinsella_aerofaciens_ATCC_25986|accession|NZ_AAVN02000002.1	0.009545924571302706	0.00950725261209778	8132.0	0.009448796804104065	5.845580799371483e-05	0.00906592682495875	0.008452597563624948	7229.903968253908	0.008138217588884979	0.0011854837861125368
ti|411479|org|Bacteroides_uniformis_ATCC_8492|accession|NZ_DS362243.1	0.009110504985158967	0.00807859266473139	6910.0	0.008077423548571515	1.1691161598742966e-06	0.00912126648406418	0.008099410173524552	6927.806193693705	0.00811132791720787	0.0003144922470061858
ti|537011|org|Prevotella_copri_DSM_18205|accession|NZ_GG703862.1	0.00897768832646996	0.007757085720765959	6635.0	0.00775474748844621	2.3382323197485933e-06	0.009017090460321104	0.007864741833821026	6727.083333333313	0.007808526831800427	0.00018588946942001318
ti|537011|org|Prevotella_copri_DSM_18205|accession|NZ_GG703863.1	0.00883041301132844	0.007580549180624939	6484.0	0.007577041832145317	3.50734847962289e-06	0.008836338428699572	0.0076242936102735555	6521.416666666655	0.0075559977412675795	0.00016484537854227584
ti|411479|org|Bacteroides_uniformis_ATCC_8492|accession|NZ_DS362240.1	0.008437225911711558	0.007388814130405555	6320.0	0.007388814130405555	0.0	0.008442841020508532	0.007390436279077372	6321.3874999999925	0.0073771229688068115	5.962492415358913e-05
ti|411479|org|Bacteroides_uniformis_ATCC_8492|accession|NZ_DS362239.1	0.008304409527882627	0.0071608364792300665	6125.0	0.0071608364792300665	0.0	0.008316773559188332	0.007238582703861708	6191.5	0.007323343625452594	0.0
ti|411479|org|Bacteroides_uniformis_ATCC_8492|accession|NZ_DS362242.1	0.00800620791608304	0.0075419683473490874	6451.0	0.0075419683473490874	0.0	0.007847605534176327	0.007294505426842346	6239.33333333332	0.007226306984183028	0.0004197127013948725
ti|411479|org|Bacteroides_uniformis_ATCC_8492|accession|NZ_DS362241.1	0.007493545764076833	0.0069515646866125675	5946.0	0.0069515646866125675	0.0	0.007189638971904197	0.006387563565819649	5463.583333333139	0.00612499956158144	0.000784476943275653
ti|411479|org|Bacteroides_uniformis_ATCC_8492|accession|NZ_DS362245.1	0.007410575246157351	0.006924675014935459	5923.0	0.006916491201816339	8.183813119120076e-06	0.008530195391150838	0.009238513029648648	7902.134404370882	0.0076086079684619225	0.00583388963777274
ti|411903|org|Collinsella_aerofaciens_ATCC_25986|accession|NZ_AAVN02000003.1	0.006949880184022212	0.0060466687788698625	5172.0	0.006006918829434136	3.9749949435726085e-05	0.006921994806119022	0.00611023343890825	5226.369841269855	0.00595898506687929	0.0008347489381502478
ti|537011|org|Prevotella_copri_DSM_18205|accession|NZ_GG703864.1	0.006946002041406437	0.005982367390076776	5117.0	0.005976521809277404	5.845580799371483e-06	0.0071829825322880896	0.006760795265167678	5782.825947675377	0.006702542944559343	0.0015221892401563342
ti|445970|org|Alistipes_putredinis_DSM_17216|accession|NZ_DS499581.1	0.005350643355579092	0.00463671469006146	3966.0	0.00463671469006146	0.0	0.005316673207675443	0.004580675055464834	3918.0666666666793	0.004540847164951768	0.00016601449470215012
ti|537011|org|Prevotella_copri_DSM_18205|accession|NZ_GG703865.1	0.005160004336275444	0.004292994539058417	3672.0	0.0042918254228985426	1.1691161598742966e-06	0.005304850377620931	0.004632347206121343	3962.264285714273	0.004330406256174394	0.0012930424728209722
ti|411903|org|Collinsella_aerofaciens_ATCC_25986|accession|NZ_AAVN02000004.1	0.004483769582298794	0.003991362569810849	3414.0	0.003973825827412734	1.753674239811445e-05	0.004508776293403601	0.004015468631583477	3434.619047619032	0.003928230297177637	0.00029578638844819703
ti|411903|org|Collinsella_aerofaciens_ATCC_25986|accession|NZ_AAVN02000005.1	0.004330314712257759	0.003720127620720012	3182.0	0.0037189585045601377	1.1691161598742966e-06	0.004433980963217562	0.00396084678229825	3387.898412698461	0.0037212967368798863	0.0009294473471000658
ti|411903|org|Collinsella_aerofaciens_ATCC_25986|accession|NZ_AAVN02000006.1	0.004269929907793402	0.0037236349691996346	3185.0	0.0037212967368798863	2.3382323197485933e-06	0.004314848834635897	0.0037967232865911645	3247.515873015893	0.003641796838008434	0.0009434767410185573
ti|411479|org|Bacteroides_uniformis_ATCC_8492|accession|NZ_DS362234.1	0.004180852872446348	0.0036195836309708225	3096.0	0.0036195836309708225	0.0	0.004180707572546177	0.0036154917244112625	3092.5	0.0036160762824911995	0.0
ti|411479|org|Bacteroides_uniformis_ATCC_8492|accession|NZ_DS362238.1	0.0037759109692099193	0.003976164059732483	3401.0	0.003976164059732483	0.0	0.003771970502238455	0.004082274847531524	3491.7615440115464	0.003934075877977008	0.0005904036607365198
ti|411903|org|Collinsella_aerofaciens_ATCC_25986|accession|NZ_AAVN02000007.1	0.003568773848198563	0.0032688487830085334	2796.0	0.0032665105506887848	2.3382323197485933e-06	0.0035034034894197274	0.0031233512776676076	2671.549145299155	0.002832768455375421	0.00122991020018776
ti|411479|org|Bacteroides_uniformis_ATCC_8492|accession|NZ_DS362237.1	0.0034706282763315717	0.0030595769903910344	2617.0	0.0030595769903910344	0.0	0.0034835590067667692	0.003081907109044607	2636.0999999999776	0.0030595769903910344	0.00014847775230403569
ti|411479|org|Bacteroides_uniformis_ATCC_8492|accession|NZ_DS362223.1	0.003284643201277958	0.0029578638844819705	2530.0	0.0029578638844819705	0.0	0.003288158482904839	0.003015150576315811	2579.0	0.0030923122428675146	7.01469695924578e-06
ti|411479|org|Bacteroides_uniformis_ATCC_8492|accession|NZ_DS362236.1	0.0032268017792802515	0.00277548176354158	2374.0	0.00277548176354158	0.0	0.0032726439491152413	0.0028678419401716496	2453.0	0.0029157757027264957	5.845580799371483e-06
ti|537011|org|Prevotella_copri_DSM_18205|accession|NZ_GG703866.1	0.0031293832729850112	0.002743915627224974	2347.0	0.0027380700464256025	5.845580799371483e-06	0.003316653484370275	0.0033087908015277043	2830.1642857143174	0.0030794519651088973	0.0007716166655170358
ti|411479|org|Bacteroides_uniformis_ATCC_8492|accession|NZ_DS362232.1	0.0029837412176052847	0.0025077541629303663	2145.0	0.0025077541629303663	0.0	0.0029837402454649517	0.002506585046770492	2144.0	0.002506585046770492	0.0
ti|411479|org|Bacteroides_uniformis_ATCC_8492|accession|NZ_DS362233.1	0.002977004199002571	0.002589592294121567	2215.0	0.002589592294121567	0.0	0.0029770031558446148	0.0025872540618018186	2213.0	0.0025872540618018186	0.0
ti|411903|org|Collinsella_aerofaciens_ATCC_25986|accession|NZ_AAVN02000008.1	0.002708552707120411	0.002317188228870856	1982.0	0.0023160191127109815	1.1691161598742966e-06	0.002849417649820521	0.0026055210378648943	2228.6246031746236	0.002375644036864571	0.0011913293669119083
ti|411479|org|Bacteroides_uniformis_ATCC_8492|accession|NZ_DS362235.1	0.002687028319362533	0.0025989452234005616	2223.0	0.0025989452234005616	0.0	0.002684531045991767	0.0025919305264413156	2217.0	0.0025954378749209386	0.0
ti|411903|org|Collinsella_aerofaciens_ATCC_25986|accession|NZ_AAVN02000009.1	0.0024048821952452025	0.0020050342141844186	1715.0	0.0020038650980245443	1.1691161598742966e-06	0.002539111917491657	0.002314064483248451	1979.3281135531129	0.0020050342141844186	0.0015163436593569628
ti|537011|org|Prevotella_copri_DSM_18205|accession|NZ_GG703867.1	0.002289309198449187	0.002009710678823916	1719.0	0.0020085415626640416	1.1691161598742966e-06	0.002457045656783765	0.002451628236426685	2096.992857142856	0.002428254264058914	0.0003787936357992721
ti|411903|org|Collinsella_aerofaciens_ATCC_25986|accession|NZ_AAVN02000010.1	0.0020024703547262073	0.001706909593416473	1460.0	0.001706909593416473	0.0	0.0020036220331637526	0.0017115860580559704	1464.0	0.0017174316388553418	4.6764646394971865e-06
ti|537011|org|Prevotella_copri_DSM_18205|accession|NZ_GG703868.1	0.0018909192467113786	0.0017115860580559704	1464.0	0.001710416941896096	1.1691161598742966e-06	0.001891279837716962	0.001817333314187803	1554.4505982905946	0.001753674239811445	0.00016601449470215012
ti|411903|org|Collinsella_aerofaciens_ATCC_25986|accession|NZ_AAVN02000011.1	0.0018102665531523506	0.0015806450481500491	1352.0	0.0015806450481500491	0.0	0.001834819479825723	0.0016007148755612243	1369.1666666666665	0.0016297479268647696	1.402939391849156e-05
ti|537011|org|Prevotella_copri_DSM_18205|accession|NZ_GG703869.1	0.0014910487627788857	0.001344483583855441	1150.0	0.0013362997707363211	8.183813119120076e-06	0.0015551899909523536	0.001532041827413183	1310.4273809523838	0.0014216452504071447	0.00043608032763311263
ti|411479|org|Bacteroides_uniformis_ATCC_8492|accession|NZ_DS362231.1	0.001437741555085942	0.0012988880536203436	1111.0	0.0012988880536203436	0.0	0.0014898212493289164	0.0013818113709152115	1181.9282106782134	0.0013023954020999664	0.0002747422975704597
ti|411479|org|Bacteroides_uniformis_ATCC_8492|accession|NZ_DS362229.1	0.0010631993150792445	0.0008920356299840883	763.0	0.0008920356299840883	0.0	0.0010631993150792731	0.0008926201880640255	763.5	0.0008932047461439627	0.0
ti|1002367|org|Prevotella_stercorea_DSM_18206|accession|NZ_JH379375.1	0.0010306189868654618	0.0014847775230403567	1270.0	0.0014847775230403567	0.0	0.000386105129303491	0.0006006747595249034	513.7853535353476	0.0002116100249372477	0.0012076969931501483
ti|411903|org|Collinsella_aerofaciens_ATCC_25986|accession|NZ_AAVN02000012.1	0.0010198143312569693	0.0009119106047019514	780.0	0.0009119106047019514	0.0	0.001114381246188467	0.0010873006901226951	930.0193833943769	0.0009165870693414486	0.0008031828018336417
ti|411903|org|Collinsella_aerofaciens_ATCC_25986|accession|NZ_AAVN02000013.1	0.0009820350964328296	0.0008370871704699964	716.0	0.0008370871704699964	0.0	0.0010346956682838714	0.0009219997988006791	788.6297619047645	0.0008335798219903735	0.0003250142924450545
ti|411483|org|Faecalibacterium_prausnitzii_A2-165|accession|NZ_GG697149.2	0.0008652454121847341	0.007909070821549617	6765.0	0.007906732589229868	2.3382323197485933e-06	0.0007538777301678434	0.006799780910304227	5816.172202285989	0.006522499055938701	0.0007225137868023153
ti|411903|org|Collinsella_aerofaciens_ATCC_25986|accession|NZ_AAVN02000015.1	0.0008273071416167006	0.0006921167666455836	592.0	0.0006909476504857093	1.1691161598742966e-06	0.0008593031887537439	0.0007402105867699322	633.1369047619012	0.0006944549989653322	0.0002466835097334766
ti|411903|org|Collinsella_aerofaciens_ATCC_25986|accession|NZ_AAVN02000014.1	0.0007584820290037458	0.0006570432818493547	562.0	0.0006570432818493547	0.0	0.000853633614588412	0.0007940316842727209	679.172619047619	0.0006628888626487261	0.0006114477516142571
ti|411903|org|Collinsella_aerofaciens_ATCC_25986|accession|NZ_AAVN02000016.1	0.0006889591851678531	0.0005798816152976511	496.0	0.0005798816152976511	0.0	0.0007367734815446804	0.0006609969357836584	565.3817460317449	0.0005892345445766455	0.0004512788377114785
ti|537011|org|Prevotella_copri_DSM_18205|accession|NZ_GG703872.1	0.0006866721768468978	0.000583388963777274	499.0	0.000583388963777274	0.0	0.0006877619167486264	0.0006061867288948228	518.5	0.0006044330546550113	4.6764646394971865e-06
ti|411483|org|Faecalibacterium_prausnitzii_A2-165|accession|NZ_GG697156.2	0.0006566196002331805	0.0021429899210495857	1833.0	0.002140651688729837	2.3382323197485933e-06	0.0006572043121219199	0.0021685156238735077	1854.8333333333333	0.002164034011927323	1.9874974717863043e-05
ti|1841857|org|Culturomica_massiliensis|accession|NZ_LT594621.1	0.0005809705101630041	0.000847609215908865	725.0	0.000847609215908865	0.0	0.0003021585393160834	0.0004591548043195721	392.736684410333	0.0002887716914889513	0.001450873154404002
ti|411479|org|Bacteroides_uniformis_ATCC_8492|accession|NZ_DS362225.1	0.0005388888663073422	0.0004501097215516042	385.0	0.0004501097215516042	0.0	0.0005570747832282495	0.0004997971583462618	427.5	0.0005424698981816736	0.0
ti|537011|org|Prevotella_copri_DSM_18205|accession|NZ_GG703870.1	0.0005385907761023349	0.0006628888626487261	567.0	0.0006628888626487261	0.0	0.0005455234011357715	0.0006927013247255208	592.5	0.0006921167666455836	3.50734847962289e-06
ti|411479|org|Bacteroides_uniformis_ATCC_8492|accession|NZ_DS362230.1	0.0004983480615634837	0.0005494845951409194	470.0	0.0005494845951409194	0.0	0.0004801612882827084	0.000500381716426199	428.0	0.0005424698981816736	0.0
ti|411903|org|Collinsella_aerofaciens_ATCC_25986|accession|NZ_AAVN02000017.1	0.0004744639873181971	0.00044309502459235844	379.0	0.00044309502459235844	0.0	0.0004909173352266683	0.0004692275543754523	401.35238095238	0.0004442641407522327	0.0001391248230250413
ti|537011|org|Prevotella_copri_DSM_18205|accession|NZ_GG703871.1	0.00046755443952982894	0.0004653082316299701	398.0	0.0004653082316299701	0.0	0.0005284070831682602	0.0005992040434494775	512.5273809523802	0.0005506537113007937	0.00021862472189649348
ti|411479|org|Bacteroides_uniformis_ATCC_8492|accession|NZ_DS362228.1	0.00042720746972082455	0.0005997565900155142	513.0	0.0005997565900155142	0.0	0.00033428921022163864	0.0004384185599528613	375.00000000000006	0.0005284405042631821	8.534547967082365e-05
ti|537011|org|Prevotella_copri_DSM_18205|accession|NZ_GG703874.1	0.00033559451713422773	0.0002887716914889513	247.0	0.0002887716914889513	0.0	0.0003406725052007002	0.0003004628530876943	257.00000000000006	0.00029578638844819703	1.1691161598742966e-05
ti|226186|org|Bacteroides_thetaiotaomicron_VPI-5482|accession|NC_004663.1	0.0002657956419215633	0.0006032639384951371	516.0	0.0006020948223352628	1.1691161598742966e-06	0.000740604175935028	0.0012580010496937794	1076.027423852425	0.0005553301759402909	0.0026188201981184244
ti|745368|org|Gemmiger_formicilis|accession|NZ_FUYF01000012.1	0.0002532048599321108	0.0017758874468490565	1519.0	0.0017571815882910678	1.8705858557988746e-05	0.0001342199596028883	0.0009461839328082	809.3155883756955	0.0008218886603916305	0.0005553301759402909
ti|537011|org|Prevotella_copri_DSM_18205|accession|NZ_GG703873.1	0.00025315709604916	0.00029344815612844847	251.0	0.00029344815612844847	0.0	0.00028956395460578624	0.00038465870186797445	329.01666666666637	0.00036476424188078055	6.313227263321202e-05
ti|411483|org|Faecalibacterium_prausnitzii_A2-165|accession|NZ_GG697154.2	0.00025012514941749007	0.0024773571427736344	2119.0	0.002471511561974263	5.845580799371483e-06	0.0002620945524042249	0.002674742921099078	2287.833333333333	0.0026468789859554077	0.00011808073214730396
ti|411483|org|Faecalibacterium_prausnitzii_A2-165|accession|NZ_GG697153.2	0.0002313734131764144	0.00184486530028164	1578.0	0.0018436961841217657	1.1691161598742966e-06	0.00023162738163483225	0.001900982875955605	1625.9999999999989	0.001871754971958749	5.962492415358913e-05
ti|411483|org|Faecalibacterium_prausnitzii_A2-165|accession|NZ_GG697151.2	0.00017106900645229203	0.005478478325170954	4686.0	0.005478478325170954	0.0	0.00017923447960183607	0.005499987278902733	4704.397619047616	0.005489000370609822	6.196315647333772e-05
ti|411483|org|Faecalibacterium_prausnitzii_A2-165|accession|NZ_GG697152.2	0.00016678115690010802	0.00443796494288283	3796.0	0.004425104665124213	1.2860277758617263e-05	0.0001660479633603224	0.003926262284975184	3358.316666666669	0.003908355322459774	0.00011223515134793248
ti|411483|org|Faecalibacterium_prausnitzii_A2-165|accession|NZ_GG697150.2	0.00015034635865212453	0.006822961909026395	5836.0	0.006819454560546772	3.50734847962289e-06	0.00013823015131199297	0.0066374162154295745	5677.294047619041	0.006580954863932416	0.00014847775230403569
ti|1871018|org|Angelakisella_massiliensis|accession|NZ_LT629945.1	0.00013564395629435513	0.0007505725746392984	642.0	0.0007435578776800527	7.01469695924578e-06	4.513114589590246e-05	0.00020392138846173	174.42354785657537	0.00010054398974918951	0.0003098157823666886
ti|763034|org|Bacteroides_fluxus_YIT_12057|accession|NZ_GL882693.1	0.0001323794079942516	0.000137955706865167	118.0	0.000137955706865167	0.0	0.0002603863603846793	0.00030397020156732	260.00000000000244	0.00013678659070529272	0.0004910287871472046
ti|39482|org|Faecalicatena_contorta|accession|NZ_CYZU01000001.1	0.00011978068936182252	0.0002501908582130995	214.0	0.0002501908582130995	0.0	0.00012621946748214482	0.00032376723520785496	276.9333333333331	0.00030630843388706574	0.00011924984830717826
ti|411471|org|Subdoligranulum_variabile_DSM_15176|accession|NZ_GG704769.1	0.00011409114405109683	0.0006851020696863378	586.0	0.0006745800242474692	1.052204543886867e-05	3.9684323524942955e-05	0.0003270562288799874	279.7465642038106	0.0002104409087773734	0.0004185435852349982
ti|301302|org|Roseburia_faecis|accession|NZ_CYXV01000001.1	9.932998455363993e-05	0.00026422025213159106	226.0	0.00026305113597171673	1.1691161598742966e-06	4.7833491548599615e-05	0.00013801763083048913	118.0529664779664	6.196315647333772e-05	0.00019056593405951036
ti|40520|org|Blautia_obeum|accession|NZ_CYZA01000015.1	9.464147604509423e-05	0.0002104409087773734	180.0	0.0002104409087773734	0.0	9.588431383951371e-05	0.00021614174186171276	184.87619047619043	0.00021511737341687058	5.845580799371483e-06
ti|411903|org|Collinsella_aerofaciens_ATCC_25986|accession|NZ_AAVN02000018.1	8.541389104398136e-05	7.248520191220639e-05	62.0	7.248520191220639e-05	0.0	8.885229766321486e-05	8.027930964470169e-05	68.66666666666666	7.365431807208069e-05	1.402939391849156e-05
ti|1650663|org|Fournierella_massiliensis|accession|NZ_LN908964.1	7.282859272579202e-05	0.00031916871164568297	273.0	0.0003179995954858087	1.1691161598742966e-06	6.46450931407846e-05	0.00026494257884443647	226.6178399868522	0.00019524239869900755	0.0003179995954858087
ti|411903|org|Collinsella_aerofaciens_ATCC_25986|accession|NZ_AAVN02000019.1	7.259872782775302e-05	6.313227263321202e-05	54.0	6.313227263321202e-05	0.0	7.685528216523688e-05	7.110453139959294e-05	60.81904761904762	6.547050495296061e-05	2.104409087773734e-05
ti|411479|org|Bacteroides_uniformis_ATCC_8492|accession|NZ_DS362221.1	7.13279549623236e-05	7.599255039182928e-05	65.0	7.599255039182928e-05	0.0	0.00011392524293571089	0.0001560770073432185	133.49999999999991	0.00020459532797800192	3.6242600956103195e-05
ti|411903|org|Collinsella_aerofaciens_ATCC_25986|accession|NZ_AAVN02000020.1	6.42555213122314e-05	5.845580799371483e-05	50.0	5.845580799371483e-05	0.0	6.42555213122314e-05	5.845580799371483e-05	50.0	5.845580799371483e-05	0.0
ti|411479|org|Bacteroides_uniformis_ATCC_8492|accession|NZ_DS362227.1	6.190022986513261e-05	7.482343423195498e-05	64.0	7.482343423195498e-05	0.0	7.422658983413442e-05	9.953075574396538e-05	85.13333333333355	7.833078271157787e-05	0.00012392631294667544
ti|411483|org|Faecalibacterium_prausnitzii_A2-165|accession|NZ_GG697159.2	5.482954360248863e-05	0.0003846392165986436	329.0	0.0003846392165986436	0.0	5.482954360248863e-05	0.0003858083327585179	330.0	0.0003869774489183922	0.0
ti|537011|org|Prevotella_copri_DSM_18205|accession|NZ_GG703875.1	4.424929969620932e-05	3.9749949435726085e-05	34.0	3.9749949435726085e-05	0.0	7.786351852667945e-05	0.00011042302130012728	94.44999999999997	6.89778534325835e-05	0.00010638957054856099
ti|428125|org|[Clostridium]_leptum_DSM_753|accession|NZ_DS480350.1	3.924973886939379e-05	6.313227263321202e-05	54.0	6.196315647333772e-05	1.1691161598742966e-06	4.7057627868036534e-05	8.146124506071507e-05	69.67763157894746	5.7286691833840535e-05	0.0001461395199842871
ti|411903|org|Collinsella_aerofaciens_ATCC_25986|accession|NZ_AAVN02000021.1	3.274372504756149e-05	5.0271994874594755e-05	43.0	5.0271994874594755e-05	0.0	3.3358723158388886e-05	5.0271994874594755e-05	43.0	5.3779343354217645e-05	0.0
ti|411483|org|Faecalibacterium_prausnitzii_A2-165|accession|NZ_GG697157.2	3.1676446933825784e-05	0.0004980434841064503	426.0	0.0004933670194669532	4.6764646394971865e-06	2.922978351345475e-05	0.0005976730580020236	511.21785714285693	0.0005775433829779026	5.494845951409194e-05
ti|445970|org|Alistipes_putredinis_DSM_17216|accession|NZ_DS499570.1	2.9893593745465317e-05	2.455143935736023e-05	21.0	2.455143935736023e-05	0.0	2.9893593745465317e-05	2.455143935736023e-05	21.0	2.455143935736023e-05	0.0
ti|40520|org|Blautia_obeum|accession|NZ_CYZA01000001.1	2.933584030906006e-05	5.3779343354217645e-05	46.0	5.3779343354217645e-05	0.0	3.30248417106173e-05	6.109745379304986e-05	52.25952380952382	5.3779343354217645e-05	1.753674239811445e-05
ti|1650661|org|Clostridium_phoceensis|accession|NZ_LN866274.1	2.782255250585581e-05	0.00020459532797800192	175.0	0.00020108797949837902	3.50734847962289e-06	1.998401893539888e-05	0.0001476204004534612	126.26666666666667	8.417636351094936e-05	0.0001438012876645385
ti|585394|org|Roseburia_hominis_A2-183|accession|NC_015977.1	2.43474503286828e-05	0.00032852164092467734	281.0	0.0003179995954858087	1.052204543886867e-05	4.739827344374179e-05	0.0003281105997066577	280.64841712729054	0.00014964686846390997	0.0005354552012224278
ti|537013|org|[Clostridium]_methylpentosum_DSM_5476|accession|NZ_EQ973339.1	2.2665566567448915e-05	0.00030630843388706574	262.0	0.00030630843388706574	0.0	1.884933091378177e-05	0.000264707383864872	226.41666666666669	0.000256036439012471	3.50734847962289e-05
ti|476272|org|Blautia_hydrogenotrophica_DSM_10507|accession|NZ_GG657680.1	2.0854550946038876e-05	9.002194431032084e-05	77.0	8.885282815044654e-05	1.1691161598742966e-06	2.0793099893078942e-05	9.718695620440759e-05	83.12857142857142	8.417636351094936e-05	2.3382323197485933e-05
ti|411479|org|Bacteroides_uniformis_ATCC_8492|accession|NZ_DS362218.1	2.0015496489941405e-05	1.753674239811445e-05	15.0	1.753674239811445e-05	0.0	5.929498126154125e-05	0.00010950721364155897	93.66666666666654	7.949989887145217e-05	0.00011924984830717826
ti|537011|org|Prevotella_copri_DSM_18205|accession|NZ_GG703876.1	1.9916799570265297e-05	3.0397020156731712e-05	26.0	3.0397020156731712e-05	0.0	2.546902375185122e-05	4.853223868430561e-05	41.51190476190475	3.9749949435726085e-05	5.144111103446905e-05
ti|511680|org|Butyrivibrio_crossotus_DSM_2876|accession|NZ_GG663520.1	1.917688804985922e-05	1.9874974717863043e-05	17.0	1.9874974717863043e-05	0.0	3.180570533139819e-05	6.866642431076028e-05	58.733620034935875	2.3382323197485933e-06	0.0003472274994826661
ti|1871021|org|Lachnoclostridium_phocaeense|accession|NZ_LT635479.1	1.8463651398629775e-05	0.00020225709565825333	173.0	0.00020108797949837902	1.1691161598742966e-06	3.176980054058116e-05	8.863685137524984e-05	75.81526491326582	3.2735252476480306e-05	0.00019290416637925896
ti|411903|org|Collinsella_aerofaciens_ATCC_25986|accession|NZ_AAVN02000024.1	1.5999392215468654e-05	1.5198510078365856e-05	13.0	1.5198510078365856e-05	0.0	1.8968642187702516e-05	2.2739309309555064e-05	19.449999999999996	1.8705858557988746e-05	1.5198510078365856e-05
ti|445970|org|Alistipes_putredinis_DSM_17216|accession|NZ_DS499576.1	1.5662350625478497e-05	1.402939391849156e-05	12.0	1.402939391849156e-05	0.0	4.646436917436585e-05	6.430138879308631e-05	55.0	0.00011106603518805818	0.0
ti|411483|org|Faecalibacterium_prausnitzii_A2-165|accession|NZ_GG697155.2	1.5081028224991799e-05	0.0022809456279147527	1951.0	0.002270423582475884	1.052204543886867e-05	4.9247442778770196e-05	0.0027584321528767463	2359.4166666666665	0.00260128345572031	0.0003156613631660601
ti|295405|org|Bacteroides_fragilis_YCH46|accession|NC_006347.1	1.4445601013456311e-05	0.00023382323197485933	200.0	0.00023382323197485933	0.0	0.00022968700767306453	0.0005386225831394109	460.70921062054566	0.00023148499965511073	0.002105578203933608
ti|622312|org|Roseburia_inulinivorans_DSM_16841|accession|NZ_ACFY01000061.1	1.1501017524396165e-05	4.910287871472046e-05	42.0	4.910287871472046e-05	0.0	1.1501017524396165e-05	4.793376255484616e-05	41.0	4.793376255484616e-05	0.0
ti|484018|org|Bacteroides_plebeius_DSM_17135|accession|NZ_DS990127.1	1.1419739488560647e-05	2.455143935736023e-05	21.0	2.455143935736023e-05	0.0	8.153567878291736e-05	0.00013224683259097902	113.11693151619613	2.104409087773734e-05	0.0004173744690751239
ti|745368|org|Gemmiger_formicilis|accession|NZ_FUYF01000006.1	1.1337698602664053e-05	0.0003144922470061858	269.0	0.0003144922470061858	0.0	2.0104763344691472e-05	0.0003231767160866007	276.4282345745257	0.00029344815612844847	0.00022914676733536214
ti|745368|org|Gemmiger_formicilis|accession|NZ_FUYF01000005.1	1.1231504768052788e-05	0.00011106603518805818	95.0	0.00010755868670843529	3.50734847962289e-06	1.7340484407829587e-05	0.00019111391138918227	163.4687107650029	0.00015549244926328147	0.00022330118653599067
ti|1221996|org|Quasibacillus_thermotolerans|accession|NZ_JWJE02000014.1	1.112320225052753e-05	2.455143935736023e-05	21.0	2.3382323197485933e-05	1.1691161598742966e-06	2.5028901510481824e-06	4.6764646394971865e-06	4.0	0.0	1.2860277758617263e-05
ti|999419|org|Parabacteroides_johnsonii_CL02T12C29|accession|NZ_JH976467.1	9.244576451315303e-06	0.0007377122968806811	631.0	0.0007365431807208069	1.1691161598742966e-06	9.488496725190529e-06	0.0005147284418737994	440.2714285714287	0.0005249331557835592	6.663962111283491e-05
ti|445970|org|Alistipes_putredinis_DSM_17216|accession|NZ_DS499575.1	8.541026784418664e-06	7.01469695924578e-06	6.0	7.01469695924578e-06	0.0	1.56680348057242e-05	1.8511005864676366e-05	15.833333333333336	2.104409087773734e-05	1.1691161598742966e-05
ti|246787|org|Bacteroides_cellulosilyticus|accession|NZ_CP012801.1	8.030227653641353e-06	0.00034372015100304324	294.0	0.00034372015100304324	0.0	4.642853344869061e-05	0.0003655443705623977	312.6672807274352	0.0003144922470061858	0.00047933762554846164
ti|411903|org|Collinsella_aerofaciens_ATCC_25986|accession|NZ_AAVN02000025.1	7.0134714201586475e-06	5.845580799371483e-06	5.0	5.845580799371483e-06	0.0	2.181056513298115e-05	3.121818507854815e-05	26.702380952380924	1.1691161598742966e-05	0.00011223515134793248
ti|411903|org|Collinsella_aerofaciens_ATCC_25986|accession|NZ_AAVN02000022.1	5.207728767579372e-06	5.845580799371483e-06	5.0	5.845580799371483e-06	0.0	3.150348494625368e-05	4.361545572305656e-05	37.30634920634926	8.183813119120076e-06	0.00025369820669272235
ti|1150298|org|Fusicatenibacter_saccharivorans|accession|NZ_CYYV01000010.1	5.161012977279351e-06	2.3382323197485933e-05	20.0	2.3382323197485933e-05	0.0	5.675930963837854e-06	2.2391358071497247e-05	19.152380952380955	1.9874974717863043e-05	1.753674239811445e-05
ti|622312|org|Roseburia_inulinivorans_DSM_16841|accession|NZ_ACFY01000080.1	4.926774228213181e-06	1.8705858557988746e-05	16.0	1.8705858557988746e-05	0.0	4.926774228213181e-06	1.8705858557988746e-05	16.0	1.8705858557988746e-05	0.0
ti|1123313|org|Faecalicoccus_pleomorphus_DSM_20574|accession|NZ_ATUT01000003.1	4.886830180560421e-06	5.845580799371483e-06	5.0	5.845580799371483e-06	0.0	8.750197886784564e-06	2.706742888948723e-05	23.152044098336233	7.01469695924578e-06	0.00019173505021938465
ti|763034|org|Bacteroides_fluxus_YIT_12057|accession|NZ_GL882607.1	4.697794322613396e-06	7.13160857523321e-05	61.0	7.13160857523321e-05	0.0	5.561811993192617e-06	6.313227263321202e-05	54.0	6.313227263321202e-05	0.0
ti|411903|org|Collinsella_aerofaciens_ATCC_25986|accession|NZ_AAVN02000023.1	4.281729083680393e-06	3.50734847962289e-06	3.0	3.50734847962289e-06	0.0	1.3370817948208274e-05	2.6005875532441942e-05	22.244047619047617	1.1691161598742966e-05	8.885282815044654e-05
ti|1550024|org|Ruthenibacterium_lactatiformans|accession|NZ_JXXK01000016.1	3.1891536026135563e-06	8.885282815044654e-05	76.0	8.885282815044654e-05	0.0	0.00010001090236821868	0.00031844218946061825	272.37857142857143	0.00016367626238240153	0.00036710247420052917
ti|796942|org|Stomatobaculum_longum|accession|NZ_JH590861.1	3.0508020705242314e-06	0.0001426321715046642	122.0	0.0001426321715046642	0.0	3.1544106368317214e-06	0.0001415553080164857	121.078908045977	0.0001414630553447899	4.6764646394971865e-06
ti|745368|org|Gemmiger_formicilis|accession|NZ_FUYF01000007.1	2.561957560369259e-06	0.0001028822220689381	88.0	0.0001028822220689381	0.0	4.375299321714427e-06	0.0004076318344095048	348.6666666666667	0.00041386712059550103	1.1691161598742966e-05
ti|28116|org|Bacteroides_ovatus|accession|NZ_CP012938.1	2.5616862004431192e-06	4.208818175547468e-05	36.0	4.208818175547468e-05	0.0	0.00016405215077278408	0.00033836175209208736	289.41670956671067	5.7286691833840535e-05	0.0008218886603916305
ti|547042|org|Bacteroides_coprophilus_DSM_18228_=_JCM_13818|accession|NZ_EQ973646.1	2.554416336183019e-06	7.01469695924578e-06	6.0	7.01469695924578e-06	0.0	0.00032412380294301904	0.0004381676133023776	374.78535353534875	6.313227263321202e-05	0.0011761308568335423
ti|411474|org|Coprococcus_eutactus_ATCC_27759|accession|NZ_DS483527.1	1.970577162994975e-06	0.00011574249982755537	99.0	0.00011574249982755537	0.0	1.9708619126290164e-06	0.00011983440638711541	102.5	0.00012041896446705255	0.0
ti|1121101|org|Bacteroides_salyersiae_WAL_10018_=_DSM_18765_=_JCM_12988|accession|NZ_KB905467.1	1.7578766128521052e-06	0.00010638957054856099	91.0	0.00010638957054856099	0.0	3.837261636892969e-06	0.00012933491714617969	110.62623337623336	0.0001356174745454184	2.104409087773734e-05
ti|796942|org|Stomatobaculum_longum|accession|NZ_JH590864.1	1.5435763674081196e-06	8.183813119120076e-06	7.0	8.183813119120076e-06	0.0	5.0346421862556e-06	7.084688723943588e-06	6.059867245958976	0.0	8.651459583069795e-05
ti|411474|org|Coprococcus_eutactus_ATCC_27759|accession|NZ_DS483539.1	1.4321577191346544e-06	5.845580799371483e-06	5.0	5.845580799371483e-06	0.0	4.022037711504573e-05	7.15276401050713e-05	61.18095238095243	0.00011808073214730396	4.910287871472046e-05
ti|1852370|org|Prevotellamassilia_timonensis|accession|NZ_LT629844.1	1.429516581245197e-06	3.6242600956103195e-05	31.0	3.6242600956103195e-05	0.0	1.9578357136565436e-05	3.498543266528038e-05	29.924684873949577	3.50734847962289e-05	3.741171711597749e-05
ti|1236518|org|Prevotella_scopos_JCM_17725|accession|NZ_CP016205.1	1.4215923423325503e-06	2.2213207037611636e-05	19.0	2.104409087773734e-05	1.1691161598742966e-06	4.1589197302565115e-06	1.0220079589380207e-05	8.741714416537592	3.50734847962289e-06	5.0271994874594755e-05
ti|1002367|org|Prevotella_stercorea_DSM_18206|accession|NZ_JH379392.1	1.4215912167525136e-06	3.50734847962289e-06	3.0	2.3382323197485933e-06	1.1691161598742966e-06	2.270179572998635e-06	2.6941262776814622e-06	2.3044128292360058	0.0	3.741171711597749e-05
ti|411479|org|Bacteroides_uniformis_ATCC_8492|accession|NZ_DS362224.1	1.4146386486161421e-06	1.1691161598742966e-06	1.0	1.1691161598742966e-06	0.0	7.26384663621787e-05	0.00012723880873298594	108.83333333333331	0.00016835272702189871	0.0001040513382288124
ti|36847|org|Anaerotignum_neopropionicum|accession|NZ_LRVM01000002.1	1.2317451936328746e-06	4.793376255484616e-05	41.0	4.793376255484616e-05	0.0	8.743072090074603e-06	0.0001334179587859089	114.1186507936508	9.820575742944092e-05	8.183813119120076e-05
ti|1410653|org|Clostridium_lundense_DSM_17049|accession|NZ_JHVC01000015.1	1.2214151156973592e-06	5.845580799371483e-06	5.0	5.845580799371483e-06	0.0	3.7836226528950335e-06	9.998305017753266e-06	8.552020202020202	1.1691161598742966e-06	2.6889671677108822e-05
ti|511680|org|Butyrivibrio_crossotus_DSM_2876|accession|NZ_GG663521.1	9.257016614998867e-07	2.3382323197485933e-05	20.0	2.3382323197485933e-05	0.0	9.263376951579161e-07	2.3382323197485933e-05	20.0	2.3382323197485933e-05	0.0
ti|717959|org|Alistipes_shahii_WAL_8301|accession|NC_021030.1	7.386137404134952e-07	0.00013094100990592122	112.0	0.00012977189374604694	1.1691161598742966e-06	0.00023146199243242012	0.00042840158257237936	366.432008448537	0.00033202898940430024	0.001190160250752034
ti|1121101|org|Bacteroides_salyersiae_WAL_10018_=_DSM_18765_=_JCM_12988|accession|NZ_KB905466.1	6.681826155758964e-07	0.00010755868670843529	92.0	0.00010755868670843529	0.0	8.837570008689146e-06	0.0001448767391127626	123.91988416988416	0.00013327924222566982	4.091906559560038e-05
ti|1499680|org|Bacillus_rubiinfantis|accession|NZ_CCFE01000031.1	6.494884087413828e-07	1.1691161598742966e-06	1.0	1.1691161598742966e-06	0.0	2.42108711875422e-06	7.014696959245779e-06	5.999999999999999	0.0	1.9874974717863043e-05
ti|1121094|org|Bacteroides_barnesiae_DSM_18169_=_JCM_13652|accession|NZ_KB894650.1	5.725507817981779e-07	4.6764646394971865e-05	40.0	4.6764646394971865e-05	0.0	3.0852280839280157e-06	0.0001886174071263865	161.33333333333331	0.0002081026764576248	7.01469695924578e-06
ti|999419|org|Parabacteroides_johnsonii_CL02T12C29|accession|NZ_JH976465.1	4.92999223051827e-07	9.352929278994373e-05	80.0	9.352929278994373e-05	0.0	6.136227061607706e-06	9.070114512700972e-05	77.58095238095238	7.599255039182928e-05	6.196315647333772e-05
ti|1211819|org|Holdemania_massiliensis_AP2|accession|NZ_HE998569.1	4.925571978007147e-07	8.768371199057225e-05	75.0	8.768371199057225e-05	0.0	8.43503253195359e-06	0.00024249417682726038	207.41666666666669	0.00023616146429460792	3.858083327585179e-05
ti|1236513|org|Bacteroides_faecichinchillae_JCM_17102|accession|NZ_BAKK01000003.1	3.6748914281077393e-07	4.208818175547468e-05	36.0	4.208818175547468e-05	0.0	3.6971913531737567e-07	4.618008831503472e-05	39.5	4.559553023509757e-05	1.1691161598742966e-06
ti|746697|org|Aequorivita_sublithincola_DSM_14238|accession|NC_018013.1	3.479143037347426e-07	2.3382323197485933e-06	2.0	2.3382323197485933e-06	0.0	2.7289903885636762e-08	8.672015471595058e-08	0.07417582417582418	0.0	2.3382323197485933e-06
ti|470146|org|Coprococcus_comes_ATCC_27758|accession|NZ_GG662007.1	2.503629860422426e-07	1.2860277758617263e-05	11.0	1.2860277758617263e-05	0.0	2.226058884069593e-05	6.41836654340078e-05	54.89930567798227	2.6889671677108822e-05	0.0002431761612538537
ti|1720313|org|Bittarella_massiliensis|accession|NZ_LN908976.1	2.4260514923979927e-07	1.6367626238240153e-05	14.0	1.6367626238240153e-05	0.0	1.050933796126608e-05	8.55686745740724e-05	73.1909090909091	2.2213207037611636e-05	0.0001414630553447899
ti|1236513|org|Bacteroides_faecichinchillae_JCM_17102|accession|NZ_BAKK01000002.1	2.0164913930654502e-07	0.00012041896446705255	103.0	0.00012041896446705255	0.0	2.0165550322423772e-07	0.00011457338366768107	98.0	0.00011457338366768107	0.0
ti|435591|org|Parabacteroides_distasonis_ATCC_8503|accession|NC_009615.1	1.4544934186691807e-07	2.5720555517234526e-05	22.0	2.5720555517234526e-05	0.0	7.244181058701733e-05	0.00012452339727118258	106.5107142857142	3.6242600956103195e-05	0.0002408379289341051
ti|1870991|org|Massilioclostridium_coli|accession|NZ_FMIZ01000005.1	9.895843219257991e-08	1.1691161598742966e-06	1.0	1.1691161598742966e-06	0.0	1.46429793679522e-05	2.6743996092108595e-05	22.87539682539681	0.0	9.352929278994373e-05
ti|537013|org|[Clostridium]_methylpentosum_DSM_5476|accession|NZ_EQ973341.1	6.416806182751277e-08	4.6764646394971865e-06	4.0	4.6764646394971865e-06	0.0	2.494106195745553e-07	2.727937706373359e-06	2.3333333333333335	2.3382323197485933e-06	3.50734847962289e-06
ti|649756|org|Anaerostipes_hadrus|accession|NZ_CP012098.1	4.2828099411701826e-08	2.455143935736023e-05	21.0	2.455143935736023e-05	0.0	3.5298775789349976e-05	0.00013380142471455887	114.44664722532377	0.00010755868670843529	0.00016367626238240153
ti|536231|org|Roseburia_intestinalis_L1-82|accession|NZ_GG692727.1	4.066615255030374e-08	2.3382323197485933e-06	2.0	2.3382323197485933e-06	0.0	1.931252626228492e-06	2.3025093259746565e-06	1.9694444444444443	1.1691161598742966e-06	8.183813119120076e-06
ti|999419|org|Parabacteroides_johnsonii_CL02T12C29|accession|NZ_JH976466.1	3.9689042842962986e-08	0.00012509542910654975	107.0	0.00012509542910654975	0.0	3.840747575122107e-06	0.00017348099296127408	148.3864468864469	0.00016601449470215012	2.104409087773734e-05
ti|888832|org|Prevotella_salivae_DSM_15606|accession|NZ_GL629649.1	2.2139988263372455e-08	8.183813119120076e-06	7.0	8.183813119120076e-06	0.0	3.2526117594304405e-06	1.3282906979644303e-05	11.361494636317815	4.6764646394971865e-06	5.494845951409194e-05
ti|997884|org|Bacteroides_nordii_CL02T12C05|accession|NZ_JH724314.1	2.151037992860488e-08	3.9749949435726085e-05	34.0	3.9749949435726085e-05	0.0	6.149284111650566e-05	0.00011880337612365695	101.6181113572416	4.910287871472046e-05	0.0002384996966143565
ti|622312|org|Roseburia_inulinivorans_DSM_16841|accession|NZ_ACFY01000094.1	1.8453318413830184e-08	1.5198510078365856e-05	13.0	1.5198510078365856e-05	0.0	2.6851813949997533e-07	1.4393118946008006e-05	12.31111111111111	1.5198510078365856e-05	2.3382323197485933e-06
ti|449673|org|Bacteroides_stercoris_ATCC_43183|accession|NZ_DS499664.1	1.6717210365968027e-08	1.1691161598742966e-06	1.0	1.1691161598742966e-06	0.0	3.1473511382412065e-05	4.4840526203645514e-05	38.35420956670958	1.052204543886867e-05	0.0001052204543886867
ti|745368|org|Gemmiger_formicilis|accession|NZ_FUYF01000002.1	1.1041191777920387e-08	6.313227263321202e-05	54.0	6.313227263321202e-05	0.0	1.2252589956997548e-07	0.00013678659070529272	117.0	0.000137955706865167	3.50734847962289e-06
ti|700015|org|Coriobacterium_glomerans_PW2|accession|NC_015389.1	1.0745251557939253e-08	5.845580799371483e-06	5.0	5.845580799371483e-06	0.0	9.71106541788669e-07	3.1797390062515206e-06	2.7197802197802194	2.3382323197485933e-06	7.01469695924578e-06
ti|1121129|org|Butyricimonas_synergistica_DSM_23225|accession|NZ_KB903359.1	1.0435008912231659e-08	5.261022719434335e-05	45.0	5.261022719434335e-05	0.0	1.1079338294012256e-08	5.533816490071671e-05	47.333333333333336	5.494845951409194e-05	1.1691161598742966e-06
ti|1236513|org|Bacteroides_faecichinchillae_JCM_17102|accession|NZ_BAKK01000044.1	7.95567557765291e-09	1.9874974717863043e-05	17.0	1.9874974717863043e-05	0.0	7.955681300535898e-09	2.3382323197485933e-05	20.0	2.3382323197485933e-05	0.0
ti|1236516|org|Prevotella_saccharolytica_JCM_17484|accession|NZ_BAKN01000055.1	6.970629348998622e-09	3.50734847962289e-06	3.0	3.50734847962289e-06	0.0	7.97441932503537e-07	2.009234181789178e-06	1.7185924296908281	1.1691161598742966e-06	1.5198510078365856e-05
ti|997352|org|Prevotella_nigrescens_ATCC_33563|accession|NZ_GL982466.1	5.537897495272444e-09	2.3382323197485933e-06	2.0	2.3382323197485933e-06	0.0	7.876014413386146e-07	4.027982553453604e-07	0.34453227931488795	0.0	1.1691161598742966e-05
ti|555088|org|Dethiobacter_alkaliphilus_AHT_1|accession|NZ_ACJM01000031.1	5.48806594705582e-09	1.1691161598742966e-06	1.0	1.1691161598742966e-06	0.0	4.3683004308501266e-09	5.845580799371483e-07	0.5	0.0	1.1691161598742966e-06
ti|566550|org|Hungatella_hathewayi_DSM_13479|accession|NZ_GG667646.1	4.923718115604093e-09	0.00016952184318177302	145.0	0.00016952184318177302	0.0	4.383501550490864e-06	0.0001787496022867923	152.89293606720094	0.0001356174745454184	0.0001017131059090638
ti|511680|org|Butyrivibrio_crossotus_DSM_2876|accession|NZ_GG663519.1	4.882890746526443e-09	3.39043686363546e-05	29.0	3.39043686363546e-05	0.0	4.882890747483376e-09	3.39043686363546e-05	29.0	3.39043686363546e-05	0.0
ti|1236497|org|Prevotella_oulorum_JCM_14966|accession|NZ_BAJQ01000092.1	4.411996237093926e-09	2.3382323197485933e-06	2.0	2.3382323197485933e-06	0.0	4.083585844993569e-06	1.2212553146232693e-05	10.445970695970695	4.6764646394971865e-06	3.2735252476480306e-05
ti|1203606|org|Butyricicoccus_pullicaecorum_1.2|accession|NZ_KB976103.1	3.7044952737379146e-09	0.0004512788377114785	386.0	0.0004512788377114785	0.0	7.056181507692406e-07	0.0002697367264097864	230.71849972443158	0.0002805878783698312	0.00026889671677108825
ti|1297617|org|Intestinimonas_butyriciproducens|accession|NZ_CP011307.1	2.830390469362246e-09	1.402939391849156e-05	12.0	1.402939391849156e-05	0.0	1.2816381267456166e-06	4.714907187930643e-05	40.32881718474911	2.5720555517234526e-05	9.002194431032084e-05
ti|40518|org|Ruminococcus_bromii|accession|NZ_FMUV01000023.1	1.8675264164859037e-09	5.494845951409194e-05	47.0	5.494845951409194e-05	0.0	1.8675264164859037e-09	5.494845951409194e-05	47.0	5.494845951409194e-05	0.0
ti|411483|org|Faecalibacterium_prausnitzii_A2-165|accession|NZ_GG697158.2	1.5403364757281787e-09	0.000666396211128349	570.0	0.000666396211128349	0.0	2.3513841177487864e-06	0.0007527159542657356	643.8333333333342	0.0007201755544825667	7.833078271157787e-05
ti|1917878|org|Prevotella_ihumii|accession|NZ_LT706987.1	1.4786055702592327e-09	4.6764646394971865e-06	4.0	4.6764646394971865e-06	0.0	1.3861320361940677e-05	2.8936172407709164e-05	24.75046826041681	5.845580799371483e-06	0.00033670545404379743
ti|40518|org|Ruminococcus_bromii|accession|NZ_FMUV01000029.1	1.3301729910930363e-09	0.00010054398974918951	86.0	0.00010054398974918951	0.0	1.3319073281775192e-09	0.00010580501246862385	90.5	0.0001052204543886867	1.1691161598742966e-06
ti|221027|org|Treponema_putidum|accession|NZ_CP009228.1	1.2512582975533567e-09	1.1691161598742966e-05	10.0	1.1691161598742966e-05	0.0	1.073839018117884e-07	6.040433492683866e-06	5.166666666666667	1.1691161598742966e-06	7.01469695924578e-06
ti|428125|org|[Clostridium]_leptum_DSM_753|accession|NZ_DS480348.1	1.1616972818039824e-09	4.6764646394971865e-06	4.0	4.6764646394971865e-06	0.0	9.96604876757781e-06	2.2213207037611636e-05	19.0	3.2735252476480306e-05	7.01469695924578e-06
ti|1903261|org|Mailhella_massiliensis|accession|NZ_LT706952.1	1.1615623594309593e-09	1.1691161598742966e-06	1.0	1.1691161598742966e-06	0.0	5.5158032386183424e-08	1.3867438433141009e-06	1.1861471861471862	1.1691161598742966e-06	7.01469695924578e-06
ti|40518|org|Ruminococcus_bromii|accession|NZ_FMUV01000051.1	1.0887938121571236e-09	1.052204543886867e-05	9.0	1.052204543886867e-05	0.0	1.0887938121571236e-09	1.052204543886867e-05	9.0	1.052204543886867e-05	0.0
ti|555088|org|Dethiobacter_alkaliphilus_AHT_1|accession|NZ_ACJM01000032.1	7.62684837941673e-10	1.1691161598742966e-06	1.0	1.1691161598742966e-06	0.0	1.166595884886142e-09	1.1691161598742966e-06	1.0	0.0	1.1691161598742966e-06
ti|1256908|org|Eubacterium_ramulus_ATCC_29099|accession|NZ_KI271189.1	7.443989727100136e-10	1.1691161598742966e-06	1.0	1.1691161598742966e-06	0.0	4.3487248464691447e-07	3.7022011729352725e-06	3.1666666666666665	2.3382323197485933e-06	4.6764646394971865e-06
ti|1437610|org|Bifidobacterium_reuteri_DSM_23975|accession|NZ_JGZK01000013.1	7.442041217589011e-10	1.1691161598742966e-06	1.0	1.1691161598742966e-06	0.0	2.9107729431848848e-06	2.2891202430719585e-06	1.9579921325508705	0.0	4.793376255484616e-05
ti|40518|org|Ruminococcus_bromii|accession|NZ_FMUV01000039.1	4.775371674098745e-10	8.183813119120076e-06	7.0	8.183813119120076e-06	0.0	4.775371674098745e-10	8.183813119120076e-06	7.0	8.183813119120076e-06	0.0
ti|1204719|org|Phocaeicola_abscessus_CCUG_55929|accession|NZ_HE997189.1	4.762234921623946e-10	1.1691161598742966e-06	1.0	1.1691161598742966e-06	0.0	3.381035159711326e-08	1.558821546499062e-06	1.3333333333333333	1.1691161598742966e-06	1.1691161598742966e-06
ti|264731|org|Prevotella_ruminicola_23|accession|NC_014033.1	3.9899566285329233e-10	8.183813119120076e-06	7.0	8.183813119120076e-06	0.0	4.659361233509843e-07	1.6746132513252143e-05	14.32375420681268	1.402939391849156e-05	1.6367626238240153e-05
ti|518635|org|Bifidobacterium_angulatum_DSM_20098_=_JCM_7096|accession|NZ_AP012322.1	3.8551440866260445e-10	2.3382323197485933e-06	2.0	2.3382323197485933e-06	0.0	6.633683004709204e-05	0.00010430948290086163	89.22080327080329	0.00013211012606579553	5.261022719434335e-05
ti|40518|org|Ruminococcus_bromii|accession|NZ_FMUV01000040.1	3.3102075633187785e-10	1.5198510078365856e-05	13.0	1.5198510078365856e-05	0.0	3.3099633849240055e-10	1.402939391849156e-05	12.0	1.2860277758617263e-05	1.1691161598742966e-06
ti|40518|org|Ruminococcus_bromii|accession|NZ_FMUV01000002.1	2.798526035316227e-10	6.89778534325835e-05	59.0	6.89778534325835e-05	0.0	2.798526035316227e-10	6.89778534325835e-05	59.0	6.89778534325835e-05	0.0
ti|258533|org|Mycolicibacterium_cosmeticum|accession|NZ_CCBB010000001.1	2.4144739671975265e-10	1.1691161598742966e-06	1.0	1.1691161598742966e-06	0.0	2.350927486268165e-10	5.845580799371483e-07	0.5	0.0	1.1691161598742966e-06
