Total Number of Aligned Reads:	903831	Total Number of Mapped Genomes:	8112
Genome	Final Guess	Final Best Hit	Final Best Hit Read Numbers	Final High Confidence Hits	Final Low Confidence Hits	Initial Guess	Initial Best Hit	Initial Best Hit Read Numbers	Initial High Confidence Hits	Initial Low Confidence Hits
ti|537011|org|Prevotella_copri_DSM_18205|accession|NZ_GG703852.1	0.15011770932778185	0.14103521565425395	127472.0	0.1402308617429586	0.0008043539112953639	0.14891525368393752	0.1357735559075982	122716.34880952041	0.13490021917814282	0.0036632954612090094
ti|435590|org|Bacteroides_vulgatus_ATCC_8482|accession|NC_009614.1	0.13660671667823096	0.16322520471194282	147528.0	0.1632196727042998	5.53200764302176e-06	0.13362556233393222	0.15802172298767256	142824.93190967108	0.15750068320294391	0.0043890948639734645
ti|537011|org|Prevotella_copri_DSM_18205|accession|NZ_GG703853.1	0.08462626719692361	0.07859212618288153	71034.0	0.07851135887129342	8.076731158811769e-05	0.0843803453777467	0.07761384990272209	70149.80357142721	0.07736623328918792	0.0015489621400460926
ti|537011|org|Prevotella_copri_DSM_18205|accession|NZ_GG703854.1	0.07877969318253311	0.07546986106916005	68212.0	0.07500185322256041	0.00046800784659964086	0.07762248180079927	0.07142263051814723	64553.98756384753	0.06990687418333737	0.005954653026948622
ti|515619|org|[Eubacterium]_rectale_ATCC_33656|accession|NC_012781.1	0.059416454935475836	0.056478478830666354	51047.0	0.05647737242913775	1.106401528604352e-06	0.05827782596715049	0.05410447367630538	48901.30054732877	0.053617324477695495	0.0014350027825998444
ti|537011|org|Prevotella_copri_DSM_18205|accession|NZ_GG703855.1	0.05087651059967622	0.04664367564290227	42158.0	0.046560695528256944	8.298011464532639e-05	0.05056292566506826	0.0477257627514124	43136.02387337182	0.04492432766745111	0.008107710401612692
ti|537011|org|Prevotella_copri_DSM_18205|accession|NZ_GG703856.1	0.03419771370962403	0.03066613116832682	27717.0	0.03061191749342521	5.4213674901613244e-05	0.034381728290020966	0.031234655593799864	28230.849999999726	0.030765707305901214	0.0010765286873320344
ti|367928|org|Bifidobacterium_adolescentis_ATCC_15703|accession|NC_008618.1	0.03221222509860127	0.03125252397848713	28247.0	0.031251417576958526	1.106401528604352e-06	0.0321187464481307	0.030981237317819176	28001.802706201823	0.030984774808564874	7.523530394509593e-05
ti|537011|org|Prevotella_copri_DSM_18205|accession|NZ_GG703857.1	0.03218538634630808	0.029456834297562264	26624.0	0.02941921664558972	3.7617651972547966e-05	0.0325053173287458	0.030555338226683486	27616.86190476156	0.029179127513882575	0.005675839841740325
ti|537011|org|Prevotella_copri_DSM_18205|accession|NZ_GG703858.1	0.02695516840927201	0.02433308881859551	21993.0	0.0243297696140097	3.319204585813056e-06	0.027063052725013477	0.024789393834741064	22405.42261904785	0.02451564507081523	0.0014615564192863488
ti|537011|org|Prevotella_copri_DSM_18205|accession|NZ_GG703859.1	0.026317465693100412	0.02456875234418824	22206.0	0.02456653954113103	2.212803057208704e-06	0.026318643013968253	0.024344632274543924	22003.43333333331	0.024320918401780862	5.3107273373008893e-05
ti|537011|org|Prevotella_copri_DSM_18205|accession|NZ_GG703860.1	0.019466775419005277	0.019821183384946966	17915.0	0.019739309671830244	8.187371311672204e-05	0.01939547822770822	0.01924757346387697	17396.553571429384	0.019215981748800383	0.0026808109038083446
ti|537011|org|Prevotella_copri_DSM_18205|accession|NZ_GG703861.1	0.019256680911348474	0.017891619119060974	16171.0	0.017869491088488888	2.212803057208704e-05	0.019293746546971365	0.018144063067837564	16399.166666666693	0.018115112227839052	0.00019251386597715723
ti|445970|org|Alistipes_putredinis_DSM_17216|accession|NZ_DS499577.1	0.01704643541350388	0.015764008979554805	14248.0	0.015764008979554805	0.0	0.01657184319917045	0.015030387054554303	13584.92976190487	0.015209701813724026	0.00047907186188568437
ti|537011|org|Prevotella_copri_DSM_18205|accession|NZ_GG703862.1	0.01609373017153348	0.01465650104942185	13247.0	0.01465650104942185	0.0	0.016170799233109313	0.01484722623292787	13419.38333333343	0.014733949156424155	0.00036400610291083176
ti|537011|org|Prevotella_copri_DSM_18205|accession|NZ_GG703863.1	0.01587723337484854	0.01429028214345381	12916.0	0.01428032452969637	9.957613757439167e-06	0.015885161666053676	0.014366531648800189	12984.916666666724	0.014238281271609405	0.00031421803412363594
ti|537011|org|Prevotella_copri_DSM_18205|accession|NZ_GG703864.1	0.012362071915097245	0.011279763584121368	10195.0	0.011276444379535554	3.319204585813056e-06	0.012772165715361255	0.012753448046689398	11526.961701487326	0.012641743865833326	0.0030414978021333634
ti|411479|org|Bacteroides_uniformis_ATCC_8492|accession|NZ_DS362248.1	0.011086620632630913	0.009965358568139397	9007.0	0.009965358568139397	0.0	0.011098596002795318	0.010002423019347725	9040.500000000073	0.009952081749796145	0.0001449386002471701
ti|411479|org|Bacteroides_uniformis_ATCC_8492|accession|NZ_DS362249.1	0.010224921188025041	0.009801611141905954	8859.0	0.009376752954921883	0.00042485818698407115	0.010757008540608409	0.01039665495830421	9396.819047619052	0.011124867370116759	0.0005299663322014845
ti|411479|org|Bacteroides_uniformis_ATCC_8492|accession|NZ_DS362220.1	0.009218165417316189	0.00850380214885305	7686.0	0.008502695747324445	1.106401528604352e-06	0.00913890728854847	0.008495098456828023	7678.133333333329	0.008388736389878197	0.00043592220227011466
ti|537011|org|Prevotella_copri_DSM_18205|accession|NZ_GG703865.1	0.009203601526991569	0.008118774416898735	7338.0	0.008114348810784317	4.425606114417408e-06	0.009432154521512755	0.008753244324910783	7911.4535714284375	0.00816634968262872	0.00257791556164814
ti|445970|org|Alistipes_putredinis_DSM_17216|accession|NZ_DS499579.1	0.009066761138257884	0.008108816803141294	7329.0	0.008108816803141294	0.0	0.00892497473210314	0.007985665092994847	7217.691666666627	0.007885323694363216	0.00041821977781244504
ti|411479|org|Bacteroides_uniformis_ATCC_8492|accession|NZ_DS362247.1	0.008163959971938247	0.00850933415649607	7691.0	0.008502695747324445	6.638409171626112e-06	0.00794178655005621	0.00807583154899737	7299.186904761843	0.007854344451562294	0.0006549897049337763
ti|411903|org|Collinsella_aerofaciens_ATCC_25986|accession|NZ_AAVN02000001.1	0.007219061294150622	0.006839774249832104	6182.0	0.00683645504524629	3.319204585813056e-06	0.0069443345957857835	0.006379040993283003	5765.57499999997	0.006273296667186675	0.0005697967872312413
ti|411479|org|Bacteroides_uniformis_ATCC_8492|accession|NZ_DS362244.1	0.0065514100874870685	0.005985632269749544	5410.0	0.005985632269749544	0.0	0.0065512774806579166	0.005976781057520709	5402.0	0.005976781057520709	0.0
ti|411479|org|Bacteroides_uniformis_ATCC_8492|accession|NZ_DS362246.1	0.006539430188908829	0.00608631480885254	5501.0	0.006085208407323936	1.106401528604352e-06	0.006174969717932859	0.005779012223330833	5223.25039682533	0.005536433249136177	0.0013077666068103439
ti|445970|org|Alistipes_putredinis_DSM_17216|accession|NZ_DS499580.1	0.006404761097383626	0.00641934166896245	5802.0	0.006411596858262219	7.744810700230463e-06	0.006145499681391707	0.005946657080663338	5374.7730158730255	0.005900439352047009	0.0006560961064623807
ti|411903|org|Collinsella_aerofaciens_ATCC_25986|accession|NZ_AAVN02000002.1	0.005770981931258007	0.005878311321474922	5313.0	0.005736691925813565	0.00014161939566135706	0.005470384165372924	0.005280087039730123	4772.306349206317	0.005110468660623501	0.0006549897049337763
ti|411479|org|Bacteroides_uniformis_ATCC_8492|accession|NZ_DS362243.1	0.005726864433602709	0.005301876125072055	4792.0	0.00530076972354345	1.106401528604352e-06	0.005733705014763523	0.005291102199263136	4782.2621918622	0.005290812109786011	0.00020136507820599204
ti|537011|org|Prevotella_copri_DSM_18205|accession|NZ_GG703866.1	0.005684747317507885	0.005294131314371824	4785.0	0.005290812109786011	3.319204585813056e-06	0.005993428895943687	0.006360017472714269	5748.38095238081	0.005902652155104217	0.0015091316850163361
ti|411479|org|Bacteroides_uniformis_ATCC_8492|accession|NZ_DS362240.1	0.0051137166469045845	0.004647992821666882	4201.0	0.004647992821666882	0.0	0.005118086207608748	0.004649773601270063	4202.609523809522	0.004641354412495256	3.872405350115232e-05
ti|411479|org|Bacteroides_uniformis_ATCC_8492|accession|NZ_DS362239.1	0.0049653133721798415	0.004503054221419713	4070.0	0.004503054221419713	0.0	0.004973985450449425	0.004546757081799584	4109.5	0.004594885548293874	0.0
ti|411479|org|Bacteroides_uniformis_ATCC_8492|accession|NZ_DS362242.1	0.004807328198202119	0.004697780890454078	4246.0	0.004697780890454078	0.0	0.004706015137323172	0.0045587365126360775	4120.327380952379	0.004499735016833899	0.00029872841272317503
ti|411479|org|Bacteroides_uniformis_ATCC_8492|accession|NZ_DS362241.1	0.004587500944725006	0.004406797288431134	3983.0	0.004406797288431134	0.0	0.004381173758050732	0.004054039601061183	3664.1666666667306	0.003887894971515693	0.0004912422787003323
ti|411479|org|Bacteroides_uniformis_ATCC_8492|accession|NZ_DS362245.1	0.004578759707939161	0.004390201265502068	3968.0	0.0043868820609162555	3.319204585813056e-06	0.005356356141286682	0.005813012874620265	5253.981239480909	0.004877017938087983	0.0034829520120464997
ti|411903|org|Collinsella_aerofaciens_ATCC_25986|accession|NZ_AAVN02000003.1	0.0042439834639261985	0.0038148724706278054	3448.0	0.003791638038527114	2.323443210069139e-05	0.004210697040997788	0.003845052206609848	3475.2773809523856	0.003760658795726192	0.0004834974680001018
ti|537011|org|Prevotella_copri_DSM_18205|accession|NZ_GG703867.1	0.003957408659240131	0.0036489122413371528	3298.0	0.0036444866352227353	4.425606114417408e-06	0.004288059649873866	0.004472973271288466	4042.811904761926	0.004425606114417407	0.0008076731158811769
ti|537011|org|Prevotella_copri_DSM_18205|accession|NZ_GG703868.1	0.003326645325894639	0.0032118836375384335	2903.0	0.0032085644329526205	3.319204585813056e-06	0.003341676783625299	0.003301749710817061	2984.223742877495	0.003184223599323325	0.00032860125399549253
ti|445970|org|Alistipes_putredinis_DSM_17216|accession|NZ_DS499581.1	0.0032110471842755834	0.00291094242175805	2631.0	0.00291094242175805	0.0	0.0031819536471355495	0.0028803135394411972	2603.3166666666766	0.0028545159437992277	0.00011727856203206131
ti|411903|org|Collinsella_aerofaciens_ATCC_25986|accession|NZ_AAVN02000004.1	0.0027488093199547745	0.0024982546515886265	2258.0	0.0024982546515886265	0.0	0.0027631835590418105	0.0025407957903634624	2296.4499999999985	0.0024938290454742094	0.00015047060789019187
ti|411903|org|Collinsella_aerofaciens_ATCC_25986|accession|NZ_AAVN02000005.1	0.0026423603634997237	0.002405316923185861	2174.0	0.002386508097199587	1.8808825986273983e-05	0.002701016210468111	0.002515770041502193	2273.8309523809685	0.002374337680384939	0.000537711142901715
ti|411479|org|Bacteroides_uniformis_ATCC_8492|accession|NZ_DS362234.1	0.0025903893844767987	0.002348890445227039	2123.0	0.002348890445227039	0.0	0.0025900953228694713	0.0023483372444627368	2122.5	0.002348890445227039	0.0
ti|411903|org|Collinsella_aerofaciens_ATCC_25986|accession|NZ_AAVN02000006.1	0.0025739732786478923	0.0023665928696847086	2139.0	0.002357741657455874	8.851212228834816e-06	0.002598630981440057	0.002399975901520999	2169.172619047626	0.002292463967268217	0.0005797544009886804
ti|537011|org|Prevotella_copri_DSM_18205|accession|NZ_GG703869.1	0.002518226725890074	0.002400891317071444	2170.0	0.0023964657109570263	4.425606114417408e-06	0.0026351306246086754	0.002757126266388512	2491.976190476195	0.0025480427203758223	0.0008497163739681423
ti|411479|org|Bacteroides_uniformis_ATCC_8492|accession|NZ_DS362238.1	0.002267786733585747	0.002427444953757948	2194.0	0.002427444953757948	0.0	0.002257188201099952	0.0025013736501835453	2260.819047619044	0.002424125749172135	0.00037285731513966657
ti|411903|org|Collinsella_aerofaciens_ATCC_25986|accession|NZ_AAVN02000007.1	0.0021858680779198465	0.0020778220707189728	1878.0	0.0020778220707189728	0.0	0.002126817937409683	0.00195857130405735	1770.217460317459	0.0017757744534099848	0.0007711618654372333
ti|411479|org|Bacteroides_uniformis_ATCC_8492|accession|NZ_DS362223.1	0.0021095758892900906	0.0019826715392589987	1792.0	0.0019826715392589987	0.0	0.002115123515260371	0.002018076388174338	1824.0	0.002089992487533621	5.53200764302176e-06
ti|411479|org|Bacteroides_uniformis_ATCC_8492|accession|NZ_DS362237.1	0.002065448278442683	0.0018819890001560025	1701.0	0.0018819890001560025	0.0	0.0020727617528938863	0.001902789348893769	1719.800000000004	0.0018842018032132113	0.00010178894063160038
ti|411479|org|Bacteroides_uniformis_ATCC_8492|accession|NZ_DS362236.1	0.0020248059353714467	0.0018034344916250935	1630.0	0.0018034344916250935	0.0	0.002053506034314642	0.0018565417649981026	1678.0	0.0018908402123848373	2.212803057208704e-06
ti|411479|org|Bacteroides_uniformis_ATCC_8492|accession|NZ_DS362233.1	0.0018634960624080404	0.001678411118892802	1517.0	0.001678411118892802	0.0	0.0018634957660080683	0.0016773047173641975	1516.0	0.0016773047173641975	0.0
ti|411903|org|Collinsella_aerofaciens_ATCC_25986|accession|NZ_AAVN02000008.1	0.001735343957231233	0.001537898124760049	1390.0	0.0015367917232314448	1.106401528604352e-06	0.0018303117146387415	0.0017135630760301726	1548.771428571427	0.001565558162975158	0.0007302250088788723
ti|411479|org|Bacteroides_uniformis_ATCC_8492|accession|NZ_DS362232.1	0.0016718289109939914	0.0014792588437440185	1337.0	0.0014792588437440185	0.0	0.001671787984047447	0.0014792588437440185	1337.0	0.0014792588437440185	0.0
ti|411479|org|Bacteroides_uniformis_ATCC_8492|accession|NZ_DS362235.1	0.0015933248413191135	0.0016208782394053756	1465.0	0.0016208782394053756	0.0	0.0015914185469408087	0.0016147930309980516	1459.5	0.001616452633290958	0.0
ti|411903|org|Collinsella_aerofaciens_ATCC_25986|accession|NZ_AAVN02000009.1	0.0014825064557835008	0.001270148954837796	1148.0	0.001270148954837796	0.0	0.001582429159343751	0.0014762974634620967	1334.3234126984103	0.001270148954837796	0.0009681013375288079
ti|411903|org|Collinsella_aerofaciens_ATCC_25986|accession|NZ_AAVN02000010.1	0.0011711250845850925	0.0010555070582885517	954.0	0.0010555070582885517	0.0	0.0011715458250406384	0.0010588262628743648	957.0	0.0010621454674601778	1.106401528604352e-06
ti|411903|org|Collinsella_aerofaciens_ATCC_25986|accession|NZ_AAVN02000011.1	0.0011162850619552485	0.0010267406185448386	928.0	0.0010267406185448386	0.0	0.001130233581460038	0.0010411238384166951	941.0	0.0010621454674601778	3.319204585813056e-06
ti|537011|org|Prevotella_copri_DSM_18205|accession|NZ_GG703872.1	0.0011114621180248248	0.0009957613757439166	900.0	0.000993548572686708	2.212803057208704e-06	0.0011135087100102002	0.0010411238384166951	941.0	0.001034485429245069	1.4383219871856574e-05
ti|537011|org|Prevotella_copri_DSM_18205|accession|NZ_GG703870.1	0.0010919788172153477	0.001377469903112418	1245.0	0.001377469903112418	0.0	0.0011017574697879352	0.001436109184128449	1298.0	0.001436109184128449	2.212803057208704e-06
ti|537011|org|Prevotella_copri_DSM_18205|accession|NZ_GG703871.1	0.0009571679673212564	0.0010245278154876298	926.0	0.0010223150124304213	2.212803057208704e-06	0.0010493875427247746	0.0012695377997077196	1147.447619047628	0.0011982328554785131	0.00042264538392686245
ti|411479|org|Bacteroides_uniformis_ATCC_8492|accession|NZ_DS362231.1	0.0009109428105494506	0.0008762700106546467	792.0	0.0008762700106546467	0.0	0.0009456271793416847	0.0009275069385864457	838.3095238095258	0.0008773764121832511	0.00017813064610530067
ti|1002367|org|Prevotella_stercorea_DSM_18206|accession|NZ_JH379375.1	0.0006941932641862657	0.0009515053145997427	860.0	0.0009515053145997427	0.0	0.0002627718452814666	0.00038340500971236185	346.5333333333337	0.00012723617578950047	0.0007855450853090899
ti|411903|org|Collinsella_aerofaciens_ATCC_25986|accession|NZ_AAVN02000012.1	0.0006385368919079779	0.000575328794874263	520.0	0.000575328794874263	0.0	0.0007145226976905362	0.0006951604223383966	628.3075396825353	0.0005808608025172847	0.0005222215215012541
ti|411903|org|Collinsella_aerofaciens_ATCC_25986|accession|NZ_AAVN02000013.1	0.0006297727139358001	0.0005631583780596151	509.0	0.0005631583780596151	0.0	0.0006704590349089371	0.000626936279508497	566.6444444444444	0.0005631583780596151	0.00023566352559272697
ti|411479|org|Bacteroides_uniformis_ATCC_8492|accession|NZ_DS362229.1	0.0006117145061497638	0.0005410303474875281	489.0	0.0005410303474875281	0.0	0.0006117145061497638	0.0005410303474875281	489.0	0.0005410303474875281	0.0
ti|537011|org|Prevotella_copri_DSM_18205|accession|NZ_GG703874.1	0.0005525199398987964	0.0005034126955149801	455.0	0.0005034126955149801	0.0	0.0005588521219135891	0.0005181647158963713	468.33333333333314	0.0005111575062152106	1.7702424457669632e-05
ti|411483|org|Faecalibacterium_prausnitzii_A2-165|accession|NZ_GG697149.2	0.0005392225151500776	0.004959998052733309	4483.0	0.004958891651204706	1.106401528604352e-06	0.0004570966061843358	0.004287845764108873	3875.4879248202865	0.00411360088335098	0.00043813500532732336
ti|411903|org|Collinsella_aerofaciens_ATCC_25986|accession|NZ_AAVN02000015.1	0.00047762891769398977	0.00043149659615569725	390.0	0.00043149659615569725	0.0	0.0004978082049128671	0.00046255486763723544	418.07142857143015	0.00043370939921290596	0.00015157700941879622
ti|537011|org|Prevotella_copri_DSM_18205|accession|NZ_GG703873.1	0.00047442144558606104	0.0005598391734738021	506.0	0.0005598391734738021	0.0	0.0005480420855550138	0.0008064929542506693	728.9333333333367	0.0007490338348651463	0.00015710901706181797
ti|411903|org|Collinsella_aerofaciens_ATCC_25986|accession|NZ_AAVN02000014.1	0.0004415458649636464	0.00039830455029756667	360.0	0.00039830455029756667	0.0	0.0004980364706664612	0.00047310256220992985	427.6047619047631	0.00040051735335477537	0.00033302686010990994
ti|484018|org|Bacteroides_plebeius_DSM_17135|accession|NZ_DS990134.1	0.0004361918603032684	0.0005686903857026369	514.0	0.0005686903857026369	0.0	0.0001964825094182292	0.00028257133989480936	255.39673670846543	6.417128865905241e-05	0.0013852147138126486
ti|411483|org|Faecalibacterium_prausnitzii_A2-165|accession|NZ_GG697156.2	0.00040162851894898384	0.0014128747520277575	1277.0	0.0014106619489705487	2.212803057208704e-06	0.00040156851369504477	0.0013798671064243942	1247.1666666666665	0.0013752571000552095	9.957613757439167e-06
ti|411903|org|Collinsella_aerofaciens_ATCC_25986|accession|NZ_AAVN02000016.1	0.0003971301522766125	0.00035294208762478825	319.0	0.00035294208762478825	0.0	0.0004346909665314715	0.0004019122095676267	363.2607142857176	0.00036068689832501874	0.0002644299653364401
ti|411479|org|Bacteroides_uniformis_ATCC_8492|accession|NZ_DS362225.1	0.00035464827581445433	0.00031200523106642724	282.0	0.00031200523106642724	0.0	0.000374450561880007	0.0003451972769245578	312.0	0.00037175091361106225	0.0
ti|411479|org|Bacteroides_uniformis_ATCC_8492|accession|NZ_DS362230.1	0.00031033702046557416	0.00033966526928153604	307.0	0.00033966526928153604	0.0	0.0002905333598767077	0.00030702642418770765	277.5	0.00033302686010990994	0.0
ti|411903|org|Collinsella_aerofaciens_ATCC_25986|accession|NZ_AAVN02000017.1	0.0002963446721650933	0.00028877079896573584	261.0	0.00028877079896573584	0.0	0.0003025679433760958	0.0003034674992706967	274.2833333333331	0.00028877079896573584	6.527769018765676e-05
ti|411479|org|Bacteroides_uniformis_ATCC_8492|accession|NZ_DS362228.1	0.0002459305180216524	0.00035294208762478825	319.0	0.00035294208762478825	0.0	0.0001855777331169436	0.0002537347505599314	229.33333333333337	0.00031864364023805335	4.646886420138278e-05
ti|745368|org|Gemmiger_formicilis|accession|NZ_FUYF01000012.1	0.0001656498485271358	0.001128529559176439	1020.0	0.001113039937775978	1.5489621400460927e-05	7.853542516257135e-05	0.0005868890580228674	530.4485242018662	0.00048681667258591486	0.00038392133042571013
ti|411483|org|Faecalibacterium_prausnitzii_A2-165|accession|NZ_GG697153.2	0.0001410614378886279	0.0012115096738217652	1095.0	0.0012115096738217652	0.0	0.00014112640252528864	0.0012598225405708215	1138.666666666666	0.0012435953181512915	3.983045502975667e-05
ti|411483|org|Faecalibacterium_prausnitzii_A2-165|accession|NZ_GG697154.2	0.00012479959607391056	0.0014659820254007663	1325.0	0.0014648756238721619	1.106401528604352e-06	0.0001333919593226543	0.0016035446154572404	1449.333333333333	0.0015865797920186406	5.9745682544635006e-05
ti|226186|org|Bacteroides_thetaiotaomicron_VPI-5482|accession|NC_004663.1	0.00011294821257539783	0.0002854515943799228	258.0	0.0002854515943799228	0.0	0.0004938552666336138	0.0007522909784781748	679.9439073689072	0.00031421803412363594	0.0015821541859042233
ti|537011|org|Prevotella_copri_DSM_18205|accession|NZ_GG703875.1	0.00010456809861030404	9.736333451718297e-05	88.0	9.736333451718297e-05	0.0	0.00015674089641883797	0.00024136149346503985	218.15000000000043	0.00015378981247600492	0.00022128030572087038
ti|411483|org|Faecalibacterium_prausnitzii_A2-165|accession|NZ_GG697151.2	9.75150600892041e-05	0.003505080042618587	3168.0	0.003505080042618587	0.0	0.0001015859864341566	0.003527547896517317	3188.3071428571434	0.003518356860961839	3.983045502975667e-05
ti|39482|org|Faecalicatena_contorta|accession|NZ_CYZU01000001.1	9.229048094374841e-05	0.00017591784304809197	159.0	0.00017591784304809197	0.0	0.00010032996251374502	0.00020957088954314115	189.4166666666668	0.00020689708584901382	7.412890241649158e-05
ti|411483|org|Faecalibacterium_prausnitzii_A2-165|accession|NZ_GG697152.2	9.125816489123317e-05	0.0027339181771813535	2471.0	0.002728386169538332	5.53200764302176e-06	9.737748067622257e-05	0.0024191021593743998	2186.459523809523	0.0024064233247144654	6.306488713044806e-05
ti|763034|org|Bacteroides_fluxus_YIT_12057|accession|NZ_GL882693.1	9.0850738985646e-05	8.961852381695251e-05	81.0	8.961852381695251e-05	0.0	0.00017824482904680198	0.00019804587362017977	179.0000000000007	9.293772840276556e-05	0.00031643083718084465
ti|1871018|org|Angelakisella_massiliensis|accession|NZ_LT629945.1	6.58271568883424e-05	0.00040604936099779715	367.0	0.00039498534571175364	1.106401528604352e-05	2.4488572783148094e-05	0.0001367696586584875	123.61665735495941	8.076731158811769e-05	0.00016485382776204843
ti|411483|org|Faecalibacterium_prausnitzii_A2-165|accession|NZ_GG697150.2	6.551413242693805e-05	0.004219815430096998	3814.0	0.0042187090285683935	1.106401528604352e-06	6.286482196683459e-05	0.004152568608617364	3753.220238095241	0.004119132890994002	9.183132687416121e-05
ti|1650663|org|Fournierella_massiliensis|accession|NZ_LN908964.1	5.846904705412251e-05	0.00020800348737761817	188.0	0.0002024714797345964	5.53200764302176e-06	4.4999992013416617e-05	0.00015718492676830768	142.0686095459263	0.00010732094827462214	0.00023123791947830954
ti|411471|org|Subdoligranulum_variabile_DSM_15176|accession|NZ_GG704769.1	5.519017005673857e-05	0.00039277254265454494	355.0	0.00038834693654012754	4.425606114417408e-06	2.3482145183362162e-05	0.0001652009431201159	149.31373362119746	0.00010842734980322649	0.0002555787531076053
ti|411903|org|Collinsella_aerofaciens_ATCC_25986|accession|NZ_AAVN02000018.1	5.3980199764229526e-05	4.757526572998713e-05	43.0	4.757526572998713e-05	0.0	5.7727285575902164e-05	5.5320076430217595e-05	50.0	4.9788068787195834e-05	1.217041681464787e-05
ti|537011|org|Prevotella_copri_DSM_18205|accession|NZ_GG703876.1	5.178244776351864e-05	6.527769018765676e-05	59.0	6.527769018765676e-05	0.0	5.918930545379399e-05	0.00010261874177805371	92.75000000000006	8.408651617393074e-05	0.00011174655438903954
ti|301302|org|Roseburia_faecis|accession|NZ_CYXV01000001.1	4.67532420197332e-05	0.00018255625221971807	165.0	0.00018144985069111372	1.106401528604352e-06	2.848766748523091e-05	8.591336820839912e-05	77.65116550116558	4.093685655836102e-05	0.00011949136508927001
ti|411903|org|Collinsella_aerofaciens_ATCC_25986|accession|NZ_AAVN02000019.1	4.610023497352991e-05	4.425606114417408e-05	40.0	4.425606114417408e-05	0.0	4.7921108917863285e-05	4.613694374280147e-05	41.699999999999996	4.425606114417408e-05	5.53200764302176e-06
ti|411903|org|Collinsella_aerofaciens_ATCC_25986|accession|NZ_AAVN02000020.1	4.608330022235448e-05	4.204325808696537e-05	38.0	4.204325808696537e-05	0.0	4.608330022235448e-05	4.204325808696537e-05	38.0	4.204325808696537e-05	0.0
ti|411903|org|Collinsella_aerofaciens_ATCC_25986|accession|NZ_AAVN02000021.1	4.3575757623413104e-05	4.204325808696537e-05	38.0	4.204325808696537e-05	0.0	4.4623586535840346e-05	4.425606114417408e-05	40.0	4.536246267277843e-05	0.0
ti|40520|org|Blautia_obeum|accession|NZ_CYZA01000015.1	4.106118216424801e-05	0.00011395935744624824	103.0	0.00011395935744624824	0.0	4.196347131463944e-05	0.00011694664157348001	105.70000000000002	0.00011617216050345695	4.425606114417408e-06
ti|411479|org|Bacteroides_uniformis_ATCC_8492|accession|NZ_DS362227.1	4.02101905261864e-05	4.646886420138278e-05	42.0	4.646886420138278e-05	0.0	4.948417807706297e-05	6.295424697758755e-05	56.89999999999993	4.868166725859148e-05	7.744810700230463e-05
ti|411483|org|Faecalibacterium_prausnitzii_A2-165|accession|NZ_GG697159.2	3.9306305648915804e-05	0.00024894034393597916	225.0	0.00024894034393597916	0.0	3.9306305648915804e-05	0.00024894034393597916	225.0	0.00024894034393597916	0.0
ti|411479|org|Bacteroides_uniformis_ATCC_8492|accession|NZ_DS362221.1	3.8591444193235474e-05	4.093685655836102e-05	37.0	4.093685655836102e-05	0.0	7.267450626988038e-05	9.79165352814851e-05	88.49999999999996	0.00013387458496112657	2.1021629043482685e-05
ti|411483|org|Faecalibacterium_prausnitzii_A2-165|accession|NZ_GG697157.2	2.52850993397497e-05	0.0003197500417666577	289.0	0.00031200523106642724	7.744810700230463e-06	2.15569039917657e-05	0.000375236078426166	339.15000000000003	0.00036068689832501874	3.6511250443943616e-05
ti|428125|org|[Clostridium]_leptum_DSM_753|accession|NZ_DS480350.1	2.47998998600198e-05	4.204325808696537e-05	38.0	4.093685655836102e-05	1.106401528604352e-06	2.746810648467709e-05	5.893605179019485e-05	53.2682306255836	3.872405350115232e-05	0.00010400174368880908
ti|445970|org|Alistipes_putredinis_DSM_17216|accession|NZ_DS499570.1	1.9201374013833635e-05	1.6596022929065278e-05	15.0	1.6596022929065278e-05	0.0	1.9201374013833635e-05	1.6596022929065278e-05	15.0	1.6596022929065278e-05	0.0
ti|295405|org|Bacteroides_fragilis_YCH46|accession|NC_006347.1	1.834673174997067e-05	0.0001725986384622789	156.0	0.0001725986384622789	0.0	0.00014872146999812808	0.0003164444164352536	286.0122733510917	0.00013940659260414833	0.0013453842587828918
ti|585394|org|Roseburia_hominis_A2-183|accession|NC_015977.1	1.551609419693375e-05	0.00022238670724947473	201.0	0.00021574829807784863	6.638409171626112e-06	3.5681075456785154e-05	0.0002116431985428113	191.28968378214768	9.183132687416121e-05	0.00036732530749664484
ti|1871021|org|Lachnoclostridium_phocaeense|accession|NZ_LT635479.1	1.4552761381471634e-05	0.00014161939566135706	128.0	0.00014161939566135706	0.0	2.1795740006248004e-05	5.3118206922069745e-05	48.00988208058122	2.434083362929574e-05	0.0001150657589748526
ti|1650661|org|Clostridium_phoceensis|accession|NZ_LN866274.1	1.1387619498040682e-05	9.293772840276556e-05	84.0	8.740572075974381e-05	5.53200764302176e-06	8.468904648764866e-06	8.234525091105579e-05	74.42619047619047	4.425606114417408e-05	8.740572075974381e-05
ti|40520|org|Blautia_obeum|accession|NZ_CYZA01000001.1	1.0947243781440752e-05	2.212803057208704e-05	20.0	2.212803057208704e-05	0.0	1.323870930390122e-05	2.341883235545878e-05	21.166666666666664	2.1021629043482685e-05	6.638409171626112e-06
ti|411483|org|Faecalibacterium_prausnitzii_A2-165|accession|NZ_GG697155.2	1.0250505289315499e-05	0.0015224085033595882	1376.0	0.0015224085033595882	0.0	3.2457485682664054e-05	0.0018102573010514867	1636.1666666666663	0.0017348375968516238	0.00016706663081925713
ti|1211819|org|Holdemania_massiliensis_AP2|accession|NZ_HE998569.1	9.424426302957173e-06	0.00015157700941879622	137.0	0.00014936420636158751	2.212803057208704e-06	8.369478219210151e-06	0.00013239938292298743	119.66666666666666	0.00012391697120368742	2.876643974371315e-05
ti|999419|org|Parabacteroides_johnsonii_CL02T12C29|accession|NZ_JH976467.1	9.195894959218376e-06	0.0004580502328422017	414.0	0.0004580502328422017	0.0	1.3142592219583247e-05	0.0003283088478772184	296.73571428571415	0.0003131116325950316	0.0001150657589748526
ti|411903|org|Collinsella_aerofaciens_ATCC_25986|accession|NZ_AAVN02000024.1	8.964710176025743e-06	1.106401528604352e-05	10.0	1.106401528604352e-05	0.0	1.1332744882984213e-05	1.410661948970548e-05	12.749999999999993	1.106401528604352e-05	1.4383219871856574e-05
ti|445970|org|Alistipes_putredinis_DSM_17216|accession|NZ_DS499575.1	8.960641206455696e-06	7.744810700230463e-06	7.0	7.744810700230463e-06	0.0	1.6661369255203107e-05	1.548962140046093e-05	14.000000000000004	1.6596022929065278e-05	6.638409171626112e-06
ti|484018|org|Bacteroides_plebeius_DSM_17135|accession|NZ_DS990127.1	8.473328287271924e-06	1.5489621400460927e-05	14.0	1.5489621400460927e-05	0.0	6.516942077246563e-05	9.874091115153219e-05	89.2450964670005	1.106401528604352e-05	0.00031421803412363594
ti|476272|org|Blautia_hydrogenotrophica_DSM_10507|accession|NZ_GG657680.1	7.94695375516543e-06	3.983045502975667e-05	36.0	3.983045502975667e-05	0.0	8.143754932958579e-06	4.940082825218433e-05	44.65000000000001	4.314965961556973e-05	1.4383219871856574e-05
ti|622312|org|Roseburia_inulinivorans_DSM_16841|accession|NZ_ACFY01000061.1	7.683940477533273e-06	3.2085644329526205e-05	29.0	3.2085644329526205e-05	0.0	7.683940477533273e-06	3.2085644329526205e-05	29.0	3.2085644329526205e-05	0.0
ti|411479|org|Bacteroides_uniformis_ATCC_8492|accession|NZ_DS362218.1	7.672876874306028e-06	1.106401528604352e-05	10.0	1.106401528604352e-05	0.0	4.7343777568032535e-05	8.371771566439595e-05	75.66666666666666	6.417128865905241e-05	7.634170547370028e-05
ti|745368|org|Gemmiger_formicilis|accession|NZ_FUYF01000006.1	7.436749264512304e-06	0.00021464189654924428	194.0	0.00021464189654924428	0.0	1.483275858117296e-05	0.00022157942093012044	200.2703495986917	0.00019804587362017898	0.00016596022929065278
ti|445970|org|Alistipes_putredinis_DSM_17216|accession|NZ_DS499578.1	6.914434369527936e-06	5.53200764302176e-06	5.0	5.53200764302176e-06	0.0	2.9193331967488844e-05	4.868166725859148e-05	44.0	6.417128865905241e-05	0.0
ti|763034|org|Bacteroides_fluxus_YIT_12057|accession|NZ_GL882607.1	6.647171373374945e-06	4.314965961556973e-05	39.0	4.314965961556973e-05	0.0	7.143359665943858e-06	2.6553636686504447e-05	24.0	2.6553636686504447e-05	0.0
ti|470146|org|Coprococcus_comes_ATCC_27758|accession|NZ_GG662012.1	6.557609529100247e-06	5.53200764302176e-06	5.0	5.53200764302176e-06	0.0	1.9957869807055082e-05	4.1766192830222445e-05	37.749579831932785	0.0	0.0002301315179497052
ti|1499680|org|Bacillus_rubiinfantis|accession|NZ_CCFE01000031.1	6.2882120715044586e-06	1.217041681464787e-05	11.0	1.217041681464787e-05	0.0	1.993198435488696e-06	3.780205222731536e-06	3.416666666666667	0.0	1.106401528604352e-05
ti|445970|org|Alistipes_putredinis_DSM_17216|accession|NZ_DS499576.1	5.119654834049359e-06	4.425606114417408e-06	4.0	4.425606114417408e-06	0.0	3.379343509801858e-05	4.093685655836102e-05	37.0	7.634170547370028e-05	0.0
ti|246787|org|Bacteroides_cellulosilyticus|accession|NZ_CP012801.1	3.86726356777055e-06	0.00017481144151948761	158.0	0.00017481144151948761	0.0	3.9382114220989346e-05	0.00020152014655389248	182.1401555799512	0.00016042822164763102	0.0004580502328422017
ti|411903|org|Collinsella_aerofaciens_ATCC_25986|accession|NZ_AAVN02000023.1	3.840277391742733e-06	4.425606114417408e-06	4.0	4.425606114417408e-06	0.0	9.81467568591937e-06	1.554889291092187e-05	14.053571428571423	4.425606114417408e-06	7.302250088788723e-05
ti|411474|org|Coprococcus_eutactus_ATCC_27759|accession|NZ_DS483527.1	3.699109997875073e-06	8.076731158811769e-05	73.0	8.076731158811769e-05	0.0	3.6991201254889145e-06	8.574611846683727e-05	77.5	8.629931923113946e-05	0.0
ti|537013|org|[Clostridium]_methylpentosum_DSM_5476|accession|NZ_EQ973339.1	3.5819152426414216e-06	9.183132687416121e-05	83.0	9.072492534555686e-05	1.106401528604352e-06	6.2543918290869984e-06	0.00015102380865449403	136.5	0.00014383219871856576	2.5447235157900096e-05
ti|1122155|org|Lactonifactor_longoviformis_DSM_17459|accession|NZ_FQVI01000008.1	3.302074453350168e-06	1.217041681464787e-05	11.0	8.851212228834816e-06	3.319204585813056e-06	1.8673892761676155e-05	5.758295108844479e-05	52.04525626522014	7.744810700230463e-06	0.00018919466139134418
ti|1550024|org|Ruthenibacterium_lactatiformans|accession|NZ_JXXK01000016.1	3.1051520050620674e-06	6.638409171626111e-05	60.0	6.638409171626111e-05	0.0	6.52348733644328e-05	0.00020699718884445903	187.09047619047624	0.00011838496356066566	0.00021685469960645298
ti|1150298|org|Fusicatenibacter_saccharivorans|accession|NZ_CYYV01000010.1	2.627333855378944e-06	1.9915227514878334e-05	18.0	1.9915227514878334e-05	0.0	2.924562095154632e-06	1.9915227514878334e-05	18.0	1.8808825986273983e-05	6.638409171626112e-06
ti|745368|org|Gemmiger_formicilis|accession|NZ_FUYF01000005.1	2.1012442503459495e-06	4.204325808696537e-05	38.0	4.204325808696537e-05	0.0	7.3959810557991455e-06	9.461721123341722e-05	85.51796864631072	7.855450853090899e-05	0.00013608738801833528
ti|1410653|org|Clostridium_lundense_DSM_17049|accession|NZ_JHVC01000015.1	1.820160459417694e-06	7.744810700230463e-06	7.0	7.744810700230463e-06	0.0	1.9765881777433913e-06	6.89656952830046e-06	6.233333333333333	1.106401528604352e-06	1.7702424457669632e-05
ti|36847|org|Anaerotignum_neopropionicum|accession|NZ_LRVM01000002.1	1.7782636328736486e-06	3.2085644329526205e-05	29.0	3.0979242800921854e-05	1.106401528604352e-06	9.114132691925948e-06	8.501115173712153e-05	76.83571428571429	6.195848560184371e-05	5.4213674901613244e-05
ti|622312|org|Roseburia_inulinivorans_DSM_16841|accession|NZ_ACFY01000080.1	1.68131089907644e-06	8.851212228834816e-06	8.0	8.851212228834816e-06	0.0	1.68131089907644e-06	8.851212228834816e-06	8.0	8.851212228834816e-06	0.0
ti|752555|org|Prevotella_bryantii_B14|accession|NZ_ADWO01000010.1	1.677810896370103e-06	2.7660038215108798e-05	25.0	2.7660038215108798e-05	0.0	2.074698548977367e-06	3.5612485660938187e-06	3.218766852741142	1.106401528604352e-06	4.536246267277843e-05
ti|28116|org|Bacteroides_ovatus|accession|NZ_CP012938.1	1.5939843631354385e-06	4.868166725859148e-05	44.0	4.868166725859148e-05	0.0	0.00011370873092742265	0.00021929872590560314	198.2089867339872	3.6511250443943616e-05	0.0005388175444303194
ti|1122992|org|Prevotella_timonensis_4401737_=_DSM_22865_=_JCM_15640|accession|NZ_HG417095.1	1.5013321320794655e-06	1.5489621400460927e-05	14.0	1.5489621400460927e-05	0.0	4.123000251612662e-06	8.814332177881338e-06	7.966666666666667	3.319204585813056e-06	2.876643974371315e-05
ti|411903|org|Collinsella_aerofaciens_ATCC_25986|accession|NZ_AAVN02000025.1	1.2800916009222423e-06	1.106401528604352e-06	1.0	1.106401528604352e-06	0.0	1.2482356044992441e-05	1.8907611837042206e-05	17.089285714285694	6.638409171626112e-06	7.412890241649158e-05
ti|428127|org|Absiella_dolichum_DSM_3991|accession|NZ_DS483473.1	1.220463166815216e-06	6.638409171626112e-06	6.0	6.638409171626112e-06	0.0	8.786829719164176e-06	3.7302389520174636e-05	33.71505602240896	1.4383219871856574e-05	6.970329630207416e-05
ti|444461|org|Bacillus_acidiproducens_DSM_23148|accession|NZ_KB894006.1	1.1591807075844005e-06	1.106401528604352e-06	1.0	1.106401528604352e-06	0.0	2.00147985775478e-06	3.90928540106871e-06	3.533333333333333	1.106401528604352e-06	6.638409171626112e-06
ti|796942|org|Stomatobaculum_longum|accession|NZ_JH590861.1	9.372125324060867e-07	7.523530394509593e-05	68.0	7.523530394509593e-05	0.0	1.0293263367041091e-06	7.55769867701061e-05	68.30882352941177	7.523530394509593e-05	3.319204585813056e-06
ti|745368|org|Gemmiger_formicilis|accession|NZ_FUYF01000007.1	9.218434131162738e-07	7.191609935928288e-05	65.0	7.191609935928288e-05	0.0	2.941145337056899e-06	0.00023538692521057585	212.74999999999997	0.00023345072253551824	1.5489621400460927e-05
ti|1852370|org|Prevotellamassilia_timonensis|accession|NZ_LT629845.1	7.041484206354394e-07	2.212803057208704e-05	20.0	2.212803057208704e-05	0.0	5.4498867506400635e-06	2.5631635412667475e-05	23.166666666666657	1.8808825986273983e-05	1.9915227514878334e-05
ti|1121101|org|Bacteroides_salyersiae_WAL_10018_=_DSM_18765_=_JCM_12988|accession|NZ_KB905466.1	5.821994107067825e-07	0.00010068253910299602	91.0	9.625693298857861e-05	4.425606114417408e-06	7.380251806275895e-06	8.0912994112475e-05	73.13167238167239	6.970329630207416e-05	4.093685655836102e-05
ti|742733|org|[Clostridium]_citroniae_WAL-17108|accession|NZ_JH376435.1	5.262622429180693e-07	2.212803057208704e-06	2.0	2.212803057208704e-06	0.0	3.2730637751861866e-07	1.4752020381391358e-06	1.3333333333333333	1.106401528604352e-06	1.106401528604352e-06
ti|1121101|org|Bacteroides_salyersiae_WAL_10018_=_DSM_18765_=_JCM_12988|accession|NZ_KB905467.1	3.7583111192196154e-07	4.204325808696537e-05	38.0	4.204325808696537e-05	0.0	1.7814663813556053e-06	8.280086770977214e-05	74.83799106299107	8.519291770253509e-05	2.434083362929574e-05
ti|484018|org|Bacteroides_plebeius_DSM_17135|accession|NZ_DS990124.1	3.505483890674706e-07	6.638409171626112e-06	6.0	6.638409171626112e-06	0.0	2.1497858288522888e-06	3.880469168674625e-06	3.5072883291923547	0.0	3.7617651972547966e-05
ti|1121094|org|Bacteroides_barnesiae_DSM_18169_=_JCM_13652|accession|NZ_KB894650.1	3.3600267815789527e-07	2.7660038215108798e-05	25.0	2.7660038215108798e-05	0.0	1.9328524086522805e-06	0.00011783176279636349	106.5	0.00012170416814647871	2.212803057208704e-06
ti|1870991|org|Massilioclostridium_coli|accession|NZ_FMIZ01000005.1	3.1311321630427366e-07	2.212803057208704e-06	2.0	2.212803057208704e-06	0.0	8.563788208682133e-06	2.227339544824782e-05	20.131385281385274	0.0	7.191609935928288e-05
ti|1236513|org|Bacteroides_faecichinchillae_JCM_17102|accession|NZ_BAKK01000002.1	2.663990742672458e-07	6.749049324486546e-05	61.0	6.749049324486546e-05	0.0	2.6640472080962874e-07	6.638409171626111e-05	60.0	6.638409171626111e-05	0.0
ti|1236518|org|Prevotella_scopos_JCM_17725|accession|NZ_CP016205.1	2.465670931277673e-07	3.7617651972547966e-05	34.0	3.5404848915339265e-05	2.212803057208704e-06	7.348588729481172e-06	1.510217421028481e-05	13.649813218655929	3.319204585813056e-06	9.072492534555686e-05
ti|752555|org|Prevotella_bryantii_B14|accession|NZ_ADWO01000015.1	2.347733479172476e-07	2.9872841272317503e-05	27.0	2.876643974371315e-05	1.106401528604352e-06	2.07495763128771e-06	6.828425937168929e-06	6.17174304321733	2.212803057208704e-06	6.638409171626111e-05
ti|688270|org|Cellulophaga_algicola_DSM_14237|accession|NC_014934.1	2.308104385495465e-07	5.53200764302176e-06	5.0	5.53200764302176e-06	0.0	1.8632101496959667e-08	2.179275738160087e-07	0.19696969696969696	0.0	2.212803057208704e-06
ti|1917878|org|Prevotella_ihumii|accession|NZ_LT706987.1	2.235285980976603e-07	7.744810700230463e-05	70.0	7.634170547370028e-05	1.106401528604352e-06	1.2220110061887489e-05	4.450210721728137e-05	40.22238406830264	2.323443210069139e-05	0.000257791556164814
ti|999419|org|Parabacteroides_johnsonii_CL02T12C29|accession|NZ_JH976465.1	2.1342140135796527e-07	5.5320076430217595e-05	50.0	5.5320076430217595e-05	0.0	7.176945773006758e-06	9.790072954536223e-05	88.48571428571428	6.749049324486546e-05	0.00012391697120368742
ti|411474|org|Coprococcus_eutactus_ATCC_27759|accession|NZ_DS483539.1	1.7331873005813586e-07	2.212803057208704e-06	2.0	2.212803057208704e-06	0.0	2.924954127286561e-05	4.6384566942060594e-05	41.92380952380957	8.298011464532639e-05	2.212803057208704e-05
ti|470146|org|Coprococcus_comes_ATCC_27758|accession|NZ_GG662007.1	1.4450548341471338e-07	5.53200764302176e-06	5.0	5.53200764302176e-06	0.0	1.8875127830824872e-05	3.519344412442789e-05	31.808925796425783	1.5489621400460927e-05	0.00011949136508927001
ti|511680|org|Butyrivibrio_crossotus_DSM_2876|accession|NZ_GG663521.1	1.1239937396034948e-07	8.851212228834816e-06	8.0	8.851212228834816e-06	0.0	2.1905215670257379e-07	8.851212228834816e-06	8.0	8.851212228834816e-06	0.0
ti|180332|org|Robinsoniella_peoriensis|accession|NZ_JTGN01000001.1	1.1115166830404614e-07	1.106401528604352e-06	1.0	1.106401528604352e-06	0.0	1.46096471512795e-07	1.106401528604352e-06	1.0	0.0	1.106401528604352e-06
ti|411461|org|Dorea_formicigenerans_ATCC_27755|accession|NZ_AAXA02000016.1	9.019525529966175e-08	2.6553636686504447e-05	24.0	2.6553636686504447e-05	0.0	1.686556153628597e-05	6.188612012371227e-05	55.93459383753499	2.212803057208704e-05	0.00022349310877807908
ti|717959|org|Alistipes_shahii_WAL_8301|accession|NC_021030.1	8.911785234575634e-08	1.6596022929065278e-05	15.0	1.6596022929065278e-05	0.0	0.00017096354607223376	0.0002547372827417071	230.2394529977199	0.00018808825986273983	0.000694820159963533
ti|999419|org|Parabacteroides_johnsonii_CL02T12C29|accession|NZ_JH976466.1	5.1913559358913244e-08	9.736333451718297e-05	88.0	9.736333451718297e-05	0.0	4.368727680124019e-06	0.00011824311721084459	106.87179487179488	0.00011617216050345695	1.217041681464787e-05
ti|649756|org|Anaerostipes_hadrus|accession|NZ_CP012098.1	4.440090792910526e-08	1.3276818343252223e-05	12.0	1.3276818343252223e-05	0.0	2.359986404103475e-05	8.157701322961206e-05	73.7318334443335	5.4213674901613244e-05	0.00012391697120368742
ti|873533|org|Prevotella_oralis_ATCC_33269|accession|NZ_GL833116.1	3.8763928520546016e-08	1.106401528604352e-05	10.0	8.851212228834816e-06	2.212803057208704e-06	5.200788716507839e-07	4.393058913219698e-06	3.970582830594273	2.212803057208704e-06	1.8808825986273983e-05
ti|1236513|org|Bacteroides_faecichinchillae_JCM_17102|accession|NZ_BAKK01000044.1	3.666778817033173e-08	1.8808825986273983e-05	17.0	1.8808825986273983e-05	0.0	3.6667788275618664e-08	1.936202675057616e-05	17.5	1.9915227514878334e-05	0.0
ti|997884|org|Bacteroides_nordii_CL02T12C05|accession|NZ_JH724314.1	3.1081164065528975e-08	2.1021629043482685e-05	19.0	2.1021629043482685e-05	0.0	3.4409219690634176e-05	6.42318034052917e-05	58.05469510360821	2.1021629043482685e-05	0.00016042822164763102
ti|1236513|org|Bacteroides_faecichinchillae_JCM_17102|accession|NZ_BAKK01000003.1	2.9456699016268456e-08	3.0979242800921854e-05	28.0	3.0979242800921854e-05	0.0	2.9560953335323427e-08	3.3192045858130556e-05	30.0	3.3192045858130556e-05	0.0
ti|511680|org|Butyrivibrio_crossotus_DSM_2876|accession|NZ_GG663519.1	2.54607860609057e-08	2.323443210069139e-05	21.0	2.323443210069139e-05	0.0	2.54607860633173e-08	2.323443210069139e-05	21.0	2.323443210069139e-05	0.0
ti|622312|org|Roseburia_inulinivorans_DSM_16841|accession|NZ_ACFY01000094.1	1.2435140132545746e-08	9.957613757439167e-06	9.0	9.957613757439167e-06	0.0	1.295459565372345e-07	9.957613757439167e-06	9.0	9.957613757439167e-06	0.0
ti|1841865|org|Mediterranea_massiliensis|accession|NZ_LT635837.1	7.742193951418005e-09	1.106401528604352e-05	10.0	1.106401528604352e-05	0.0	5.081030762809382e-05	7.794598769017661e-05	70.45000000000002	5.53200764302176e-06	0.0002810259882655054
ti|449673|org|Bacteroides_stercoris_ATCC_43183|accession|NZ_DS499676.1	7.010180296480901e-09	8.851212228834816e-06	8.0	8.851212228834816e-06	0.0	0.0006016438477432136	0.000962709670145036	870.1268438768581	0.00011617216050345695	0.0025723835540051184
ti|449673|org|Bacteroides_stercoris_ATCC_43183|accession|NZ_DS499665.1	6.4266793574197445e-09	3.319204585813056e-06	3.0	3.319204585813056e-06	0.0	1.724285965301584e-06	4.762795151706353e-06	4.304761904761905	3.319204585813056e-06	8.851212228834816e-06
ti|1123037|org|Psychroserpens_burtonensis_DSM_12212|accession|NZ_AUDE01000049.1	3.214987790829566e-09	1.106401528604352e-06	1.0	1.106401528604352e-06	0.0	1.2478672372051577e-08	1.1399288476529686e-06	1.0303030303030303	0.0	2.212803057208704e-06
ti|1692|org|Bifidobacterium_magnum|accession|NZ_JGZB01000001.1	3.1733107086490335e-09	2.212803057208704e-06	2.0	2.212803057208704e-06	0.0	3.69705338697776e-07	2.062114313091373e-06	1.8638028417156889	1.106401528604352e-06	1.9915227514878334e-05
ti|947969|org|Cellulomonas_carbonis_T26|accession|NZ_AXCY01000309.1	2.6228397261186132e-09	2.212803057208704e-06	2.0	2.212803057208704e-06	0.0	1.4252287923024375e-07	3.319204585813056e-06	3.0	2.212803057208704e-06	1.106401528604352e-06
ti|566550|org|Hungatella_hathewayi_DSM_13479|accession|NZ_GG667646.1	2.0922270385528347e-09	0.00010400174368880908	94.0	0.00010400174368880908	0.0	2.9567131274682227e-06	9.40085811122022e-05	84.96786987522282	7.080969783067853e-05	5.9745682544635006e-05
ti|745368|org|Gemmiger_formicilis|accession|NZ_FUYF01000002.1	2.0170927891633378e-09	2.6553636686504447e-05	24.0	2.6553636686504447e-05	0.0	6.557980105789744e-08	6.251168636614588e-05	56.5	6.417128865905241e-05	0.0
ti|1203606|org|Butyricicoccus_pullicaecorum_1.2|accession|NZ_KB976103.1	1.8379965336489422e-09	0.00027328117756527493	247.0	0.00027328117756527493	0.0	6.332785089450051e-07	0.00016968365133023222	153.36534426545512	0.00015932182011902667	0.00019472666903436593
ti|1236504|org|Prevotella_histicola_JCM_15637_=_DNF00424|accession|NZ_BAJX01000046.1	1.6719599661089457e-09	2.212803057208704e-06	2.0	2.212803057208704e-06	0.0	8.904248094531792e-07	9.90229368100895e-06	8.95	7.744810700230463e-06	5.53200764302176e-06
ti|40518|org|Ruminococcus_bromii|accession|NZ_FMUV01000051.1	1.5285904082911284e-09	8.851212228834816e-06	8.0	8.851212228834816e-06	0.0	1.5285904082911284e-09	8.851212228834816e-06	8.0	8.851212228834816e-06	0.0
ti|411483|org|Faecalibacterium_prausnitzii_A2-165|accession|NZ_GG697158.2	1.3339135335517481e-09	0.00035404848915339263	320.0	0.00035404848915339263	0.0	9.713689290827532e-07	0.000406049360997797	366.99999999999983	0.00038724053501152316	4.425606114417408e-05
ti|1121101|org|Bacteroides_salyersiae_WAL_10018_=_DSM_18765_=_JCM_12988|accession|NZ_KB905468.1	1.3044612622197976e-09	1.106401528604352e-06	1.0	1.106401528604352e-06	0.0	1.2928859488560894e-06	4.33855930624685e-06	3.921324396324396	2.212803057208704e-06	1.7702424457669632e-05
ti|1122992|org|Prevotella_timonensis_4401737_=_DSM_22865_=_JCM_15640|accession|NZ_HG417097.1	1.0445380432437993e-09	1.106401528604352e-06	1.0	1.106401528604352e-06	0.0	4.795812495254569e-08	4.425606114417408e-06	4.0	3.319204585813056e-06	3.319204585813056e-06
ti|1122980|org|Prevotella_baroniae_DSM_16972_=_JCM_13447|accession|NZ_AUFQ01000001.1	1.0443506397969844e-09	1.106401528604352e-06	1.0	1.106401528604352e-06	0.0	4.4331526397917005e-06	1.1986049786660695e-05	10.833363364727322	1.106401528604352e-06	0.00010510814521741344
ti|40518|org|Ruminococcus_bromii|accession|NZ_FMUV01000023.1	8.896617263658546e-10	3.872405350115232e-05	35.0	3.872405350115232e-05	0.0	8.896617263658546e-10	3.872405350115232e-05	35.0	3.872405350115232e-05	0.0
ti|1121129|org|Butyricimonas_synergistica_DSM_23225|accession|NZ_KB903359.1	5.459817895363027e-10	2.9872841272317503e-05	27.0	2.9872841272317503e-05	0.0	1.216993713504815e-09	3.3192045858130556e-05	30.0	3.3192045858130556e-05	0.0
ti|40518|org|Ruminococcus_bromii|accession|NZ_FMUV01000042.1	5.440908587565989e-10	0.00013719378954693963	124.0	0.00013719378954693963	0.0	5.440908587565989e-10	0.00013719378954693963	124.0	0.00013719378954693963	0.0
ti|356829|org|Bifidobacterium_tsurumiense|accession|NZ_JGZU01000004.1	4.872986919284225e-10	2.212803057208704e-06	2.0	2.212803057208704e-06	0.0	7.32471259759968e-07	2.1947228882352053e-06	1.9836585827965139	1.106401528604352e-06	7.744810700230463e-06
ti|40518|org|Ruminococcus_bromii|accession|NZ_FMUV01000029.1	4.239494314849897e-10	7.744810700230463e-05	70.0	7.744810700230463e-05	0.0	4.239494314849897e-10	7.744810700230463e-05	70.0	7.744810700230463e-05	0.0
ti|709991|org|Odoribacter_splanchnicus_DSM_20712|accession|NC_015160.1	1.7757620170678793e-10	1.4383219871856574e-05	13.0	1.4383219871856574e-05	0.0	5.335896125503405e-05	9.242448102699659e-05	83.53611111111135	2.5447235157900096e-05	0.00042153898239825807
ti|1236504|org|Prevotella_histicola_JCM_15637_=_DNF00424|accession|NZ_BAJX01000041.1	1.754659649329816e-10	1.106401528604352e-06	1.0	1.106401528604352e-06	0.0	2.9151274587913487e-06	5.53200764302176e-06	5.0	3.319204585813056e-06	2.212803057208704e-06
ti|864564|org|Parascardovia_denticolens_DSM_10105_=_JCM_12538|accession|NZ_AP012333.1	1.7534753511122095e-10	1.106401528604352e-06	1.0	1.106401528604352e-06	0.0	4.143316077916104e-08	1.106401528604352e-06	1.0	1.106401528604352e-06	0.0
ti|1550024|org|Ruthenibacterium_lactatiformans|accession|NZ_JXXK01000008.1	1.1246008153703284e-10	9.736333451718297e-05	88.0	9.736333451718297e-05	0.0	1.1246008153703284e-10	9.736333451718297e-05	88.0	9.736333451718297e-05	0.0
ti|1256908|org|Eubacterium_ramulus_ATCC_29099|accession|NZ_KI271135.1	8.016356093978133e-11	1.106401528604352e-06	1.0	1.106401528604352e-06	0.0	1.0092548358606604e-06	1.106401528604352e-06	1.0	1.106401528604352e-06	0.0
ti|449673|org|Bacteroides_stercoris_ATCC_43183|accession|NZ_DS499662.1	5.812207957552748e-11	1.4383219871856574e-05	13.0	1.4383219871856574e-05	0.0	0.00025326553121802646	0.0003581821281977592	323.73611111110887	0.00024783394240737483	0.0008917596320551077
ti|1002367|org|Prevotella_stercorea_DSM_18206|accession|NZ_JH379361.1	2.7621658232740304e-11	2.212803057208704e-06	2.0	2.212803057208704e-06	0.0	2.60561112161824e-10	5.53200764302176e-06	5.0	5.53200764302176e-06	0.0
ti|880074|org|Barnesiella_viscericola_DSM_18177|accession|NZ_CP007034.1	1.442442108373912e-11	1.4383219871856574e-05	13.0	1.4383219871856574e-05	0.0	2.7895174928512688e-05	6.039306955046769e-05	54.585128444868765	1.8808825986273983e-05	0.0006549897049337763
ti|40518|org|Ruminococcus_bromii|accession|NZ_FMUV01000047.1	1.2266679969793457e-11	2.212803057208704e-06	2.0	2.212803057208704e-06	0.0	1.2111415018050537e-11	2.212803057208704e-06	2.0	2.212803057208704e-06	0.0
ti|40518|org|Ruminococcus_bromii|accession|NZ_FMUV01000004.1	1.2014309260307802e-11	3.2085644329526205e-05	29.0	3.2085644329526205e-05	0.0	1.2014309260307802e-11	3.2085644329526205e-05	29.0	3.2085644329526205e-05	0.0
ti|1349822|org|Coprobacter_fastidiosus_NSB1|accession|NZ_KI440780.1	1.2008655629890033e-11	8.851212228834816e-06	8.0	8.851212228834816e-06	0.0	1.2009915200846298e-11	1.0510814521741343e-05	9.5	9.957613757439167e-06	1.106401528604352e-06
ti|40518|org|Ruminococcus_bromii|accession|NZ_FMUV01000015.1	1.0372671929001933e-11	1.7702424457669632e-05	16.0	1.7702424457669632e-05	0.0	6.569192150677795e-09	2.1021629043482685e-05	19.0	2.1021629043482685e-05	0.0
ti|745368|org|Gemmiger_formicilis|accession|NZ_FUYF01000009.1	8.574215798522452e-12	3.2085644329526205e-05	29.0	3.2085644329526205e-05	0.0	8.574215798522452e-12	3.3192045858130556e-05	30.0	3.3192045858130556e-05	0.0
ti|1871016|org|Collinsella_phocaeensis|accession|NZ_FQLR01000004.1	4.038106051762536e-12	1.106401528604352e-06	1.0	1.106401528604352e-06	0.0	2.0438047667061785e-06	5.7778746493782816e-06	5.222222222222221	3.319204585813056e-06	7.744810700230463e-06
ti|40518|org|Ruminococcus_bromii|accession|NZ_FMUV01000043.1	2.8614899315292287e-12	6.638409171626111e-05	60.0	6.638409171626111e-05	0.0	2.8614899315292287e-12	6.638409171626111e-05	60.0	6.638409171626111e-05	0.0
ti|411471|org|Subdoligranulum_variabile_DSM_15176|accession|NZ_GG704771.1	1.8938567142051116e-12	1.106401528604352e-06	1.0	1.106401528604352e-06	0.0	8.444776579143103e-08	1.973082726011094e-05	17.833333333333332	1.106401528604352e-05	1.9915227514878334e-05
ti|411467|org|Pseudoflavonifractor_capillosus_ATCC_29799|accession|NZ_AAXG02000024.1	1.0263902230742066e-12	2.6553636686504447e-05	24.0	2.6553636686504447e-05	0.0	8.703872406094272e-09	3.374524662243273e-05	30.5	3.429844738673491e-05	3.319204585813056e-06
ti|40518|org|Ruminococcus_bromii|accession|NZ_FMUV01000010.1	8.945895652359982e-13	1.3276818343252223e-05	12.0	1.3276818343252223e-05	0.0	9.069316480264859e-13	1.3276818343252223e-05	12.0	1.3276818343252223e-05	0.0
ti|745368|org|Gemmiger_formicilis|accession|NZ_FUYF01000001.1	8.523312593468563e-13	1.7702424457669632e-05	16.0	1.7702424457669632e-05	0.0	5.725625936365613e-11	3.743325171778058e-05	33.833333333333336	3.3192045858130556e-05	6.638409171626112e-06
ti|763034|org|Bacteroides_fluxus_YIT_12057|accession|NZ_GL882646.1	4.1447279565691965e-13	1.6596022929065278e-05	15.0	1.6596022929065278e-05	0.0	3.567942037925206e-10	2.8213238979410973e-05	25.5	2.7660038215108798e-05	3.319204585813056e-06
ti|290054|org|Eubacterium_coprostanoligenes|accession|NZ_FUWW01000019.1	3.959407392962448e-13	7.744810700230463e-06	7.0	7.744810700230463e-06	0.0	3.959407392962448e-13	7.744810700230463e-06	7.0	7.744810700230463e-06	0.0
ti|679935|org|Alistipes_finegoldii_DSM_17242|accession|NC_018011.1	2.5165769343295975e-13	1.7702424457669632e-05	16.0	1.7702424457669632e-05	0.0	0.00017258176383268142	0.00025064285819348896	226.5387851638793	0.0002688555714508575	0.0007578850470939811
ti|762982|org|Paraprevotella_xylaniphila_YIT_11841|accession|NZ_GL883832.1	2.2467208069040566e-13	3.319204585813056e-06	3.0	3.319204585813056e-06	0.0	2.2467208069040566e-13	3.319204585813056e-06	3.0	3.319204585813056e-06	0.0
ti|667015|org|Bacteroides_salanitronis_DSM_18170|accession|NC_015164.1	1.4920390167521216e-13	2.9872841272317503e-05	27.0	2.9872841272317503e-05	0.0	9.216996036906451e-06	6.391562374799543e-05	57.768922127774466	4.868166725859148e-05	0.00019915227514878334
ti|40518|org|Ruminococcus_bromii|accession|NZ_FMUV01000016.1	1.1663087620043572e-13	1.5489621400460927e-05	14.0	1.5489621400460927e-05	0.0	1.1663087620043572e-13	1.5489621400460927e-05	14.0	1.5489621400460927e-05	0.0
ti|39482|org|Faecalicatena_contorta|accession|NZ_CYZU01000015.1	1.1535049239514115e-13	2.212803057208704e-06	2.0	2.212803057208704e-06	0.0	6.612234654477375e-07	2.028402802441312e-06	1.8333333333333333	2.212803057208704e-06	1.106401528604352e-06
ti|40518|org|Ruminococcus_bromii|accession|NZ_FMUV01000039.1	9.772187642800718e-14	1.217041681464787e-05	11.0	1.217041681464787e-05	0.0	9.772187642800718e-14	1.217041681464787e-05	11.0	1.217041681464787e-05	0.0
ti|411467|org|Pseudoflavonifractor_capillosus_ATCC_29799|accession|NZ_AAXG02000012.1	9.211852034093837e-14	1.106401528604352e-06	1.0	1.106401528604352e-06	0.0	1.4337188442701128e-06	8.99095293217877e-06	8.12630197964407	3.319204585813056e-06	7.855450853090899e-05
ti|763034|org|Bacteroides_fluxus_YIT_12057|accession|NZ_GL882608.1	7.594514647332873e-14	4.425606114417408e-06	4.0	4.425606114417408e-06	0.0	7.594514647332873e-14	4.425606114417408e-06	4.0	4.425606114417408e-06	0.0
ti|1033732|org|Alistipes_senegalensis_JC50|accession|NZ_HE978647.1	7.568945908412129e-14	1.217041681464787e-05	11.0	1.217041681464787e-05	0.0	3.4064203759787025e-06	2.323443210069139e-05	21.0	2.7660038215108798e-05	0.0
ti|40518|org|Ruminococcus_bromii|accession|NZ_FMUV01000003.1	7.036918288641297e-14	2.9872841272317503e-05	27.0	2.9872841272317503e-05	0.0	7.019418610507491e-14	2.8213238979410973e-05	25.5	2.7660038215108798e-05	1.106401528604352e-06
ti|40518|org|Ruminococcus_bromii|accession|NZ_FMUV01000040.1	4.869674924376719e-14	6.638409171626112e-06	6.0	6.638409171626112e-06	0.0	5.0782725575203654e-14	6.638409171626112e-06	6.0	6.638409171626112e-06	0.0
ti|40518|org|Ruminococcus_bromii|accession|NZ_FMUV01000012.1	4.869453851513879e-14	3.319204585813056e-06	3.0	3.319204585813056e-06	0.0	4.869453851513879e-14	3.319204585813056e-06	3.0	3.319204585813056e-06	0.0
ti|566550|org|Hungatella_hathewayi_DSM_13479|accession|NZ_GG667607.1	4.7605334824415856e-14	3.319204585813056e-06	3.0	3.319204585813056e-06	0.0	4.631466111834337e-12	7.744810700230463e-06	7.0	6.638409171626112e-06	1.106401528604352e-06
ti|40518|org|Ruminococcus_bromii|accession|NZ_FMUV01000041.1	3.488470364641761e-14	7.744810700230463e-06	7.0	7.744810700230463e-06	0.0	4.722678643690536e-14	7.744810700230463e-06	7.0	7.744810700230463e-06	0.0
ti|997894|org|[Clostridium]_bolteae_90A9|accession|NZ_KB851182.1	3.185937983223243e-14	3.0979242800921854e-05	28.0	3.0979242800921854e-05	0.0	1.90019878263589e-07	4.217497255465636e-05	38.11904761904761	2.876643974371315e-05	3.3192045858130556e-05
ti|880526|org|Rikenella_microfusus_DSM_15922|accession|NZ_KE386488.1	2.620487986098803e-14	1.106401528604352e-05	10.0	1.106401528604352e-05	0.0	2.2779157443605784e-05	5.619457645785849e-05	50.790400234482696	2.434083362929574e-05	0.0006760113339772591
ti|470145|org|Bacteroides_coprocola_DSM_17136|accession|NZ_DS981470.1	2.4347291262978076e-14	5.53200764302176e-06	5.0	5.53200764302176e-06	0.0	9.063946648751876e-08	7.8554508530909e-06	7.1000000000000005	5.53200764302176e-06	1.3276818343252223e-05
ti|39482|org|Faecalicatena_contorta|accession|NZ_CYZU01000008.1	2.4347269257929285e-14	1.106401528604352e-06	1.0	1.106401528604352e-06	0.0	3.4058335650331065e-06	1.725130240582797e-05	15.592261904761902	5.53200764302176e-06	4.757526572998713e-05
ti|40518|org|Ruminococcus_bromii|accession|NZ_FMUV01000007.1	2.1227217601442733e-14	2.5447235157900096e-05	23.0	2.5447235157900096e-05	0.0	2.1227217601442733e-14	2.434083362929574e-05	22.0	2.434083362929574e-05	0.0
ti|742817|org|Odoribacter_laneus_YIT_12061|accession|NZ_JH594596.1	1.9534368607821107e-14	5.53200764302176e-06	5.0	5.53200764302176e-06	0.0	1.292789744919611e-10	9.957613757439167e-06	9.0	9.957613757439167e-06	0.0
ti|40518|org|Ruminococcus_bromii|accession|NZ_FMUV01000001.1	1.8712140621182215e-14	3.0979242800921854e-05	28.0	3.0979242800921854e-05	0.0	1.8712140621182215e-14	3.0979242800921854e-05	28.0	3.0979242800921854e-05	0.0
ti|44008|org|Enterococcus_cecorum|accession|NZ_CP010064.1	1.5610991559814164e-14	1.106401528604352e-06	1.0	1.106401528604352e-06	0.0	1.9624801564587459e-07	4.425606114417408e-06	4.0	1.106401528604352e-06	8.851212228834816e-06
ti|745368|org|Gemmiger_formicilis|accession|NZ_FUYF01000013.1	9.90805308758909e-15	1.106401528604352e-06	1.0	1.106401528604352e-06	0.0	2.4347822934806644e-14	5.53200764302176e-06	5.0	5.53200764302176e-06	0.0
ti|428128|org|[Eubacterium]_siraeum_DSM_15702|accession|NZ_KB907520.1	8.015602726537213e-15	3.319204585813056e-06	3.0	3.319204585813056e-06	0.0	8.044693144912777e-15	3.319204585813056e-06	3.0	2.212803057208704e-06	1.106401528604352e-06
ti|40518|org|Ruminococcus_bromii|accession|NZ_FMUV01000071.1	6.4178704972283374e-15	2.212803057208704e-06	2.0	2.212803057208704e-06	0.0	6.4178704972283374e-15	2.212803057208704e-06	2.0	2.212803057208704e-06	0.0
ti|633697|org|[Eubacterium]_cellulosolvens_6|accession|NZ_CM001487.1	5.806745093975193e-15	5.53200764302176e-06	5.0	5.53200764302176e-06	0.0	1.7863617268463966e-07	1.60691650583013e-06	1.4523809523809523	1.106401528604352e-06	3.319204585813056e-06
ti|1347393|org|Bacteroides_neonati|accession|NZ_HG726029.1	4.115012698316348e-15	1.106401528604352e-06	1.0	1.106401528604352e-06	0.0	1.6209470713857445e-08	3.5958049679641436e-06	3.25	3.319204585813056e-06	1.106401528604352e-06
ti|40518|org|Ruminococcus_bromii|accession|NZ_FMUV01000020.1	3.6214111838764495e-15	2.876643974371315e-05	26.0	2.876643974371315e-05	0.0	3.6214111838764495e-15	3.0979242800921854e-05	28.0	2.876643974371315e-05	2.212803057208704e-06
ti|40518|org|Ruminococcus_bromii|accession|NZ_FMUV01000046.1	2.2735558544063098e-15	8.851212228834816e-06	8.0	8.851212228834816e-06	0.0	1.461563864489406e-14	8.851212228834816e-06	8.0	8.851212228834816e-06	0.0
ti|40518|org|Ruminococcus_bromii|accession|NZ_FMUV01000002.1	2.0642241971211636e-15	3.983045502975667e-05	36.0	3.983045502975667e-05	0.0	2.0642241971211636e-15	3.983045502975667e-05	36.0	3.983045502975667e-05	0.0
ti|1150298|org|Fusicatenibacter_saccharivorans|accession|NZ_CYYV01000015.1	1.9096272605240832e-15	4.425606114417408e-06	4.0	4.425606114417408e-06	0.0	1.8918063925812707e-05	7.638241776007117e-05	69.03679702650288	2.434083362929574e-05	0.0002323443210069139
ti|1160721|org|Ruminococcus_bicirculans|accession|NZ_HF545616.1	1.6924410435644656e-15	6.638409171626112e-06	6.0	6.638409171626112e-06	0.0	1.1910894462359714e-07	8.066672963097185e-06	7.290909090909091	6.638409171626112e-06	3.319204585813056e-06
ti|40518|org|Ruminococcus_bromii|accession|NZ_FMUV01000034.1	1.518641649493838e-15	1.3276818343252223e-05	12.0	1.3276818343252223e-05	0.0	1.518641649493838e-15	1.3276818343252223e-05	12.0	1.3276818343252223e-05	0.0
ti|1445607|org|Bacteroides_reticulotermitis_JCM_10512|accession|NZ_BAIV01000014.1	1.3989891742237382e-15	1.6596022929065278e-05	15.0	1.6596022929065278e-05	0.0	1.2448762186348225e-06	2.2681231336389215e-05	20.5	2.212803057208704e-05	1.106401528604352e-06
ti|537007|org|Blautia_hansenii_DSM_20583|accession|NZ_GG698588.1	1.3297578153832217e-15	2.212803057208704e-06	2.0	2.212803057208704e-06	0.0	1.5281648837910154e-07	1.106401528604352e-06	1.0	0.0	2.212803057208704e-06
ti|745368|org|Gemmiger_formicilis|accession|NZ_FUYF01000003.1	1.2816670978006393e-15	1.217041681464787e-05	11.0	1.217041681464787e-05	0.0	2.97180642422712e-12	2.1574829807784864e-05	19.5	2.1021629043482685e-05	1.106401528604352e-06
ti|40518|org|Ruminococcus_bromii|accession|NZ_FMUV01000024.1	1.0888989556940471e-15	5.53200764302176e-06	5.0	5.53200764302176e-06	0.0	1.0888989556940471e-15	5.53200764302176e-06	5.0	5.53200764302176e-06	0.0
ti|1035196|org|Peptostreptococcus_anaerobius_VPI_4330_=_DSM_2949|accession|NZ_KB906630.1	1.0847055705833307e-15	2.212803057208704e-06	2.0	2.212803057208704e-06	0.0	1.9152739392284504e-15	9.957613757439167e-06	9.0	6.638409171626112e-06	3.319204585813056e-06
ti|1650663|org|Fournierella_massiliensis|accession|NZ_LN908959.1	1.0478764334231649e-15	2.1021629043482685e-05	19.0	2.1021629043482685e-05	0.0	1.916960790336305e-06	2.338283040095657e-05	21.134126984126976	1.9915227514878334e-05	1.8808825986273983e-05
ti|742733|org|[Clostridium]_citroniae_WAL-17108|accession|NZ_JH376421.1	8.918716003874466e-16	7.744810700230463e-06	7.0	7.744810700230463e-06	0.0	6.216974021592521e-07	1.165263299457732e-05	10.532010932121814	1.106401528604352e-05	4.204325808696537e-05
ti|1033732|org|Alistipes_senegalensis_JC50|accession|NZ_HE978648.1	8.696993474416555e-16	3.319204585813056e-06	3.0	3.319204585813056e-06	0.0	1.2076852969771628e-05	2.385217295416215e-05	21.55833333333333	8.851212228834816e-06	4.646886420138278e-05
ti|40518|org|Ruminococcus_bromii|accession|NZ_FMUV01000027.1	7.4700179143664615e-16	2.212803057208704e-05	20.0	2.212803057208704e-05	0.0	7.4700179143664615e-16	2.212803057208704e-05	20.0	2.212803057208704e-05	0.0
ti|745368|org|Gemmiger_formicilis|accession|NZ_FUYF01000053.1	5.718505682079075e-16	3.319204585813056e-06	3.0	3.319204585813056e-06	0.0	6.811752316211808e-16	3.319204585813056e-06	3.0	3.319204585813056e-06	0.0
ti|1336236|org|Ruminococcus_flavefaciens_ATCC_19208|accession|NZ_KI912490.1	5.718505682079075e-16	2.212803057208704e-06	2.0	2.212803057208704e-06	0.0	5.718505682079075e-16	3.319204585813056e-06	3.0	3.319204585813056e-06	0.0
ti|470145|org|Bacteroides_coprocola_DSM_17136|accession|NZ_DS981511.1	5.404071523959281e-16	2.212803057208704e-06	2.0	2.212803057208704e-06	0.0	6.121088102407593e-16	2.212803057208704e-06	2.0	2.212803057208704e-06	0.0
ti|1160721|org|Ruminococcus_bicirculans|accession|NZ_HF545617.1	5.062294360729377e-16	1.106401528604352e-05	10.0	1.106401528604352e-05	0.0	9.629576968893157e-08	4.194267612981952e-06	3.790909090909091	4.425606114417408e-06	2.212803057208704e-06
ti|745368|org|Gemmiger_formicilis|accession|NZ_FUYF01000010.1	4.675730802802848e-16	8.851212228834816e-06	8.0	8.851212228834816e-06	0.0	4.55607871100418e-06	2.4913914931343043e-05	22.517968646310713	1.6596022929065278e-05	0.00012059776661787436
ti|566550|org|Hungatella_hathewayi_DSM_13479|accession|NZ_GG668188.1	4.470708175717782e-16	3.319204585813056e-06	3.0	3.319204585813056e-06	0.0	4.470708175717782e-16	3.872405350115232e-06	3.5	3.319204585813056e-06	1.106401528604352e-06
ti|1121129|org|Butyricimonas_synergistica_DSM_23225|accession|NZ_KB903370.1	4.116402814932432e-16	4.425606114417408e-06	4.0	4.425606114417408e-06	0.0	4.116402814932432e-16	4.425606114417408e-06	4.0	4.425606114417408e-06	0.0
ti|1650663|org|Fournierella_massiliensis|accession|NZ_LN908956.1	3.728782227123621e-16	1.7702424457669632e-05	16.0	1.7702424457669632e-05	0.0	5.435127041172136e-13	2.1574829807784864e-05	19.5	2.1021629043482685e-05	1.106401528604352e-06
ti|1796620|org|Acutalibacter_muris|accession|NZ_CP021422.1	3.570774784274181e-16	3.319204585813056e-06	3.0	3.319204585813056e-06	0.0	3.067359938423919e-06	2.1206029298250078e-05	19.166666666666668	1.3276818343252223e-05	1.3276818343252223e-05
ti|762982|org|Paraprevotella_xylaniphila_YIT_11841|accession|NZ_GL883870.1	3.478955997589631e-16	5.53200764302176e-06	5.0	5.53200764302176e-06	0.0	7.072527390637394e-06	2.2496831081621825e-05	20.333333333333336	1.106401528604352e-05	2.876643974371315e-05
ti|1650663|org|Fournierella_massiliensis|accession|NZ_LN908960.1	2.870306484181557e-16	6.638409171626112e-06	6.0	6.638409171626112e-06	0.0	1.5467402812117367e-12	1.217041681464787e-05	11.0	1.106401528604352e-05	1.106401528604352e-06
ti|1841857|org|Culturomica_massiliensis|accession|NZ_LT594621.1	2.8592528410395376e-16	1.106401528604352e-06	1.0	1.106401528604352e-06	0.0	0.00020712877881455335	0.0003170865878866508	286.5926878161795	0.00018255625221971807	0.0010920183087324955
ti|1291051|org|[Clostridium]_glycyrrhizinilyticum_JCM_13369|accession|NZ_BBAB01000032.1	2.5382657906126016e-16	1.106401528604352e-06	1.0	1.106401528604352e-06	0.0	1.6978362949931156e-08	1.106401528604352e-06	1.0	1.106401528604352e-06	0.0
ti|40518|org|Ruminococcus_bromii|accession|NZ_FMUV01000013.1	2.422884932225592e-16	1.106401528604352e-05	10.0	1.106401528604352e-05	0.0	2.422884932225592e-16	1.106401528604352e-05	10.0	1.106401528604352e-05	0.0
ti|745368|org|Gemmiger_formicilis|accession|NZ_FUYF01000008.1	2.0144821252914388e-16	7.744810700230463e-06	7.0	7.744810700230463e-06	0.0	6.571668566819245e-10	2.2681231336389215e-05	20.5	2.1021629043482685e-05	3.319204585813056e-06
ti|40518|org|Ruminococcus_bromii|accession|NZ_FMUV01000011.1	1.999510831960226e-16	2.5447235157900096e-05	23.0	2.5447235157900096e-05	0.0	2.0202954068829412e-16	2.600043592220227e-05	23.5	2.6553636686504447e-05	0.0
ti|999413|org|[Clostridium]_innocuum_2959|accession|NZ_KB850945.1	1.833296847237185e-16	2.212803057208704e-06	2.0	2.212803057208704e-06	0.0	9.3464469541104e-07	4.047585592144254e-05	36.583333333333336	2.6553636686504447e-05	2.1021629043482685e-05
ti|622312|org|Roseburia_inulinivorans_DSM_16841|accession|NZ_ACFY01000106.1	1.6381837711583304e-16	4.425606114417408e-06	4.0	4.425606114417408e-06	0.0	1.3989923647762732e-12	4.425606114417408e-06	4.0	4.425606114417408e-06	0.0
ti|40518|org|Ruminococcus_bromii|accession|NZ_FMUV01000030.1	1.5484436534425616e-16	1.106401528604352e-05	10.0	1.106401528604352e-05	0.0	1.5484436534425616e-16	1.106401528604352e-05	10.0	1.106401528604352e-05	0.0
ti|1037355|org|Parabacteroides_chartae|accession|NZ_FUYQ01000013.1	1.243977579723675e-16	9.957613757439167e-06	9.0	9.957613757439167e-06	0.0	1.243977579723675e-16	9.957613757439167e-06	9.0	9.957613757439167e-06	0.0
ti|1121094|org|Bacteroides_barnesiae_DSM_18169_=_JCM_13652|accession|NZ_KB894664.1	1.1003570408197521e-16	9.957613757439167e-06	9.0	9.957613757439167e-06	0.0	3.3612252985132087e-15	1.0510814521741343e-05	9.5	1.106401528604352e-05	0.0
ti|411459|org|Blautia_obeum_ATCC_29174|accession|NZ_DS264289.1	1.0518603373336357e-16	1.106401528604352e-06	1.0	1.106401528604352e-06	0.0	2.6708413369792518e-06	5.380468459296249e-06	4.863034188034188	1.106401528604352e-06	3.3192045858130556e-05
ti|1650663|org|Fournierella_massiliensis|accession|NZ_LN908958.1	9.41245985640045e-17	7.744810700230463e-06	7.0	7.744810700230463e-06	0.0	7.670678780491695e-13	2.212803057208704e-05	20.0	2.212803057208704e-05	0.0
ti|1121866|org|Enterorhabdus_mucosicola_DSM_19490|accession|NZ_AUGK01000010.1	9.354254962094941e-17	2.212803057208704e-06	2.0	2.212803057208704e-06	0.0	2.7140385239822675e-06	2.76600382151088e-06	2.5	0.0	5.53200764302176e-06
ti|40518|org|Ruminococcus_bromii|accession|NZ_FMUV01000026.1	8.406214426045486e-17	9.957613757439167e-06	9.0	9.957613757439167e-06	0.0	8.861975748931769e-10	9.957613757439167e-06	9.0	9.957613757439167e-06	0.0
ti|547042|org|Bacteroides_coprophilus_DSM_18228_=_JCM_13818|accession|NZ_EQ973635.1	7.536908660472867e-17	1.106401528604352e-06	1.0	1.106401528604352e-06	0.0	7.617984252526026e-06	1.7419238352133983e-05	15.74404761904761	8.851212228834816e-06	5.089447031580019e-05
ti|47678|org|Bacteroides_caccae|accession|NZ_CP022412.2	6.035084666808205e-17	1.106401528604352e-06	1.0	1.106401528604352e-06	0.0	0.00016804606463320583	0.000279547557716818	252.6637486387493	0.00011838496356066566	0.0006029888330893718
ti|1336236|org|Ruminococcus_flavefaciens_ATCC_19208|accession|NZ_JAEF01000016.1	4.832518022483091e-17	3.319204585813056e-06	3.0	3.319204585813056e-06	0.0	4.832518022483093e-17	2.212803057208704e-06	2.0	1.106401528604352e-06	1.106401528604352e-06
ti|411471|org|Subdoligranulum_variabile_DSM_15176|accession|NZ_GG704770.1	4.333866925499963e-17	2.212803057208704e-05	20.0	2.212803057208704e-05	0.0	3.104481496422204e-07	5.181647158963715e-05	46.833333333333336	3.7617651972547966e-05	2.5447235157900096e-05
ti|292800|org|Flavonifractor_plautii|accession|NZ_CP015406.2	4.0800386731743017e-17	1.217041681464787e-05	11.0	1.217041681464787e-05	0.0	2.3719277410522414e-05	5.439807515638064e-05	49.16666666666667	7.966091005951334e-05	1.217041681464787e-05
ti|566550|org|Hungatella_hathewayi_DSM_13479|accession|NZ_GG667868.1	3.098515782750575e-17	6.638409171626112e-06	6.0	6.638409171626112e-06	0.0	3.8758002234070786e-16	6.085208407323935e-06	5.5	5.53200764302176e-06	2.212803057208704e-06
ti|762982|org|Paraprevotella_xylaniphila_YIT_11841|accession|NZ_GL883849.1	3.098515782750468e-17	2.212803057208704e-06	2.0	2.212803057208704e-06	0.0	3.098515782750468e-17	2.212803057208704e-06	2.0	2.212803057208704e-06	0.0
ti|1236513|org|Bacteroides_faecichinchillae_JCM_17102|accession|NZ_BAKK01000016.1	2.8567792293265766e-17	8.851212228834816e-06	8.0	8.851212228834816e-06	0.0	1.4362738155585714e-13	9.957613757439167e-06	9.0	9.957613757439167e-06	0.0
ti|1650663|org|Fournierella_massiliensis|accession|NZ_LN908962.1	2.459357847658799e-17	3.319204585813056e-06	3.0	3.319204585813056e-06	0.0	3.120375847225033e-08	3.0794842546154464e-05	27.833333333333336	2.876643974371315e-05	3.319204585813056e-06
ti|40518|org|Ruminococcus_bromii|accession|NZ_FMUV01000025.1	2.2448412417755392e-17	4.425606114417408e-06	4.0	4.425606114417408e-06	0.0	1.2772650984382414e-14	6.638409171626112e-06	6.0	5.53200764302176e-06	1.106401528604352e-06
ti|745368|org|Gemmiger_formicilis|accession|NZ_FUYF01000004.1	2.0214221869643983e-17	1.217041681464787e-05	11.0	1.217041681464787e-05	0.0	2.9229715969156137e-12	2.8213238979410973e-05	25.5	2.323443210069139e-05	7.744810700230463e-06
ti|1236513|org|Bacteroides_faecichinchillae_JCM_17102|accession|NZ_BAKK01000078.1	1.986707553140265e-17	3.319204585813056e-06	3.0	3.319204585813056e-06	0.0	3.791221428966512e-15	8.851212228834816e-06	8.0	7.744810700230463e-06	1.106401528604352e-06
ti|428128|org|[Eubacterium]_siraeum_DSM_15702|accession|NZ_KB907514.1	1.9356214780258292e-17	3.319204585813056e-06	3.0	3.319204585813056e-06	0.0	2.0012346118502718e-17	4.425606114417408e-06	4.0	3.319204585813056e-06	1.106401528604352e-06
ti|1256908|org|Eubacterium_ramulus_ATCC_29099|accession|NZ_KI271092.1	1.9173173021602122e-17	4.425606114417408e-06	4.0	4.425606114417408e-06	0.0	5.319594360538996e-07	6.859689477346982e-06	6.2	6.638409171626112e-06	1.106401528604352e-06
ti|40518|org|Ruminococcus_bromii|accession|NZ_FMUV01000031.1	1.3080203906375688e-17	5.53200764302176e-06	5.0	5.53200764302176e-06	0.0	1.3080203906375688e-17	5.53200764302176e-06	5.0	5.53200764302176e-06	0.0
ti|40518|org|Ruminococcus_bromii|accession|NZ_FMUV01000050.1	1.3080203906375686e-17	2.212803057208704e-06	2.0	2.212803057208704e-06	0.0	1.3080203906375686e-17	2.212803057208704e-06	2.0	2.212803057208704e-06	0.0
ti|566550|org|Hungatella_hathewayi_DSM_13479|accession|NZ_GG667621.1	1.2738379206192019e-17	3.319204585813056e-06	3.0	3.319204585813056e-06	0.0	2.1234905597395006e-12	1.967550718368072e-05	17.78333333333333	1.5489621400460927e-05	8.851212228834816e-06
ti|39495|org|Eubacterium_uniforme|accession|NZ_FUXZ01000008.1	1.047380850561349e-17	3.319204585813056e-06	3.0	3.319204585813056e-06	0.0	1.3109988020882882e-07	3.5036048405804475e-06	3.1666666666666665	3.319204585813056e-06	1.106401528604352e-06
ti|40518|org|Ruminococcus_bromii|accession|NZ_FMUV01000006.1	8.73523289123623e-18	8.851212228834816e-06	8.0	8.851212228834816e-06	0.0	8.73523289123623e-18	8.851212228834816e-06	8.0	8.851212228834816e-06	0.0
ti|1291051|org|[Clostridium]_glycyrrhizinilyticum_JCM_13369|accession|NZ_BBAB01000035.1	8.594704555693593e-18	4.425606114417408e-06	4.0	4.425606114417408e-06	0.0	9.115400897773777e-13	3.319204585813056e-06	3.0	3.319204585813056e-06	0.0
ti|474960|org|Hydrogenoanaerobacterium_saccharovorans|accession|NZ_FOCG01000010.1	8.167598927394446e-18	1.106401528604352e-06	1.0	1.106401528604352e-06	0.0	1.883130497488801e-07	2.212803057208704e-06	2.0	1.106401528604352e-06	1.106401528604352e-06
ti|428128|org|[Eubacterium]_siraeum_DSM_15702|accession|NZ_KB907524.1	8.167598927394267e-18	1.106401528604352e-06	1.0	1.106401528604352e-06	0.0	1.49949479856168e-08	4.9788068787195835e-06	4.5	2.212803057208704e-06	4.425606114417408e-06
ti|745368|org|Gemmiger_formicilis|accession|NZ_FUYF01000023.1	6.5401019531878454e-18	2.212803057208704e-06	2.0	2.212803057208704e-06	0.0	5.9583684089129665e-09	7.744810700230463e-06	7.0	4.425606114417408e-06	3.319204585813056e-06
ti|566550|org|Hungatella_hathewayi_DSM_13479|accession|NZ_GG668057.1	5.23690425290711e-18	1.106401528604352e-06	1.0	1.106401528604352e-06	0.0	8.427841878997039e-18	2.212803057208704e-06	2.0	2.212803057208704e-06	0.0
ti|1410649|org|Blautia_schinkii_DSM_10518|accession|NZ_JNKJ01000020.1	5.1022428208294426e-18	9.957613757439167e-06	9.0	9.957613757439167e-06	0.0	2.300217597564724e-06	7.179522741625713e-05	64.8907521908631	3.872405350115232e-05	9.625693298857861e-05
ti|1720313|org|Bittarella_massiliensis|accession|NZ_LN908977.1	4.305911405076437e-18	2.212803057208704e-06	2.0	2.212803057208704e-06	0.0	8.80020639235941e-08	3.361698513444442e-06	3.0384073291050036	3.319204585813056e-06	2.212803057208704e-06
ti|679937|org|Bacteroides_coprosuis_DSM_18011|accession|NZ_CM001167.1	4.193385110716494e-18	4.425606114417408e-06	4.0	4.425606114417408e-06	0.0	3.47928939309672e-07	5.732618909197273e-06	5.181318681318681	5.53200764302176e-06	5.53200764302176e-06
ti|42322|org|Eubacterium_ruminantium|accession|NZ_FUXA01000007.1	3.357800302985117e-18	4.425606114417408e-06	4.0	4.425606114417408e-06	0.0	2.657334526724441e-18	4.425606114417408e-06	4.0	4.425606114417408e-06	0.0
ti|484018|org|Bacteroides_plebeius_DSM_17135|accession|NZ_DS990119.1	3.0046917291222747e-18	1.106401528604352e-06	1.0	1.106401528604352e-06	0.0	1.3427746833508523e-06	7.744810700230463e-07	0.7	1.106401528604352e-06	1.106401528604352e-06
ti|745368|org|Gemmiger_formicilis|accession|NZ_FUYF01000011.1	2.6887162941255568e-18	7.744810700230463e-06	7.0	7.744810700230463e-06	0.0	5.356627133489824e-14	1.936202675057616e-05	17.5	1.8808825986273983e-05	2.212803057208704e-06
ti|1550024|org|Ruthenibacterium_lactatiformans|accession|NZ_JXXK01000001.1	2.688716294125555e-18	1.106401528604352e-06	1.0	1.106401528604352e-06	0.0	7.991583060326221e-07	2.25337111325753e-05	20.366666666666667	7.744810700230463e-06	2.5447235157900096e-05
ti|1408472|org|Prevotella_brevis_ATCC_19188|accession|NZ_JHXM01000004.1	2.1529557025382184e-18	1.106401528604352e-06	1.0	1.106401528604352e-06	0.0	1.633185817722122e-17	1.106401528604352e-06	1.0	1.106401528604352e-06	0.0
ti|467210|org|Lachnoanaerobaculum_saburreum|accession|NZ_KQ959775.1	1.7239521578453742e-18	1.106401528604352e-06	1.0	1.106401528604352e-06	0.0	3.885478907407703e-18	1.106401528604352e-06	1.0	1.106401528604352e-06	0.0
ti|428127|org|Absiella_dolichum_DSM_3991|accession|NZ_DS483462.1	1.617595630449572e-18	7.744810700230463e-06	7.0	7.744810700230463e-06	0.0	3.206350996902465e-14	1.2723617578950048e-05	11.5	1.3276818343252223e-05	0.0
ti|428128|org|[Eubacterium]_siraeum_DSM_15702|accession|NZ_KB907523.1	1.3804329736259433e-18	2.212803057208704e-06	2.0	2.212803057208704e-06	0.0	1.3804329736259433e-18	2.212803057208704e-06	2.0	2.212803057208704e-06	0.0
ti|1650663|org|Fournierella_massiliensis|accession|NZ_LN908961.1	1.1053643142019573e-18	2.212803057208704e-06	2.0	2.212803057208704e-06	0.0	1.8857715414679264e-06	1.1028013331541314e-05	9.967460317460317	7.744810700230463e-06	1.6596022929065278e-05
ti|1410649|org|Blautia_schinkii_DSM_10518|accession|NZ_JNKJ01000023.1	7.277563624167656e-19	2.212803057208704e-06	2.0	2.212803057208704e-06	0.0	7.277563624167716e-19	2.212803057208704e-06	2.0	2.212803057208704e-06	0.0
ti|40518|org|Ruminococcus_bromii|accession|NZ_FMUV01000014.1	5.675129616790137e-19	6.638409171626112e-06	6.0	6.638409171626112e-06	0.0	5.675129616790137e-19	6.638409171626112e-06	6.0	6.638409171626112e-06	0.0
ti|1297617|org|Intestinimonas_butyriciproducens|accession|NZ_CP011307.1	5.675129616790113e-19	2.212803057208704e-06	2.0	2.212803057208704e-06	0.0	7.560093239442991e-07	3.221326140114153e-05	29.115344265455146	1.106401528604352e-05	6.970329630207416e-05
ti|1720313|org|Bittarella_massiliensis|accession|NZ_LN908976.1	4.544288550564746e-19	2.212803057208704e-06	2.0	2.212803057208704e-06	0.0	4.4578473302225955e-06	4.860000428862307e-05	43.92619047619048	1.7702424457669632e-05	7.191609935928288e-05
ti|610130|org|[Clostridium]_saccharolyticum_WM1|accession|NC_014376.1	4.544288550564744e-19	1.106401528604352e-06	1.0	1.106401528604352e-06	0.0	1.857089572521297e-08	2.212803057208704e-06	2.0	2.212803057208704e-06	0.0
ti|40520|org|Blautia_obeum|accession|NZ_CYZA01000026.1	3.638781812083828e-19	1.106401528604352e-06	1.0	1.106401528604352e-06	0.0	7.27756362404695e-19	2.212803057208704e-06	2.0	2.212803057208704e-06	0.0
ti|1852370|org|Prevotellamassilia_timonensis|accession|NZ_LT629844.1	3.638781812083828e-19	1.106401528604352e-06	1.0	1.106401528604352e-06	0.0	1.2565852564205861e-05	3.1116778381371014e-05	28.124308921212943	2.212803057208704e-05	3.5404848915339265e-05
