Total Number of Aligned Reads:	921228	Total Number of Mapped Genomes:	8502
Genome	Final Guess	Final Best Hit	Final Best Hit Read Numbers	Final High Confidence Hits	Final Low Confidence Hits	Initial Guess	Initial Best Hit	Initial Best Hit Read Numbers	Initial High Confidence Hits	Initial Low Confidence Hits
ti|537011|org|Prevotella_copri_DSM_18205|accession|NZ_GG703852.1	0.22814983294406407	0.24149938994472595	222476.0	0.24115419852631487	0.0003451914184110774	0.1380645590251453	0.13198403295046368	121587.38670688975	0.20573082885018693	0.022856448132275616
ti|435590|org|Bacteroides_vulgatus_ATCC_8482|accession|NC_009614.1	0.15689847092057949	0.16033598631392013	147706.0	0.16033164428349986	4.342030420265125e-06	0.1506654792411285	0.15568802337461402	143424.16639734892	0.15535024988385068	0.003954504205256462
ti|537011|org|Prevotella_copri_DSM_18205|accession|NZ_GG703853.1	0.10061313235676042	0.10315036017142336	95025.0	0.10281276730624775	0.00033759286517561345	0.07836329456652505	0.07572418880759539	69759.24300684349	0.12424068743025614	0.013640488565262888
ti|537011|org|Prevotella_copri_DSM_18205|accession|NZ_GG703854.1	0.08911509904454554	0.07995306265115694	73655.0	0.0796871132879157	0.00026594936324123887	0.0722965105296682	0.07002574412260103	64509.6762065755	0.11274407638499916	0.019694364478717537
ti|515619|org|[Eubacterium]_rectale_ATCC_33656|accession|NC_012781.1	0.067260849639095	0.057361478374517494	52843.0	0.057361478374517494	0.0	0.06586463798469516	0.05335191601408152	49149.27888582029	0.052872904427568417	0.0014643497592344132
ti|537011|org|Prevotella_copri_DSM_18205|accession|NZ_GG703855.1	0.04272512148526628	0.03909672741167225	36017.0	0.03899794621961122	9.878119206103158e-05	0.0476245329594967	0.047429755230556106	43693.61855153474	0.07163156135071883	0.019074539636224692
ti|367928|org|Bifidobacterium_adolescentis_ATCC_15703|accession|NC_008618.1	0.03828306834057378	0.03067101738114777	28255.0	0.03067101738114777	0.0	0.03811143516726786	0.030597020554392652	28186.832051282036	0.0305993738792134	6.83869791191757e-05
ti|537011|org|Prevotella_copri_DSM_18205|accession|NZ_GG703856.1	0.02216555605209454	0.021774197050024532	20059.0	0.021715579639350953	5.861741067357918e-05	0.03212016750774729	0.030713617762254945	28294.2446638866	0.05230735496532889	0.006361074565688407
ti|537011|org|Prevotella_copri_DSM_18205|accession|NZ_GG703857.1	0.020357969275103055	0.018223501673852727	16788.0	0.018176824846834878	4.667682701785009e-05	0.03025653987423815	0.03032898023800073	27939.905806692936	0.04866439144272645	0.013110760853990542
ti|537011|org|Prevotella_copri_DSM_18205|accession|NZ_GG703858.1	0.013664917208798852	0.012208704034180463	11247.0	0.012195677942919668	1.3026091260795374e-05	0.02531410178325183	0.02438620996706964	22465.25943554363	0.041803983378707554	0.006232984668290586
ti|445970|org|Alistipes_putredinis_DSM_17216|accession|NZ_DS499579.1	0.013074312481366538	0.01605357197132523	14789.0	0.01605357197132523	0.0	0.0065174880310603705	0.007686769936221149	7081.267694805137	0.0112577993721424	0.003671186720334163
ti|411479|org|Bacteroides_uniformis_ATCC_8492|accession|NZ_DS362248.1	0.012208757523402138	0.00976956844559653	9000.0	0.00976956844559653	0.0	0.01223633202003074	0.009817511698153699	9044.166666666735	0.009772824968411729	0.00013351743542315257
ti|445970|org|Alistipes_putredinis_DSM_17216|accession|NZ_DS499577.1	0.012063063114281883	0.013463550825637084	12403.0	0.013463550825637084	0.0	0.013772437062213655	0.014406296206323254	13271.48344155876	0.015524929767657953	0.001559874428480246
ti|537011|org|Prevotella_copri_DSM_18205|accession|NZ_GG703859.1	0.011997491510199597	0.010377452704433647	9560.0	0.010368768643593117	8.68406084053025e-06	0.023670543855306748	0.02402295458741626	22130.618408656308	0.03963839570660032	0.0056305279474788
ti|411479|org|Bacteroides_uniformis_ATCC_8492|accession|NZ_DS362249.1	0.011540884105697256	0.00962085390370245	8863.0	0.00920618999856713	0.00041466390513531935	0.012672661912742193	0.010220180744252991	9415.116666666694	0.010908265923311058	0.0005199581428267486
ti|411479|org|Bacteroides_uniformis_ATCC_8492|accession|NZ_DS362220.1	0.010593070470991926	0.008334527391698906	7678.0	0.00833344188409384	1.0855076050662812e-06	0.010441468055397907	0.008347191647091343	7689.666666666663	0.008243344752873338	0.0004244334735809159
ti|411479|org|Bacteroides_uniformis_ATCC_8492|accession|NZ_DS362247.1	0.010323179156098063	0.008357323051405298	7699.0	0.0083508100057749	6.513045630397687e-06	0.009834464494525732	0.007978793626809031	7350.288095238031	0.007775490975089771	0.0006035422284168523
ti|411903|org|Collinsella_aerofaciens_ATCC_25986|accession|NZ_AAVN02000001.1	0.008246950184715265	0.006738831212251473	6208.0	0.006735574689436274	3.2565228151988435e-06	0.007787142260927677	0.006271848425093847	5777.802380952355	0.006174367257617007	0.0005449248177432731
ti|411479|org|Bacteroides_uniformis_ATCC_8492|accession|NZ_DS362246.1	0.007741304384360997	0.0061461440598852835	5662.0	0.0061461440598852835	0.0	0.0069860280241408395	0.005693143292060122	5244.683008657962	0.005431880055751671	0.0013601410291480501
ti|411479|org|Bacteroides_uniformis_ATCC_8492|accession|NZ_DS362244.1	0.007314128863853762	0.005871510635803515	5409.0	0.005871510635803515	0.0	0.007314021263400606	0.005872053389606047	5409.5	0.005873681651013647	0.0
ti|411903|org|Collinsella_aerofaciens_ATCC_25986|accession|NZ_AAVN02000002.1	0.006871443909262527	0.0057455917536158255	5293.0	0.0057097700026486385	3.5821750967187274e-05	0.006345834913670801	0.005196411056849492	4787.079365079344	0.005035669779902478	0.0006154828120725814
ti|411479|org|Bacteroides_uniformis_ATCC_8492|accession|NZ_DS362243.1	0.006452518471907183	0.005201752443477619	4792.0	0.005199581428267487	2.1710152101325623e-06	0.006471072638716989	0.005212486046058203	4801.888095238106	0.005214778534738415	0.00018996383088659919
ti|537011|org|Prevotella_copri_DSM_18205|accession|NZ_GG703861.1	0.005881266517682442	0.006010455609251998	5537.0	0.005972462843074678	3.7992766177319836e-05	0.01751001181833658	0.01780640044174424	16403.75466614716	0.0294693604623394	0.004324662298584064
ti|411479|org|Bacteroides_uniformis_ATCC_8492|accession|NZ_DS362242.1	0.0058069017664890985	0.00461774935195196	4254.0	0.00461774935195196	0.0	0.005603895306198429	0.0045035901354858274	4148.833333333338	0.004442982627536288	0.000289830530552697
ti|411479|org|Bacteroides_uniformis_ATCC_8492|accession|NZ_DS362240.1	0.005697626073747656	0.004563473971698645	4204.0	0.004563473971698645	0.0	0.00570521116798692	0.004571837549341489	4211.704761904761	0.004563473971698645	3.690725857225356e-05
ti|411479|org|Bacteroides_uniformis_ATCC_8492|accession|NZ_DS362239.1	0.005566542704252558	0.004418015952619764	4070.0	0.004418015952619764	0.0	0.005582831725624781	0.004465235533440148	4113.5	0.00451245511426053	0.0
ti|411479|org|Bacteroides_uniformis_ATCC_8492|accession|NZ_DS362245.1	0.005455300219226455	0.004326833313794197	3986.0	0.004315978237743534	1.085507605066281e-05	0.00709803018914794	0.005740603587716129	5288.404761904554	0.004859817547881741	0.0033270808095281516
ti|411479|org|Bacteroides_uniformis_ATCC_8492|accession|NZ_DS362241.1	0.005374634580923538	0.004339859405054992	3998.0	0.004339859405054992	0.0	0.004970298303352879	0.003996839001854117	3682.000000000064	0.003831841845883972	0.00048630740706969393
ti|537011|org|Prevotella_copri_DSM_18205|accession|NZ_GG703860.1	0.005272070018784277	0.005243001732470138	4830.0	0.005209350996713083	3.365073575705471e-05	0.017207386792512908	0.01921057387996933	17697.318554296387	0.029157819779685377	0.010159265675815324
ti|411903|org|Collinsella_aerofaciens_ATCC_25986|accession|NZ_AAVN02000003.1	0.0047399226941875205	0.003768882404790128	3472.0	0.0037211200701672115	4.7762334622916366e-05	0.004701018932723914	0.003786105361366862	3487.8662698412713	0.003704837456091217	0.0004591697169430369
ti|537011|org|Prevotella_copri_DSM_18205|accession|NZ_GG703862.1	0.0036789665520407253	0.0031099792885148953	2865.0	0.003093696674438901	1.6282614075994218e-05	0.014997002583931671	0.014520697284502844	13376.872918007986	0.02529775473606968	0.002791925560230475
ti|537011|org|Prevotella_copri_DSM_18205|accession|NZ_GG703863.1	0.003408977826317571	0.0022839080010594553	2104.0	0.002274138432613859	9.76956844559653e-06	0.014819475654645968	0.014061571520314028	12953.913408515851	0.02435553413487215	0.0029059038587624345
ti|411903|org|Collinsella_aerofaciens_ATCC_25986|accession|NZ_AAVN02000004.1	0.0030746665183669203	0.0024510761722396626	2258.0	0.0024510761722396626	0.0	0.0030994528590450447	0.002497318796215481	2300.599999999995	0.0024510761722396626	0.00014654352668394796
ti|411479|org|Bacteroides_uniformis_ATCC_8492|accession|NZ_DS362238.1	0.0030589152553852548	0.002420681959297807	2230.0	0.002420681959297807	0.0	0.0030627021368957457	0.0025007019615846085	2303.716666666666	0.0024499906646345965	0.00031805372828442035
ti|411903|org|Collinsella_aerofaciens_ATCC_25986|accession|NZ_AAVN02000005.1	0.002996256810750704	0.002367492086649559	2181.0	0.002339268888917836	2.822319773172331e-05	0.0030913328591685944	0.0024750073073615277	2280.0460317460456	0.002340354396522902	0.000513445097196351
ti|411903|org|Collinsella_aerofaciens_ATCC_25986|accession|NZ_AAVN02000006.1	0.0028848589086787318	0.002320815259631709	2138.0	0.00231755873681651	3.2565228151988435e-06	0.002923261446849299	0.0023572090558764934	2171.52698412699	0.0022643688641682622	0.000532984234087544
ti|411479|org|Bacteroides_uniformis_ATCC_8492|accession|NZ_DS362234.1	0.002841224978305622	0.002305618153160781	2124.0	0.002305618153160781	0.0	0.002840668702889726	0.0023072464145683803	2125.5	0.0023077891683709138	0.0
ti|445970|org|Alistipes_putredinis_DSM_17216|accession|NZ_DS499581.1	0.0027055264058341534	0.002761531347288619	2544.0	0.002761531347288619	0.0	0.002705555657601171	0.0027765695044316774	2557.8535714285854	0.0027050849518251725	0.00021493050580312365
ti|411903|org|Collinsella_aerofaciens_ATCC_25986|accession|NZ_AAVN02000007.1	0.002503885581080074	0.002038583282314476	1878.0	0.002038583282314476	0.0	0.0023947875457210055	0.001926150539848776	1774.4238095238084	0.0017433252137364474	0.0007576843083362642
ti|411479|org|Bacteroides_uniformis_ATCC_8492|accession|NZ_DS362223.1	0.002457692619760399	0.001953913689119306	1800.0	0.001953913689119306	0.0	0.0024685183478685593	0.0019859361634687613	1829.5	0.0020570369116006027	2.1710152101325623e-06
ti|411479|org|Bacteroides_uniformis_ATCC_8492|accession|NZ_DS362237.1	0.002290270270389724	0.001846448436217744	1701.0	0.001846448436217744	0.0	0.00231054445142034	0.001869026994403127	1721.800000000004	0.0018507904666380092	9.986669966609785e-05
ti|411479|org|Bacteroides_uniformis_ATCC_8492|accession|NZ_DS362236.1	0.002192451745213934	0.001772633919073237	1633.0	0.001772633919073237	0.0	0.002251466251830849	0.0018209390074986865	1677.5	0.0018540469894532082	1.0855076050662812e-06
ti|411479|org|Bacteroides_uniformis_ATCC_8492|accession|NZ_DS362233.1	0.002056359141367003	0.001645629529280482	1516.0	0.001645629529280482	0.0	0.002056358106296461	0.0016472577906880815	1517.5	0.001648886052095681	0.0
ti|411903|org|Collinsella_aerofaciens_ATCC_25986|accession|NZ_AAVN02000008.1	0.001959106651367481	0.0015110265862522633	1392.0	0.0015110265862522633	0.0	0.0021139180856316947	0.0016849554883298964	1552.2281746031738	0.0015533613828498482	0.0006849552987968233
ti|411479|org|Bacteroides_uniformis_ATCC_8492|accession|NZ_DS362235.1	0.0019422813204286048	0.0015924396566322344	1467.0	0.0015924396566322344	0.0	0.0019383038266637808	0.0015902686414221018	1465.0	0.0015924396566322344	0.0
ti|411479|org|Bacteroides_uniformis_ATCC_8492|accession|NZ_DS362232.1	0.001804700943613862	0.0014502381603685515	1336.0	0.0014502381603685515	0.0	0.0018046398967888294	0.0014507809141710848	1336.5	0.0014513236679736178	0.0
ti|411903|org|Collinsella_aerofaciens_ATCC_25986|accession|NZ_AAVN02000009.1	0.0016263090197594426	0.001247248238221157	1149.0	0.001247248238221157	0.0	0.0017992625613177762	0.0014521662286385009	1337.776190476189	0.001247248238221157	0.0009476481392228634
ti|537011|org|Prevotella_copri_DSM_18205|accession|NZ_GG703864.1	0.0015506132605542149	0.0012570178066667536	1158.0	0.001254846791456621	2.1710152101325623e-06	0.011409310477267681	0.012904659524882747	11888.133684788683	0.019375225242828052	0.008752447819649425
ti|411903|org|Collinsella_aerofaciens_ATCC_25986|accession|NZ_AAVN02000010.1	0.001248681048191766	0.0010355742552332322	954.0	0.0010355742552332322	0.0	0.0012503483668398062	0.001038830778048431	957.0	0.001038830778048431	3.2565228151988435e-06
ti|411903|org|Collinsella_aerofaciens_ATCC_25986|accession|NZ_AAVN02000011.1	0.001237332288473419	0.0010073510575015088	928.0	0.0010073510575015088	0.0	0.0012631492815242146	0.0010258046867876356	945.0	0.0010442583160737624	4.342030420265125e-06
ti|411479|org|Bacteroides_uniformis_ATCC_8492|accession|NZ_DS362231.1	0.001077712710563061	0.0008521234699770307	785.0	0.0008521234699770307	0.0	0.0011430933753080472	0.0009089317013088349	837.3333333333353	0.000857551008002362	0.00018127977004606894
ti|1002367|org|Prevotella_stercorea_DSM_18206|accession|NZ_JH379375.1	0.0010719968904509128	0.0009281090023316703	855.0	0.0009281090023316703	0.0	0.0004051518211470201	0.00037960200949167664	349.6999999999983	0.00013351743542315257	0.0007631118463615956
ti|537011|org|Prevotella_copri_DSM_18205|accession|NZ_GG703865.1	0.0007797493550594	0.0006361074565688407	586.0	0.0006317654261485756	4.342030420265125e-06	0.008665986335463617	0.00881161144223045	8117.5031857030735	0.014279852544646927	0.005468787314323924
ti|411903|org|Collinsella_aerofaciens_ATCC_25986|accession|NZ_AAVN02000012.1	0.0007173214926446547	0.0005688059850547313	524.0	0.0005688059850547313	0.0	0.0008486446960694021	0.0006889656463377606	634.6944444444425	0.0005774900458952615	0.0005101885743811521
ti|411903|org|Collinsella_aerofaciens_ATCC_25986|accession|NZ_AAVN02000013.1	0.00069245363886596	0.0005514378633736708	508.0	0.0005514378633736708	0.0	0.0007671219223473874	0.000616333126363218	567.7833333333346	0.0005514378633736708	0.00023989718071964813
ti|537011|org|Prevotella_copri_DSM_18205|accession|NZ_GG703873.1	0.0006754250063113439	0.0005612074318192673	517.0	0.0005612074318192673	0.0	0.000835098974773774	0.0008092217971856914	745.4777777777801	0.0007251190801842758	0.0002681203784513714
ti|411479|org|Bacteroides_uniformis_ATCC_8492|accession|NZ_DS362229.1	0.0006526324964359089	0.0005308132188774114	489.0	0.0005308132188774114	0.0	0.0006526324964592278	0.0005308132188774114	489.0	0.0005308132188774114	0.0
ti|1841857|org|Culturomica_massiliensis|accession|NZ_LT594621.1	0.0006263319384965275	0.000505846543960887	466.0	0.0005047610363558208	1.0855076050662812e-06	0.00041284273763469515	0.00032485609019639413	299.26652625944376	0.00017151020160047242	0.0012255380861198313
ti|411903|org|Collinsella_aerofaciens_ATCC_25986|accession|NZ_AAVN02000015.1	0.0005450928295857734	0.0004255189811859822	392.0	0.0004255189811859822	0.0	0.0005802576679451426	0.000455732276193662	419.83333333333485	0.00042768999639611474	0.00014654352668394796
ti|411903|org|Collinsella_aerofaciens_ATCC_25986|accession|NZ_AAVN02000014.1	0.0004876864749943155	0.0003896972302187949	359.0	0.0003896972302187949	0.0	0.0005796786505386526	0.00046524855953140935	428.60000000000116	0.00039403926063906003	0.00032456677391481806
ti|411903|org|Collinsella_aerofaciens_ATCC_25986|accession|NZ_AAVN02000016.1	0.00044255455386895505	0.00034736243362120994	320.0	0.00034736243362120994	0.0	0.0005007819321313749	0.00039389280326377707	362.8650793650828	0.00035496098685667394	0.0002529232719804435
ti|411479|org|Bacteroides_uniformis_ATCC_8492|accession|NZ_DS362228.1	0.0004286886602863656	0.0003484479412262762	321.0	0.0003484479412262762	0.0	0.0003010543499491417	0.0002529232719804436	233.0000000000001	0.0003213102510996192	3.907827378238612e-05
ti|411479|org|Bacteroides_uniformis_ATCC_8492|accession|NZ_DS362230.1	0.0004187220178823297	0.00033107981954521573	305.0	0.00033107981954521573	0.0	0.0003811097953007959	0.00030177111420842613	278.0	0.0003278232967300169	0.0
ti|411479|org|Bacteroides_uniformis_ATCC_8492|accession|NZ_DS362225.1	0.0003688069923275948	0.00030719865223375757	283.0	0.00030719865223375757	0.0	0.00040641222727789424	0.00033813561897814656	311.5	0.00036364504769720416	0.0
ti|411903|org|Collinsella_aerofaciens_ATCC_25986|accession|NZ_AAVN02000017.1	0.00034852887461817657	0.0002811464697121668	259.0	0.0002811464697121668	0.0	0.00036013393459985053	0.0002959998321081569	272.68333333333317	0.00028440299252736564	5.7531903068512896e-05
ti|537011|org|Prevotella_copri_DSM_18205|accession|NZ_GG703867.1	0.00029856110236018676	0.00028874502294763075	266.0	0.00028440299252736564	4.342030420265125e-06	0.003859660084261754	0.004481555623373962	4128.534523809548	0.0064023238546809256	0.002692058860564377
ti|226186|org|Bacteroides_thetaiotaomicron_VPI-5482|accession|NC_004663.1	0.0002813826788000821	0.000366901570512403	338.0	0.000366901570512403	0.0	0.0008785156708620567	0.0007226750433643834	665.7484848484842	0.00031262619025908896	0.0015511903676397156
ti|537011|org|Prevotella_copri_DSM_18205|accession|NZ_GG703866.1	0.00024669569462772075	0.00019864789172712943	183.0	0.00019647687651699688	2.1710152101325623e-06	0.005124498181954483	0.0065366134937944916	6021.711375661312	0.009012969644865332	0.004424528998250162
ti|537011|org|Prevotella_copri_DSM_18205|accession|NZ_GG703875.1	0.00010838057550731366	9.118263882556761e-05	84.0	9.118263882556761e-05	0.0	0.00018207591191416462	0.0002569525728287734	236.71190476190526	0.00014220149626368282	0.00032565228151988434
ti|763034|org|Bacteroides_fluxus_YIT_12057|accession|NZ_GL882693.1	9.521178139210706e-05	8.792611601036876e-05	81.0	8.792611601036876e-05	0.0	0.00022537253796206232	0.00019376310750433186	178.50000000000063	9.118263882556761e-05	0.0003093696674438901
ti|537011|org|Prevotella_copri_DSM_18205|accession|NZ_GG703868.1	6.433042753011697e-05	7.49000247495734e-05	69.0	7.49000247495734e-05	0.0	0.0028917758468820377	0.003274801707202014	3016.839027122297	0.005032413257087279	0.0013883642268797734
ti|411479|org|Bacteroides_uniformis_ATCC_8492|accession|NZ_DS362221.1	5.821696744179358e-05	4.2334796597584965e-05	39.0	4.2334796597584965e-05	0.0	0.0001312882678314913	9.443916164076644e-05	86.99999999999999	0.00012483337458262233	2.3881167311458183e-05
ti|1841868|org|Provencibacterium_massiliense|accession|NZ_FWCH01000012.1	5.777477255505679e-05	0.0006078842588371174	560.0	0.0006078842588371174	0.0	1.3413643966386021e-05	1.8475740394108814e-05	17.020369371784074	2.1710152101325623e-06	0.00013568845063328513
ti|411479|org|Bacteroides_uniformis_ATCC_8492|accession|NZ_DS362227.1	5.311627583946251e-05	4.667682701785009e-05	43.0	4.667682701785009e-05	0.0	7.040776828579205e-05	6.064369153636951e-05	55.86666666666661	4.7762334622916366e-05	7.49000247495734e-05
ti|411903|org|Collinsella_aerofaciens_ATCC_25986|accession|NZ_AAVN02000018.1	5.227773768097343e-05	4.7762334622916366e-05	44.0	4.7762334622916366e-05	0.0	6.074383910266531e-05	5.5360887858380334e-05	51.0	5.101885743811521e-05	9.76956844559653e-06
ti|411903|org|Collinsella_aerofaciens_ATCC_25986|accession|NZ_AAVN02000021.1	5.112158577047893e-05	4.124928899251868e-05	38.0	4.124928899251868e-05	0.0	5.320311257225252e-05	4.2334796597584965e-05	39.0	4.2334796597584965e-05	0.0
ti|411903|org|Collinsella_aerofaciens_ATCC_25986|accession|NZ_AAVN02000020.1	5.0493160021314944e-05	4.124928899251868e-05	38.0	4.124928899251868e-05	0.0	5.0493160021314944e-05	4.124928899251868e-05	38.0	4.124928899251868e-05	0.0
ti|411903|org|Collinsella_aerofaciens_ATCC_25986|accession|NZ_AAVN02000019.1	4.468924234059877e-05	4.342030420265124e-05	40.0	4.342030420265124e-05	0.0	4.6870658771362734e-05	4.5265667131263916e-05	41.699999999999996	4.342030420265124e-05	5.427538025331405e-06
ti|537011|org|Prevotella_copri_DSM_18205|accession|NZ_GG703869.1	4.017730266100731e-05	4.7762334622916366e-05	44.0	4.7762334622916366e-05	0.0	0.002261797573370107	0.002836525386708401	2613.0866089466067	0.003965359281307125	0.0021677586873173633
ti|411479|org|Bacteroides_uniformis_ATCC_8492|accession|NZ_DS362218.1	2.739148495494441e-05	2.062464449625934e-05	19.0	2.062464449625934e-05	0.0	0.00010355155478613915	8.231766005085968e-05	75.83333333333336	6.621596390904315e-05	7.055799432930827e-05
ti|411483|org|Faecalibacterium_prausnitzii_A2-165|accession|NZ_GG697156.2	1.8426331634651706e-05	0.0027050849518251725	2492.0	0.0027039994442201063	1.0855076050662812e-06	9.88670229787476e-06	0.002251704608775822	2074.333333333333	0.0024109123908522103	2.930870533678959e-05
ti|445970|org|Alistipes_putredinis_DSM_17216|accession|NZ_DS499580.1	1.618326231046359e-05	7.815654756477224e-05	72.0	7.815654756477224e-05	0.0	0.004762683174706689	0.005849675897033888	5388.8852272727345	0.008399657848002883	0.0031957343893151313
ti|295405|org|Bacteroides_fragilis_YCH46|accession|NC_006347.1	1.4401966032525022e-05	0.00013026091260795374	120.0	0.00013026091260795374	0.0	0.00019626183429023313	0.0003109256070758826	286.4333751553012	0.00012157685176742348	0.0015197106470927935
ti|537011|org|Prevotella_copri_DSM_18205|accession|NZ_GG703872.1	1.3081122578357662e-05	1.3026091260795374e-05	12.0	1.3026091260795374e-05	0.0	0.0010611629778825948	0.000991398403276896	913.3039682539683	0.0017617788430225741	0.00016825367878527356
ti|999419|org|Parabacteroides_johnsonii_CL02T12C29|accession|NZ_JH976467.1	1.2769329430647016e-05	0.0004233479659758496	390.0	0.0004233479659758496	0.0	9.451002477772834e-06	0.00032637078417276143	300.6619047619047	0.00030719865223375757	0.00014111598865861654
ti|411483|org|Faecalibacterium_prausnitzii_A2-165|accession|NZ_GG697149.2	1.2554302596956488e-05	0.008486498456408186	7818.0	0.008485412948803119	1.0855076050662812e-06	1.083434769502419e-05	0.006700273921254499	6172.47994392944	0.006623767406114448	0.0010258046867876356
ti|1499680|org|Bacillus_rubiinfantis|accession|NZ_CCFE01000031.1	9.362100449399962e-06	1.3026091260795374e-05	12.0	1.3026091260795374e-05	0.0	2.806791576826703e-06	3.7088176506431274e-06	3.416666666666667	0.0	1.085507605066281e-05
ti|763034|org|Bacteroides_fluxus_YIT_12057|accession|NZ_GL882607.1	8.766017422725916e-06	3.907827378238612e-05	36.0	3.907827378238612e-05	0.0	9.449569304596463e-06	3.039421294185587e-05	28.0	3.039421294185587e-05	0.0
ti|411903|org|Collinsella_aerofaciens_ATCC_25986|accession|NZ_AAVN02000024.1	8.656992405023793e-06	9.76956844559653e-06	9.0	9.76956844559653e-06	0.0	1.3107435399252073e-05	1.3026091260795365e-05	11.999999999999993	9.76956844559653e-06	1.5197106470927935e-05
ti|484018|org|Bacteroides_plebeius_DSM_17135|accession|NZ_DS990127.1	8.093930237712256e-06	7.598553235463968e-06	7.0	7.598553235463968e-06	0.0	5.231899856701621e-05	0.0001213547195505676	111.79536558213029	9.76956844559653e-06	0.0004244334735809159
ti|246787|org|Bacteroides_cellulosilyticus|accession|NZ_CP012801.1	6.7444409355736684e-06	0.00016391164836500845	151.0	0.00016391164836500845	0.0	5.873741238014367e-05	0.00018750355048682008	172.73352080787228	0.00015414207991941192	0.0005253856808520801
ti|411483|org|Faecalibacterium_prausnitzii_A2-165|accession|NZ_GG697154.2	3.927451545761183e-06	0.003735231669033073	3441.0	0.0037330606538229405	2.1710152101325623e-06	8.879041795842153e-06	0.002507884403571465	2310.3333333333335	0.0026280139118654666	0.00012808989739782116
ti|411903|org|Collinsella_aerofaciens_ATCC_25986|accession|NZ_AAVN02000023.1	3.905232256960959e-06	3.2565228151988435e-06	3.0	3.2565228151988435e-06	0.0	1.4930697517635872e-05	1.3213470549765148e-05	12.172619047619047	3.2565228151988435e-06	6.29594410938443e-05
ti|411483|org|Faecalibacterium_prausnitzii_A2-165|accession|NZ_GG697152.2	3.857514024418366e-06	0.005142049525198974	4737.0	0.005142049525198974	0.0	2.5521938995241884e-05	0.0038548726989047987	3551.21666666667	0.004118415853621471	0.00012700438979275488
ti|537011|org|Prevotella_copri_DSM_18205|accession|NZ_GG703871.1	3.7722041108824363e-06	8.68406084053025e-06	8.0	8.68406084053025e-06	0.0	0.0007890618395589239	0.0013110218491785275	1207.7500360750366	0.0015316512307485227	0.001324319278180863
ti|484018|org|Bacteroides_plebeius_DSM_17135|accession|NZ_DS990132.1	3.5070996358012118e-06	2.1710152101325623e-06	2.0	2.1710152101325623e-06	0.0	0.00010628768817166339	8.123215244579336e-05	74.83333333333333	5.970291827864546e-05	0.0001552275875244782
ti|411903|org|Collinsella_aerofaciens_ATCC_25986|accession|NZ_AAVN02000025.1	3.422098992021619e-06	2.1710152101325623e-06	2.0	2.1710152101325623e-06	0.0	2.2287806737667336e-05	1.8027179869850732e-05	16.60714285714285	6.513045630397687e-06	6.187393348877803e-05
ti|1410653|org|Clostridium_lundense_DSM_17049|accession|NZ_JHVC01000015.1	3.0167091134221208e-06	9.76956844559653e-06	9.0	9.76956844559653e-06	0.0	2.8223000815443303e-06	7.091983019766369e-06	6.533333333333332	1.0855076050662812e-06	1.73681216810605e-05
ti|445970|org|Alistipes_putredinis_DSM_17216|accession|NZ_DS499570.1	1.1688106854576128e-06	1.0855076050662812e-06	1.0	1.0855076050662812e-06	0.0	7.458985501933325e-06	1.7187203746882786e-05	15.833333333333334	1.73681216810605e-05	1.4111598865861655e-05
ti|411483|org|Faecalibacterium_prausnitzii_A2-165|accession|NZ_GG697151.2	1.0881966639583274e-06	0.005678290282101716	5231.0	0.005678290282101716	0.0	1.4229028434054459e-06	0.005343683678892224	4922.751028138526	0.005718454063489169	9.986669966609785e-05
ti|411483|org|Faecalibacterium_prausnitzii_A2-165|accession|NZ_GG697150.2	1.018493824949133e-06	0.006379528194974534	5877.0	0.006379528194974534	0.0	1.672965760252337e-05	0.006336408989905186	5837.277380952374	0.0067312326590160095	0.00019213484609673177
ti|1121101|org|Bacteroides_salyersiae_WAL_10018_=_DSM_18765_=_JCM_12988|accession|NZ_KB905467.1	9.621608723801073e-07	6.078842588371174e-05	56.0	6.078842588371174e-05	0.0	3.6191909102779148e-06	8.33902449463418e-05	76.82142857142857	8.575510080023621e-05	8.68406084053025e-06
ti|1852370|org|Prevotellamassilia_timonensis|accession|NZ_LT629845.1	7.987888291946876e-07	1.0855076050662812e-06	1.0	1.0855076050662812e-06	0.0	1.4852198096708926e-05	1.3930680931683942e-05	12.833333333333334	7.598553235463968e-06	1.845362928612678e-05
ti|1121101|org|Bacteroides_salyersiae_WAL_10018_=_DSM_18765_=_JCM_12988|accession|NZ_KB905466.1	6.622096047940183e-07	6.9472486724242e-05	64.0	6.9472486724242e-05	0.0	3.7362517764322906e-06	6.939236592482045e-05	63.9261904761905	6.29594410938443e-05	3.147972054692215e-05
ti|1121094|org|Bacteroides_barnesiae_DSM_18169_=_JCM_13652|accession|NZ_KB894650.1	4.975072319655385e-07	2.6052182521590748e-05	24.0	2.6052182521590748e-05	0.0	2.7478293244608184e-06	0.0001123500371243601	103.5	0.00011397829853195951	2.1710152101325623e-06
ti|28116|org|Bacteroides_ovatus|accession|NZ_CP012938.1	2.7106903716088084e-07	8.68406084053025e-06	8.0	8.68406084053025e-06	0.0	0.00021238664648967555	0.0001966991471218444	181.20476190476248	2.2795659706391902e-05	0.0005167016200115497
ti|1236513|org|Bacteroides_faecichinchillae_JCM_17102|accession|NZ_BAKK01000002.1	2.309329705925135e-07	8.358408559010364e-05	77.0	8.358408559010364e-05	0.0	2.308099527283222e-07	7.49000247495734e-05	69.0	7.381451714450712e-05	1.0855076050662812e-06
ti|999419|org|Parabacteroides_johnsonii_CL02T12C29|accession|NZ_JH976465.1	2.238074065690893e-07	5.970291827864546e-05	55.0	5.970291827864546e-05	0.0	1.1847244609276528e-06	9.642408983288773e-05	88.82857142857151	6.83869791191757e-05	0.00014762903428901423
ti|411483|org|Faecalibacterium_prausnitzii_A2-165|accession|NZ_GG697153.2	1.8032526829290914e-07	0.0017910875483593638	1650.0	0.0017910875483593638	0.0	5.358728668588047e-06	0.001943810714766436	1790.6928571428543	0.0020581224192056688	0.00010095220727116415
ti|411483|org|Faecalibacterium_prausnitzii_A2-165|accession|NZ_GG697159.2	1.1842032085618414e-07	0.00035387547925160766	326.0	0.00035387547925160766	0.0	2.4007487924491758e-06	0.00040597984429478914	374.0	0.0004526566713126392	6.513045630397687e-06
ti|999419|org|Parabacteroides_johnsonii_CL02T12C29|accession|NZ_JH976466.1	1.0364869435096974e-07	0.00010095220727116415	93.0	0.00010095220727116415	0.0	9.719435271318203e-06	0.00011415921646613724	105.16666666666667	0.00011397829853195951	6.513045630397687e-06
ti|1236513|org|Bacteroides_faecichinchillae_JCM_17102|accession|NZ_BAKK01000044.1	6.141061557258671e-08	1.953913689119306e-05	18.0	1.953913689119306e-05	0.0	6.141061733031142e-08	1.953913689119306e-05	18.0	1.953913689119306e-05	0.0
ti|1236513|org|Bacteroides_faecichinchillae_JCM_17102|accession|NZ_BAKK01000003.1	5.7169870614531985e-08	3.147972054692215e-05	29.0	3.147972054692215e-05	0.0	5.754677461985638e-08	3.3107981954521574e-05	30.5	3.365073575705471e-05	0.0
ti|997884|org|Bacteroides_nordii_CL02T12C05|accession|NZ_JH724314.1	5.697396578411746e-08	2.822319773172331e-05	26.0	2.822319773172331e-05	0.0	7.47253100562048e-05	6.089432412939929e-05	56.097556429078246	1.953913689119306e-05	0.0001617406331548759
ti|717959|org|Alistipes_shahii_WAL_8301|accession|NC_021030.1	4.9208322211062005e-08	1.845362928612678e-05	17.0	1.845362928612678e-05	0.0	7.399023846259445e-05	0.00034465583620707567	317.5066066773719	0.00023446964269431672	0.0009357075555671343
ti|1550024|org|Ruthenibacterium_lactatiformans|accession|NZ_JXXK01000016.1	8.261331017195492e-09	0.00011723482134715836	108.0	0.00011723482134715836	0.0	4.223435486600048e-05	0.00034669476029269706	319.3849206349207	0.0001498000494991468	0.0004200914431606508
ti|745368|org|Gemmiger_formicilis|accession|NZ_FUYF01000006.1	2.8038051232507555e-09	0.0004483146408923741	413.0	0.0004483146408923741	0.0	1.6452450753803598e-06	0.0003787047993887711	348.87346493131884	0.00036798707811746927	0.00031805372828442035
ti|1121129|org|Butyricimonas_synergistica_DSM_23225|accession|NZ_KB903359.1	1.8705356326244665e-09	3.2565228151988435e-05	30.0	3.2565228151988435e-05	0.0	4.3913084537520285e-09	3.147972054692215e-05	29.0	3.147972054692215e-05	0.0
ti|411483|org|Faecalibacterium_prausnitzii_A2-165|accession|NZ_GG697155.2	1.020882477807397e-09	0.0020092745769776862	1851.0	0.0020092745769776862	0.0	1.7062702423381843e-07	0.0028354298620454237	2612.0773809523816	0.0028429444176685903	0.00037992766177319837
ti|709991|org|Odoribacter_splanchnicus_DSM_20712|accession|NC_015160.1	4.6547822541369415e-10	1.4111598865861655e-05	13.0	1.4111598865861655e-05	0.0	6.783417505382189e-05	0.00010088939507064043	92.94213564213594	2.3881167311458183e-05	0.0005101885743811521
ti|40520|org|Blautia_obeum|accession|NZ_CYZA01000015.1	2.5311153808225894e-10	0.00015739860273461076	145.0	0.00015739860273461076	0.0	1.959098010141765e-06	0.00019086842055748775	175.83333333333331	0.00020841746017272598	5.427538025331405e-06
ti|947969|org|Cellulomonas_carbonis_T26|accession|NZ_AXCY01000293.1	6.61742977555384e-11	2.1710152101325623e-06	2.0	2.1710152101325623e-06	0.0	8.792353461375117e-08	4.342030420265125e-06	4.0	3.2565228151988435e-06	4.342030420265125e-06
ti|1349822|org|Coprobacter_fastidiosus_NSB1|accession|NZ_KI440780.1	4.451861319291309e-11	1.085507605066281e-05	10.0	1.085507605066281e-05	0.0	4.455326001492129e-11	1.1940583655729091e-05	11.0	1.1940583655729091e-05	0.0
ti|763034|org|Bacteroides_fluxus_YIT_12057|accession|NZ_GL882608.1	3.0354282400364426e-11	4.342030420265125e-06	4.0	4.342030420265125e-06	0.0	3.0354282400364426e-11	4.342030420265125e-06	4.0	4.342030420265125e-06	0.0
ti|511680|org|Butyrivibrio_crossotus_DSM_2876|accession|NZ_GG663519.1	2.0745357899334118e-11	4.01637813874524e-05	37.0	4.01637813874524e-05	0.0	1.0372734753650803e-11	3.907827378238612e-05	36.0	4.01637813874524e-05	0.0
ti|521003|org|Collinsella_intestinalis_DSM_13280|accession|NZ_GG692710.1	1.1748535467192606e-11	1.0855076050662812e-06	1.0	1.0855076050662812e-06	0.0	4.48442132777191e-06	0.0	0.0	0.0	0.0
ti|745368|org|Gemmiger_formicilis|accession|NZ_FUYF01000007.1	6.74090236946713e-12	8.901162361543505e-05	82.0	8.901162361543505e-05	0.0	1.4641302187449839e-07	0.0004038088290846565	371.99999999999994	0.0003994667986643914	3.039421294185587e-05
ti|880074|org|Barnesiella_viscericola_DSM_18177|accession|NZ_CP007034.1	5.976022755417665e-12	1.085507605066281e-05	10.0	1.085507605066281e-05	0.0	3.733204907162578e-05	5.9818111107096155e-05	55.106118858967974	1.4111598865861655e-05	0.0007272900953944083
ti|667015|org|Bacteroides_salanitronis_DSM_18170|accession|NC_015164.1	2.504061198862795e-12	8.141307037997109e-05	75.0	8.141307037997109e-05	0.0	1.2476227733337334e-05	6.573317521573244e-05	60.55524153763877	5.427538025331406e-05	0.00019756238412206315
ti|763034|org|Bacteroides_fluxus_YIT_12057|accession|NZ_GL882646.1	1.6885199920595849e-12	1.4111598865861655e-05	13.0	1.4111598865861655e-05	0.0	9.308464998099521e-10	2.713769012665703e-05	25.0	2.713769012665703e-05	1.0855076050662812e-06
ti|762982|org|Paraprevotella_xylaniphila_YIT_11841|accession|NZ_GL883832.1	1.1392786037257069e-12	3.2565228151988435e-06	3.0	3.2565228151988435e-06	0.0	1.1392786037257069e-12	3.2565228151988435e-06	3.0	3.2565228151988435e-06	0.0
ti|40520|org|Blautia_obeum|accession|NZ_CYZA01000001.1	8.163271319961122e-13	5.2104365043181495e-05	48.0	5.2104365043181495e-05	0.0	5.5207000555869636e-06	4.6043614248228086e-05	42.416666666666664	4.124928899251868e-05	1.085507605066281e-05
ti|880526|org|Rikenella_microfusus_DSM_15922|accession|NZ_KE386488.1	6.210887737442119e-13	1.73681216810605e-05	16.0	1.73681216810605e-05	0.0	3.0888552875949374e-05	5.587386837034813e-05	51.472572011079066	1.845362928612678e-05	0.0007652828615717282
ti|745368|org|Gemmiger_formicilis|accession|NZ_FUYF01000012.1	3.4034683342712685e-13	0.00023664065790444927	218.0	0.00023664065790444927	0.0	2.1587099805955704e-05	0.0009884649595576767	910.6015977633994	0.0008065321505642468	0.0007001524052677513
ti|470145|org|Bacteroides_coprocola_DSM_17136|accession|NZ_DS981470.1	1.9438034506700754e-13	6.513045630397687e-06	6.0	6.513045630397687e-06	0.0	1.9474753205717326e-07	5.861741067357918e-06	5.4	6.513045630397687e-06	6.513045630397687e-06
ti|1033732|org|Alistipes_senegalensis_JC50|accession|NZ_HE978647.1	1.632692935075543e-13	1.5197106470927935e-05	14.0	1.5197106470927935e-05	0.0	3.1305010155545048e-12	2.559988768614646e-05	23.58333333333333	2.4966674916524464e-05	7.598553235463968e-06
ti|679935|org|Alistipes_finegoldii_DSM_17242|accession|NC_018011.1	7.128330058721508e-14	6.513045630397687e-06	6.0	6.513045630397687e-06	0.0	7.089485676727025e-05	0.00036664172113218545	337.7606194751609	0.000332165327150282	0.0010822510822510823
ti|411483|org|Faecalibacterium_prausnitzii_A2-165|accession|NZ_GG697158.2	6.591192293033693e-14	0.0004580842093379706	422.0	0.0004580842093379706	0.0	6.106427161142368e-09	0.000577399586928172	531.9166666666661	0.0005698914926597976	0.00012374786697755605
ti|44008|org|Enterococcus_cecorum|accession|NZ_CP010064.1	5.6721341734032013e-14	1.0855076050662812e-06	1.0	1.0855076050662812e-06	0.0	4.4915588146044724e-07	4.342030420265125e-06	4.0	1.0855076050662812e-06	8.68406084053025e-06
ti|40518|org|Ruminococcus_bromii|accession|NZ_FMUV01000042.1	2.3540494169604393e-14	0.0002485812415601784	229.0	0.0002485812415601784	0.0	1.177024708480223e-14	0.0002464102263500458	227.0	0.0002485812415601784	0.0
ti|763034|org|Bacteroides_fluxus_YIT_12057|accession|NZ_GL882611.1	1.3379264631188796e-14	2.1710152101325623e-06	2.0	2.1710152101325623e-06	0.0	6.361691984313444e-08	2.1710152101325623e-06	2.0	2.1710152101325623e-06	0.0
ti|1550024|org|Ruthenibacterium_lactatiformans|accession|NZ_JXXK01000008.1	1.11196169509855e-14	0.00011072177571676067	102.0	0.00011072177571676067	0.0	8.480182963742274e-11	0.00011886308275475778	109.5	0.00013134642021302002	1.0855076050662812e-06
ti|1033732|org|Alistipes_senegalensis_JC50|accession|NZ_HE978648.1	9.588966361629826e-15	6.513045630397687e-06	6.0	6.513045630397687e-06	0.0	1.3284892452223737e-05	2.8820912209714976e-05	26.55063131313131	1.1940583655729091e-05	5.2104365043181495e-05
ti|547042|org|Bacteroides_coprophilus_DSM_18228_=_JCM_13818|accession|NZ_EQ973632.1	8.5785220931328e-15	1.0855076050662812e-06	1.0	1.0855076050662812e-06	0.0	2.2069124137105955e-11	3.2565228151988435e-06	3.0	3.2565228151988435e-06	0.0
ti|470145|org|Bacteroides_coprocola_DSM_17136|accession|NZ_DS981511.1	5.751881150007438e-15	2.1710152101325623e-06	2.0	2.1710152101325623e-06	0.0	7.182024515125768e-15	2.1710152101325623e-06	2.0	2.1710152101325623e-06	0.0
ti|39495|org|Eubacterium_uniforme|accession|NZ_FUXZ01000008.1	4.9341566462079325e-15	4.342030420265125e-06	4.0	4.342030420265125e-06	0.0	2.4937133879701464e-07	3.5278997164654136e-06	3.25	4.342030420265125e-06	2.1710152101325623e-06
ti|449673|org|Bacteroides_stercoris_ATCC_43183|accession|NZ_DS499672.1	3.633153712023926e-15	4.342030420265125e-06	4.0	4.342030420265125e-06	0.0	5.3196654219312916e-05	4.2938882212120666e-05	39.556500582507496	2.1710152101325623e-06	0.0007663683691767944
ti|1121129|org|Butyricimonas_synergistica_DSM_23225|accession|NZ_KB903370.1	1.966066287549561e-15	3.2565228151988435e-06	3.0	3.2565228151988435e-06	0.0	2.629884253626915e-15	4.342030420265125e-06	4.0	4.342030420265125e-06	0.0
ti|449673|org|Bacteroides_stercoris_ATCC_43183|accession|NZ_DS499662.1	1.5810122016840672e-15	7.598553235463968e-06	7.0	7.598553235463968e-06	0.0	0.00024621106566152356	0.00038633568101842825	355.9032467532446	4.5591319412783804e-05	0.0012993526032643384
ti|762982|org|Paraprevotella_xylaniphila_YIT_11841|accession|NZ_GL883870.1	1.4423060922271499e-15	5.427538025331405e-06	5.0	5.427538025331405e-06	0.0	1.7892569009242777e-05	1.926775998992649e-05	17.75	1.1940583655729091e-05	1.845362928612678e-05
ti|40518|org|Ruminococcus_bromii|accession|NZ_FMUV01000030.1	1.16375233765266e-15	2.171015210132562e-05	20.0	2.171015210132562e-05	0.0	4.087454754207844e-13	2.1167398298792483e-05	19.5	2.2795659706391902e-05	0.0
ti|547042|org|Bacteroides_coprophilus_DSM_18228_=_JCM_13818|accession|NZ_EQ973635.1	8.896777959333791e-16	2.1710152101325623e-06	2.0	2.1710152101325623e-06	0.0	1.59858231193352e-05	7.960389103819401e-06	7.333333333333339	1.0855076050662812e-06	4.01637813874524e-05
ti|1037355|org|Parabacteroides_chartae|accession|NZ_FUYQ01000013.1	7.13569715619091e-16	9.76956844559653e-06	9.0	9.76956844559653e-06	0.0	7.13569715619091e-16	9.76956844559653e-06	9.0	9.76956844559653e-06	0.0
ti|742817|org|Odoribacter_laneus_YIT_12061|accession|NZ_JH594596.1	6.202718893804083e-16	7.598553235463968e-06	7.0	7.598553235463968e-06	0.0	2.277989850690292e-12	1.085507605066281e-05	10.0	1.085507605066281e-05	0.0
ti|449673|org|Bacteroides_stercoris_ATCC_43183|accession|NZ_DS499676.1	5.960653214219154e-16	3.2565228151988435e-06	3.0	3.2565228151988435e-06	0.0	0.0012358015288275884	0.0009127542388038368	840.854761904781	0.00010095220727116415	0.002432622542953536
ti|1236513|org|Bacteroides_faecichinchillae_JCM_17102|accession|NZ_BAKK01000016.1	5.181130689818975e-16	1.1940583655729091e-05	11.0	1.1940583655729091e-05	0.0	3.3294516778528576e-10	1.1940583655729091e-05	11.0	1.1940583655729091e-05	0.0
ti|47678|org|Bacteroides_caccae|accession|NZ_CP022412.2	4.311157224900789e-16	5.427538025331405e-06	5.0	5.427538025331405e-06	0.0	0.00034023303776890563	0.0002506488750936397	230.90476190476355	0.00010095220727116415	0.0005601219242142011
ti|1445607|org|Bacteroides_reticulotermitis_JCM_10512|accession|NZ_BAIV01000014.1	3.7414029635876893e-16	1.1940583655729091e-05	11.0	1.1940583655729091e-05	0.0	1.8718063894912694e-06	2.2252905903858763e-05	20.5	2.062464449625934e-05	3.2565228151988435e-06
ti|1121094|org|Bacteroides_barnesiae_DSM_18169_=_JCM_13652|accession|NZ_KB894664.1	2.792868777073951e-16	7.598553235463968e-06	7.0	7.598553235463968e-06	0.0	7.386577994266036e-15	1.1940583655729091e-05	11.0	1.1940583655729091e-05	0.0
ti|997894|org|[Clostridium]_bolteae_90A9|accession|NZ_KB851182.1	2.192801773488858e-16	0.00035170446404147505	324.0	0.00035170446404147505	0.0	2.770417321925128e-07	6.513993295767189e-05	60.00873015873017	3.2565228151988435e-05	6.29594410938443e-05
ti|762982|org|Paraprevotella_xylaniphila_YIT_11841|accession|NZ_GL883849.1	1.962205240875593e-16	2.1710152101325623e-06	2.0	2.1710152101325623e-06	0.0	1.962205240875593e-16	2.1710152101325623e-06	2.0	2.1710152101325623e-06	0.0
ti|40518|org|Ruminococcus_bromii|accession|NZ_FMUV01000043.1	1.0940138349562583e-16	0.00010963626811169439	101.0	0.00010963626811169439	0.0	1.344195575654318e-13	0.00010746525290156182	99.0	0.00010963626811169439	0.0
ti|1121097|org|Bacteroides_graminisolvens_DSM_19988_=_JCM_15093|accession|NZ_ATZI01000001.1	5.83253000870738e-17	3.2565228151988435e-06	3.0	3.2565228151988435e-06	0.0	1.2403176021363603e-10	3.2565228151988435e-06	3.0	3.2565228151988435e-06	0.0
ti|585394|org|Roseburia_hominis_A2-183|accession|NC_015977.1	5.172316859860727e-17	0.00019647687651699688	181.0	0.00019647687651699688	0.0	2.891937537012944e-05	0.00036877912254158914	339.7296535007431	0.0001204913441623572	0.0006621596390904315
ti|1118061|org|Alistipes_communis|accession|NZ_HE978577.1	4.141667568662356e-17	5.427538025331405e-06	5.0	5.427538025331405e-06	0.0	4.1416675689630546e-17	6.422586663308829e-06	5.916666666666666	5.427538025331405e-06	3.2565228151988435e-06
ti|1236513|org|Bacteroides_faecichinchillae_JCM_17102|accession|NZ_BAKK01000078.1	2.6555560204226436e-17	2.1710152101325623e-06	2.0	2.1710152101325623e-06	0.0	9.581007315681129e-14	8.68406084053025e-06	8.0	8.68406084053025e-06	0.0
ti|40518|org|Ruminococcus_bromii|accession|NZ_FMUV01000039.1	1.0917376909470852e-17	1.845362928612678e-05	17.0	1.845362928612678e-05	0.0	1.1558813655413355e-17	1.845362928612678e-05	17.0	1.953913689119306e-05	0.0
ti|40518|org|Ruminococcus_bromii|accession|NZ_FMUV01000020.1	1.0632282584995963e-17	6.187393348877803e-05	57.0	6.187393348877803e-05	0.0	1.0632015155469624e-17	6.02456720811786e-05	55.5	5.861741067357918e-05	2.1710152101325623e-06
ti|40518|org|Ruminococcus_bromii|accession|NZ_FMUV01000002.1	1.0631747725941163e-17	7.815654756477224e-05	72.0	7.815654756477224e-05	0.0	1.0632015155467104e-17	7.652828615717282e-05	70.5	7.707103995970596e-05	0.0
ti|547042|org|Bacteroides_coprophilus_DSM_18228_=_JCM_13818|accession|NZ_EQ973639.1	9.884614451818356e-18	3.2565228151988435e-06	3.0	3.2565228151988435e-06	0.0	9.884614451818356e-18	3.2565228151988435e-06	3.0	3.2565228151988435e-06	0.0
ti|1002367|org|Prevotella_stercorea_DSM_18206|accession|NZ_JH379361.1	8.881273318705551e-18	6.513045630397687e-06	6.0	6.513045630397687e-06	0.0	9.36002283449023e-18	7.055799432930827e-06	6.5	7.598553235463968e-06	0.0
ti|40518|org|Ruminococcus_bromii|accession|NZ_FMUV01000007.1	8.808412030818543e-18	5.101885743811521e-05	47.0	5.101885743811521e-05	0.0	5.848593107161049e-16	4.7762334622916366e-05	44.0	4.884784222798265e-05	0.0
ti|484018|org|Bacteroides_plebeius_DSM_17135|accession|NZ_DS990119.1	8.741904206542107e-18	1.0855076050662812e-06	1.0	1.0855076050662812e-06	0.0	1.6284748517237813e-06	7.598553235463968e-07	0.7	1.0855076050662812e-06	1.0855076050662812e-06
ti|411471|org|Subdoligranulum_variabile_DSM_15176|accession|NZ_GG704769.1	5.605137555189986e-18	0.00021927253622338878	202.0	0.00021927253622338878	0.0	7.18018464203075e-07	0.00026709822400968717	246.05836270799608	0.00015305657231434565	0.0004993334983304893
ti|1841865|org|Mediterranea_massiliensis|accession|NZ_LT635837.1	4.0167329836650885e-18	2.1710152101325623e-06	2.0	2.1710152101325623e-06	0.0	8.083393489834697e-07	9.07243133923178e-05	83.57777777777814	3.2565228151988435e-06	0.000401637813874524
ti|1236498|org|Bacteroides_paurosaccharolyticus_JCM_15092|accession|NZ_BAJR01000054.1	3.1186861476426313e-18	2.1710152101325623e-06	2.0	2.1710152101325623e-06	0.0	6.313380294465372e-06	1.2519228676102653e-05	11.533063994828694	3.2565228151988435e-06	4.01637813874524e-05
ti|411483|org|Faecalibacterium_prausnitzii_A2-165|accession|NZ_GG697157.2	1.8454297591127694e-18	0.00025400877958550977	234.0	0.00025400877958550977	0.0	1.047952341274549e-09	0.0005868292881117063	540.6035714285711	0.0005753190306851289	9.552466924583273e-05
ti|1122984|org|Prevotella_intermedia_ATCC_25611_=_DSM_20706|accession|NZ_CP019301.1	1.8451719721445536e-18	1.0855076050662812e-06	1.0	1.0855076050662812e-06	0.0	3.073458024347129e-07	3.2151806183220825e-06	2.9619144106556154	1.0855076050662812e-06	7.381451714450712e-05
ti|484018|org|Bacteroides_plebeius_DSM_17135|accession|NZ_DS990123.1	1.322123491434748e-18	2.1710152101325623e-06	2.0	2.1710152101325623e-06	0.0	4.09071332985082e-09	2.1710152101325623e-06	2.0	2.1710152101325623e-06	0.0
ti|39482|org|Faecalicatena_contorta|accession|NZ_CYZU01000001.1	5.348013798952851e-26	0.00021058847538285854	194.0	0.00021058847538285854	0.0	2.4099195909849383e-05	0.0003662066518045168	337.3598214285714	0.00032456677391481806	0.0001617406331548759
ti|1650663|org|Fournierella_massiliensis|accession|NZ_LN908964.1	2.8676641835421504e-26	0.00018996383088659919	175.0	0.00018996383088659919	0.0	3.187311350972506e-06	0.0002886315382304615	265.8954547009716	0.00013026091260795374	0.000513445097196351
ti|1211819|org|Holdemania_massiliensis_AP2|accession|NZ_HE998569.1	1.188650619399322e-26	0.00036473055530227043	336.0	0.00036473055530227043	0.0	2.8553165690191965e-09	0.00020317084008157228	187.16666666666666	0.0001845362928612678	4.667682701785009e-05
ti|428125|org|[Clostridium]_leptum_DSM_753|accession|NZ_DS480350.1	1.1654766832880534e-26	5.2104365043181495e-05	48.0	5.2104365043181495e-05	0.0	1.4330022508865418e-05	9.549672605347813e-05	87.97425794879355	6.187393348877803e-05	0.00018562180046633408
ti|622312|org|Roseburia_inulinivorans_DSM_16841|accession|NZ_ACFY01000061.1	4.485424738359619e-27	4.5591319412783804e-05	42.0	4.5591319412783804e-05	0.0	2.3815431795239278e-08	5.432257623614302e-05	50.04347826086956	5.644639546344662e-05	2.1710152101325623e-06
ti|476272|org|Blautia_hydrogenotrophica_DSM_10507|accession|NZ_GG657680.1	3.765237755039682e-27	8.03275627749048e-05	74.0	8.03275627749048e-05	0.0	1.12016685510783e-09	9.968578173192014e-05	91.83333333333333	7.707103995970596e-05	3.039421294185587e-05
ti|1150298|org|Fusicatenibacter_saccharivorans|accession|NZ_CYYV01000010.1	2.9442593162548858e-27	2.930870533678959e-05	27.0	2.930870533678959e-05	0.0	1.2923116409492342e-07	4.290468809024476e-05	39.525	4.01637813874524e-05	1.5197106470927935e-05
ti|796942|org|Stomatobaculum_longum|accession|NZ_JH590861.1	2.6525955314984738e-27	9.986669966609785e-05	92.0	9.986669966609785e-05	0.0	3.121788584805751e-07	0.00012218345895848994	112.55882352941177	0.00014003048105355026	3.2565228151988435e-06
ti|537011|org|Prevotella_copri_DSM_18205|accession|NZ_GG703870.1	2.191713356503136e-27	7.598553235463968e-06	7.0	7.598553235463968e-06	0.0	0.0007871192652549142	0.0013925460157011955	1282.8523809523808	0.0021341079515603085	0.0003213102510996192
ti|411474|org|Coprococcus_eutactus_ATCC_27759|accession|NZ_DS483527.1	2.0528923311894083e-27	0.00011289279092689324	104.0	0.00011289279092689324	0.0	3.724851335503107e-11	0.00016716817118020728	154.0	0.00016716817118020728	0.0
ti|622312|org|Roseburia_inulinivorans_DSM_16841|accession|NZ_ACFY01000080.1	1.2004906404929136e-27	1.085507605066281e-05	10.0	1.085507605066281e-05	0.0	3.859236469899808e-12	1.4111598865861655e-05	13.0	1.6282614075994218e-05	0.0
ti|36847|org|Anaerotignum_neopropionicum|accession|NZ_LRVM01000002.1	1.1544864191106728e-27	3.5821750967187274e-05	33.0	3.5821750967187274e-05	0.0	9.49832250508055e-07	0.0001528170714300532	140.77936507936505	7.49000247495734e-05	0.0001324319278180863
ti|1410649|org|Blautia_schinkii_DSM_10518|accession|NZ_JNKJ01000020.1	1.0787230337334768e-27	8.684060840530249e-05	80.0	8.684060840530249e-05	0.0	1.0227647148703495e-06	9.872016707068903e-05	90.94378207019672	4.884784222798265e-05	0.00016282614075994217
ti|537013|org|[Clostridium]_methylpentosum_DSM_5476|accession|NZ_EQ973339.1	5.816127848592378e-28	8.358408559010364e-05	77.0	8.358408559010364e-05	0.0	3.3969553564939555e-10	0.0002520588862949278	232.20370370370372	0.0002290421046689853	5.101885743811521e-05
ti|745368|org|Gemmiger_formicilis|accession|NZ_FUYF01000005.1	4.8198851408386365e-28	2.062464449625934e-05	19.0	2.062464449625934e-05	0.0	3.279144144074241e-13	0.000150991149265035	139.09727445512965	0.00011614931374209208	0.0002735479164767028
ti|649756|org|Anaerostipes_hadrus|accession|NZ_CP012098.1	4.512726137454785e-28	2.062464449625934e-05	19.0	2.062464449625934e-05	0.0	1.9371647051208076e-05	0.00013544397043921587	124.77477799977797	7.815654756477224e-05	0.00022144355143352134
ti|511680|org|Butyrivibrio_crossotus_DSM_2876|accession|NZ_GG663521.1	3.9502056112410594e-28	1.5197106470927935e-05	14.0	1.5197106470927935e-05	0.0	6.44237830624399e-08	1.5739860273461076e-05	14.5	1.6282614075994218e-05	0.0
ti|1203606|org|Butyricicoccus_pullicaecorum_1.2|accession|NZ_KB976103.1	3.5591040296264864e-28	0.00035930301727693905	331.0	0.00035930301727693905	0.0	4.572162076437238e-08	0.0002445692949918914	225.30408248679015	0.00018236527765113522	0.00034736243362120994
ti|622312|org|Roseburia_inulinivorans_DSM_16841|accession|NZ_ACFY01000094.1	1.4537385967708187e-28	1.085507605066281e-05	10.0	1.085507605066281e-05	0.0	2.4234219927338e-07	1.4654352668394795e-05	13.5	1.845362928612678e-05	0.0
ti|745368|org|Gemmiger_formicilis|accession|NZ_FUYF01000002.1	1.0291776453259939e-28	3.147972054692215e-05	29.0	3.147972054692215e-05	0.0	3.7204252969211765e-13	0.00010692249909902868	98.5	0.00010637974529649555	5.427538025331405e-06
ti|40518|org|Ruminococcus_bromii|accession|NZ_FMUV01000051.1	7.64194535606364e-29	1.4111598865861655e-05	13.0	1.4111598865861655e-05	0.0	7.64194535606364e-29	1.4111598865861655e-05	13.0	1.4111598865861655e-05	0.0
ti|470146|org|Coprococcus_comes_ATCC_27758|accession|NZ_GG662007.1	6.233441845862553e-29	3.2565228151988435e-06	3.0	3.2565228151988435e-06	0.0	2.3850952349647653e-05	5.33018513909239e-05	49.10315795315804	1.73681216810605e-05	0.00019864789172712943
ti|40518|org|Ruminococcus_bromii|accession|NZ_FMUV01000029.1	6.16754149139559e-29	0.00013134642021302002	121.0	0.00013134642021302002	0.0	1.0238318109049808e-11	0.000135145696830752	124.5	0.00013568845063328513	0.0
ti|1871018|org|Angelakisella_massiliensis|accession|NZ_LT629945.1	5.51294280330158e-29	2.713769012665703e-05	25.0	2.713769012665703e-05	0.0	1.326884633269173e-05	0.00020030752105775138	184.52889700899019	6.404494869891058e-05	0.0002996000989982936
ti|40518|org|Ruminococcus_bromii|accession|NZ_FMUV01000003.1	2.578444771239575e-29	4.884784222798265e-05	45.0	4.884784222798265e-05	0.0	2.8961442656962867e-15	4.667682701785009e-05	43.0	4.667682701785009e-05	0.0
ti|40518|org|Ruminococcus_bromii|accession|NZ_FMUV01000023.1	2.2384714413749695e-29	7.598553235463967e-05	70.0	7.598553235463967e-05	0.0	2.2384714413749695e-29	7.598553235463967e-05	70.0	7.598553235463967e-05	0.0
ti|40518|org|Ruminococcus_bromii|accession|NZ_FMUV01000004.1	9.320514397551919e-30	5.5360887858380334e-05	51.0	5.5360887858380334e-05	0.0	2.6453128335443614e-17	5.644639546344662e-05	52.0	5.7531903068512896e-05	0.0
ti|40518|org|Ruminococcus_bromii|accession|NZ_FMUV01000040.1	7.553839020723822e-30	1.3026091260795374e-05	12.0	1.3026091260795374e-05	0.0	7.57732422518683e-30	1.3026091260795374e-05	12.0	1.3026091260795374e-05	0.0
ti|411461|org|Dorea_formicigenerans_ATCC_27755|accession|NZ_AAXA02000016.1	7.536588605767255e-30	2.6052182521590748e-05	24.0	2.6052182521590748e-05	0.0	8.44263473113788e-07	0.00011332072914018351	104.39422866435298	3.4736243362121e-05	0.0004428871028670427
ti|40518|org|Ruminococcus_bromii|accession|NZ_FMUV01000041.1	3.4959296881495674e-30	1.4111598865861655e-05	13.0	1.4111598865861655e-05	0.0	2.4609781979032897e-15	1.2483337458262232e-05	11.5	1.3026091260795374e-05	0.0
ti|40518|org|Ruminococcus_bromii|accession|NZ_FMUV01000016.1	3.081248061446724e-30	2.822319773172331e-05	26.0	2.822319773172331e-05	0.0	4.370952103274134e-18	2.8765951534256448e-05	26.5	2.930870533678959e-05	0.0
ti|40518|org|Ruminococcus_bromii|accession|NZ_FMUV01000010.1	2.8026469570037737e-30	2.2795659706391902e-05	21.0	2.2795659706391902e-05	0.0	2.7695299547689887e-30	2.171015210132562e-05	20.0	2.171015210132562e-05	0.0
ti|411467|org|Pseudoflavonifractor_capillosus_ATCC_29799|accession|NZ_AAXG02000024.1	2.516041138962444e-30	2.3881167311458183e-05	22.0	2.3881167311458183e-05	0.0	2.824959328870801e-10	5.590364166091348e-05	51.5	5.2104365043181495e-05	1.5197106470927935e-05
ti|745368|org|Gemmiger_formicilis|accession|NZ_FUYF01000009.1	2.3857111667949113e-30	4.5591319412783804e-05	42.0	4.5591319412783804e-05	0.0	2.2037217378078154e-12	5.373262645078091e-05	49.5	5.970291827864546e-05	0.0
ti|566550|org|Hungatella_hathewayi_DSM_13479|accession|NZ_GG667868.1	2.092524668399813e-30	8.68406084053025e-06	8.0	8.68406084053025e-06	0.0	1.6030032973730466e-30	7.055799432930827e-06	6.5	5.427538025331405e-06	4.342030420265125e-06
ti|290054|org|Eubacterium_coprostanoligenes|accession|NZ_FUWW01000019.1	1.6096724909490915e-30	1.4111598865861655e-05	13.0	1.4111598865861655e-05	0.0	1.6381939001632334e-30	1.4111598865861655e-05	13.0	1.4111598865861655e-05	0.0
ti|40518|org|Ruminococcus_bromii|accession|NZ_FMUV01000015.1	1.344586392632646e-30	2.3881167311458183e-05	22.0	2.3881167311458183e-05	0.0	7.618171753492416e-18	3.419348955958785e-05	31.5	3.4736243362121e-05	0.0
ti|745368|org|Gemmiger_formicilis|accession|NZ_FUYF01000001.1	1.158825176775653e-30	2.4966674916524464e-05	23.0	2.4966674916524464e-05	0.0	1.9157694805028135e-14	6.784422531664256e-05	62.5	6.730147151410943e-05	5.427538025331405e-06
ti|40518|org|Ruminococcus_bromii|accession|NZ_FMUV01000001.1	1.0045947016273421e-30	5.5360887858380334e-05	51.0	5.5360887858380334e-05	0.0	1.0046829252816076e-30	5.5360887858380334e-05	51.0	5.5360887858380334e-05	0.0
ti|622312|org|Roseburia_inulinivorans_DSM_16841|accession|NZ_ACFY01000158.1	9.14169081056464e-31	1.0855076050662812e-06	1.0	1.0855076050662812e-06	0.0	3.0734054507894375e-07	0.0	0.0	0.0	0.0
ti|745368|org|Gemmiger_formicilis|accession|NZ_FUYF01000011.1	8.786478866795674e-31	2.713769012665703e-05	25.0	2.713769012665703e-05	0.0	1.5018385694064093e-13	3.003237707350044e-05	27.666666666666664	3.039421294185587e-05	6.513045630397687e-06
ti|537007|org|Blautia_hansenii_DSM_20583|accession|NZ_GG698588.1	8.51191475610179e-31	5.427538025331405e-06	5.0	5.427538025331405e-06	0.0	4.4240073898347124e-07	5.427538025331406e-07	0.5	0.0	1.0855076050662812e-06
ti|221027|org|Treponema_putidum|accession|NZ_CP009228.1	7.320093757919984e-31	1.0855076050662812e-06	1.0	1.0855076050662812e-06	0.0	3.218603529554093e-08	3.799276617731984e-06	3.5	0.0	4.342030420265125e-06
ti|1871035|org|Negativibacillus_massiliensis|accession|NZ_FTRU01000007.1	6.5733468340225355e-31	3.2565228151988435e-06	3.0	3.2565228151988435e-06	0.0	9.104970711335661e-08	1.9466769717521975e-05	17.933333333333334	1.0855076050662812e-06	4.342030420265124e-05
ti|40518|org|Ruminococcus_bromii|accession|NZ_FMUV01000012.1	4.744359592186849e-31	1.3026091260795374e-05	12.0	1.3026091260795374e-05	0.0	4.744359592186849e-31	1.3026091260795374e-05	12.0	1.3026091260795374e-05	0.0
ti|40518|org|Ruminococcus_bromii|accession|NZ_FMUV01000026.1	3.903405161094867e-31	2.4966674916524464e-05	23.0	2.4966674916524464e-05	0.0	2.392250418283005e-09	2.6052182521590748e-05	24.0	2.6052182521590748e-05	0.0
ti|697329|org|Ruminococcus_albus_7_=_DSM_20455|accession|NC_014833.1	3.7508073385690908e-31	1.4111598865861655e-05	13.0	1.4111598865861655e-05	0.0	9.056216159056019e-13	7.055799432930827e-06	6.5	4.342030420265125e-06	3.2565228151988435e-06
ti|1297617|org|Intestinimonas_butyriciproducens|accession|NZ_CP011307.1	3.7446693418434167e-31	1.085507605066281e-05	10.0	1.085507605066281e-05	0.0	3.6875635945772685e-10	5.7369285699747564e-05	52.85019232660705	1.73681216810605e-05	0.00013568845063328513
ti|566550|org|Hungatella_hathewayi_DSM_13479|accession|NZ_GG667646.1	3.730919892943721e-31	4.2334796597584965e-05	39.0	4.2334796597584965e-05	0.0	1.2706736325038688e-06	0.00015563130011277744	143.37191134029374	9.22681464306339e-05	0.00013134642021302002
ti|40518|org|Ruminococcus_bromii|accession|NZ_FMUV01000034.1	3.68979859816118e-31	2.2795659706391902e-05	21.0	2.2795659706391902e-05	0.0	1.0506738748432648e-14	2.4423921113991325e-05	22.5	2.6052182521590748e-05	0.0
ti|1160721|org|Ruminococcus_bicirculans|accession|NZ_HF545617.1	2.963111703207092e-31	2.2795659706391902e-05	21.0	2.2795659706391902e-05	0.0	1.7928656268555993e-12	8.68406084053025e-06	8.0	7.598553235463968e-06	1.0855076050662812e-06
ti|40518|org|Ruminococcus_bromii|accession|NZ_FMUV01000027.1	2.7557338006874204e-31	4.2334796597584965e-05	39.0	4.2334796597584965e-05	0.0	2.744880539712731e-31	4.2334796597584965e-05	39.0	4.124928899251868e-05	1.0855076050662812e-06
ti|428128|org|[Eubacterium]_siraeum_DSM_15702|accession|NZ_KB907520.1	2.5016509504027997e-31	6.513045630397687e-06	6.0	6.513045630397687e-06	0.0	7.822596340809741e-18	7.598553235463968e-06	7.0	5.427538025331405e-06	2.1710152101325623e-06
ti|40518|org|Ruminococcus_bromii|accession|NZ_FMUV01000071.1	2.386454480662826e-31	3.2565228151988435e-06	3.0	3.2565228151988435e-06	0.0	2.386454480662826e-31	3.2565228151988435e-06	3.0	3.2565228151988435e-06	0.0
ti|566550|org|Hungatella_hathewayi_DSM_13479|accession|NZ_GG667621.1	2.246709383860366e-31	1.4111598865861655e-05	13.0	1.4111598865861655e-05	0.0	2.622787767457186e-14	3.7721389276053266e-05	34.75	2.822319773172331e-05	1.1940583655729091e-05
ti|411471|org|Subdoligranulum_variabile_DSM_15176|accession|NZ_GG704770.1	2.16792750484292e-31	2.6052182521590748e-05	24.0	2.6052182521590748e-05	0.0	7.249422301249274e-16	9.262998229898931e-05	85.33333333333333	6.404494869891058e-05	4.993334983304893e-05
ti|1298596|org|Ruminococcus_faecis_JCM_15917|accession|NZ_BBDW01000018.1	2.15631536195317e-31	1.0855076050662812e-06	1.0	1.0855076050662812e-06	0.0	6.415188247412734e-07	1.6516554279192845e-05	15.215512265512265	7.598553235463968e-06	2.713769012665703e-05
ti|1650663|org|Fournierella_massiliensis|accession|NZ_LN908959.1	1.5852330074008805e-31	1.5197106470927935e-05	14.0	1.5197106470927935e-05	0.0	9.021323528851522e-12	3.4600672390665736e-05	31.875108225108214	3.039421294185587e-05	4.5591319412783804e-05
ti|1871021|org|Lachnoclostridium_phocaeense|accession|NZ_LT635479.1	1.4924765990547398e-31	9.76956844559653e-06	9.0	9.76956844559653e-06	0.0	1.13547685024093e-06	0.00010180369320235115	93.78441268141555	2.4966674916524464e-05	0.0002474957339551121
ti|745368|org|Gemmiger_formicilis|accession|NZ_FUYF01000003.1	1.3790812069833804e-31	2.4966674916524464e-05	23.0	2.4966674916524464e-05	0.0	2.6818625052637893e-13	4.5591319412783804e-05	42.0	4.884784222798265e-05	2.1710152101325623e-06
ti|40518|org|Ruminococcus_bromii|accession|NZ_FMUV01000024.1	1.3230665982092185e-31	1.085507605066281e-05	10.0	1.085507605066281e-05	0.0	1.3192356195684897e-31	1.085507605066281e-05	10.0	1.085507605066281e-05	0.0
ti|185008|org|Butyrivibrio_hungatei|accession|NZ_CP017831.1	1.311394935680724e-31	5.427538025331405e-06	5.0	5.427538025331405e-06	0.0	1.9971887521794363e-07	0.0	0.0	0.0	0.0
ti|1160721|org|Ruminococcus_bicirculans|accession|NZ_HF545616.1	1.202309060044525e-31	1.5197106470927935e-05	14.0	1.5197106470927935e-05	0.0	2.7952406826709353e-08	1.4111598865861655e-05	13.0	1.1940583655729091e-05	2.1710152101325623e-06
ti|40518|org|Ruminococcus_bromii|accession|NZ_FMUV01000046.1	1.1430648584091787e-31	1.73681216810605e-05	16.0	1.73681216810605e-05	0.0	1.6997563746839712e-31	1.73681216810605e-05	16.0	1.73681216810605e-05	0.0
ti|301302|org|Roseburia_faecis|accession|NZ_CYXV01000001.1	1.1321371011709736e-31	3.2565228151988435e-06	3.0	3.2565228151988435e-06	0.0	5.807671775688552e-06	0.0001498396761295848	138.03650516150515	3.2565228151988435e-05	0.00026703487084630515
ti|40518|org|Ruminococcus_bromii|accession|NZ_FMUV01000011.1	9.042311986131767e-32	5.2104365043181495e-05	48.0	5.2104365043181495e-05	0.0	1.2966489651885127e-31	5.861741067357918e-05	54.0	5.861741067357918e-05	0.0
ti|1650663|org|Fournierella_massiliensis|accession|NZ_LN908963.1	7.938041611324097e-32	7.598553235463968e-06	7.0	7.598553235463968e-06	0.0	1.1504815469481961e-05	2.9639460431837563e-05	27.304700854700855	2.062464449625934e-05	4.342030420265124e-05
ti|40518|org|Ruminococcus_bromii|accession|NZ_FMUV01000013.1	7.360435649704598e-32	1.5197106470927935e-05	14.0	1.5197106470927935e-05	0.0	7.360435649704598e-32	1.5197106470927935e-05	14.0	1.5197106470927935e-05	0.0
ti|745368|org|Gemmiger_formicilis|accession|NZ_FUYF01000010.1	6.725664388875325e-32	9.76956844559653e-06	9.0	9.76956844559653e-06	0.0	2.6508498425362913e-15	3.737468660143079e-05	34.430607788462886	2.062464449625934e-05	0.00024423921113991327
ti|1650663|org|Fournierella_massiliensis|accession|NZ_LN908958.1	6.423510159103183e-32	1.73681216810605e-05	16.0	1.73681216810605e-05	0.0	2.1354973297302002e-16	2.985145913932273e-05	27.5	2.930870533678959e-05	1.0855076050662812e-06
ti|566550|org|Hungatella_hathewayi_DSM_13479|accession|NZ_GG667607.1	5.965733919253291e-32	3.2565228151988435e-06	3.0	3.2565228151988435e-06	0.0	2.9059776958789757e-29	1.085507605066281e-05	10.0	7.598553235463968e-06	3.2565228151988435e-06
ti|1650663|org|Fournierella_massiliensis|accession|NZ_LN908956.1	5.530144190796823e-32	2.171015210132562e-05	20.0	2.171015210132562e-05	0.0	1.7099725857439475e-16	3.962102758491926e-05	36.5	3.907827378238612e-05	1.0855076050662812e-06
ti|745368|org|Gemmiger_formicilis|accession|NZ_FUYF01000008.1	4.4681747734139664e-32	4.342030420265125e-06	4.0	4.342030420265125e-06	0.0	4.376886010733828e-16	3.853551997985298e-05	35.5	4.01637813874524e-05	1.0855076050662812e-06
ti|40518|org|Ruminococcus_bromii|accession|NZ_FMUV01000031.1	4.365264463213937e-32	1.6282614075994218e-05	15.0	1.6282614075994218e-05	0.0	4.365264463213937e-32	1.6282614075994218e-05	15.0	1.6282614075994218e-05	0.0
ti|745368|org|Gemmiger_formicilis|accession|NZ_FUYF01000004.1	4.3482904703054e-32	1.6282614075994218e-05	15.0	1.6282614075994218e-05	0.0	4.627510117929928e-16	3.202247434945529e-05	29.5	2.930870533678959e-05	8.68406084053025e-06
ti|1336236|org|Ruminococcus_flavefaciens_ATCC_19208|accession|NZ_KI912490.1	4.2524567250861227e-32	3.2565228151988435e-06	3.0	3.2565228151988435e-06	0.0	5.28328348435549e-32	4.342030420265125e-06	4.0	4.342030420265125e-06	0.0
ti|411471|org|Subdoligranulum_variabile_DSM_15176|accession|NZ_GG704771.1	3.855166358479128e-32	9.76956844559653e-06	9.0	9.76956844559653e-06	0.0	3.3704716623241906e-12	3.944010965074155e-05	36.333333333333336	2.3881167311458183e-05	3.365073575705471e-05
ti|40518|org|Ruminococcus_bromii|accession|NZ_FMUV01000006.1	3.4069447568018936e-32	1.845362928612678e-05	17.0	1.845362928612678e-05	0.0	1.2635083363695207e-15	1.8996383088659918e-05	17.5	1.953913689119306e-05	0.0
ti|745368|org|Gemmiger_formicilis|accession|NZ_FUYF01000053.1	3.0018695462986847e-32	5.427538025331405e-06	5.0	5.427538025331405e-06	0.0	5.333823353177042e-32	4.342030420265125e-06	4.0	4.342030420265125e-06	0.0
ti|292800|org|Flavonifractor_plautii|accession|NZ_CP015406.2	2.7850953972144904e-32	1.5197106470927935e-05	14.0	1.5197106470927935e-05	0.0	2.110825773926842e-06	0.00010099097539991651	93.03571428571429	0.00012700438979275488	4.884784222798265e-05
ti|511680|org|Butyrivibrio_crossotus_DSM_2876|accession|NZ_GG663524.1	2.7759545739295917e-32	7.598553235463968e-06	7.0	7.598553235463968e-06	0.0	6.195246776706825e-05	7.949562343262932e-05	73.23359418359424	9.335365403570018e-05	0.00010963626811169439
ti|717960|org|Faecalitalea_cylindroides_T2-87|accession|NC_021019.1	2.2389600018298996e-32	6.513045630397687e-06	6.0	6.513045630397687e-06	0.0	4.736315083750732e-06	1.4917114429938616e-05	13.742063492063492	7.598553235463968e-06	2.062464449625934e-05
ti|411467|org|Pseudoflavonifractor_capillosus_ATCC_29799|accession|NZ_AAXG02000017.1	2.2155626512836374e-32	6.513045630397687e-06	6.0	6.513045630397687e-06	0.0	2.8574220599841195e-14	2.7499525995012454e-05	25.333333333333332	1.845362928612678e-05	1.6282614075994218e-05
ti|1035196|org|Peptostreptococcus_anaerobius_VPI_4330_=_DSM_2949|accession|NZ_KB906630.1	1.751511997201967e-32	2.1710152101325623e-06	2.0	2.1710152101325623e-06	0.0	1.6416747892171268e-31	1.1940583655729091e-05	11.0	9.76956844559653e-06	2.1710152101325623e-06
ti|40518|org|Ruminococcus_bromii|accession|NZ_FMUV01000014.1	1.7348486912844263e-32	1.1940583655729091e-05	11.0	1.1940583655729091e-05	0.0	2.008128271866872e-18	1.2483337458262232e-05	11.5	1.3026091260795374e-05	0.0
ti|1150298|org|Fusicatenibacter_saccharivorans|accession|NZ_CYYV01000015.1	1.3761198824489645e-32	5.427538025331405e-06	5.0	5.427538025331405e-06	0.0	3.064645328180788e-06	0.00014864142335074403	136.93264115055922	4.2334796597584965e-05	0.0004526566713126392
ti|1650663|org|Fournierella_massiliensis|accession|NZ_LN908960.1	1.3011240264126036e-32	9.76956844559653e-06	9.0	9.76956844559653e-06	0.0	1.371213787608484e-12	2.00818906937262e-05	18.5	2.062464449625934e-05	1.0855076050662812e-06
ti|547042|org|Bacteroides_coprophilus_DSM_18228_=_JCM_13818|accession|NZ_EQ973628.1	1.1997307039483684e-32	1.0855076050662812e-06	1.0	1.0855076050662812e-06	0.0	9.206476310394056e-10	2.1710152101325623e-06	2.0	2.1710152101325623e-06	0.0
ti|566550|org|Hungatella_hathewayi_DSM_13479|accession|NZ_GG668188.1	1.0974803918976632e-32	3.2565228151988435e-06	3.0	3.2565228151988435e-06	0.0	1.627203192427404e-14	6.513045630397687e-06	6.0	5.427538025331405e-06	2.1710152101325623e-06
ti|428127|org|Absiella_dolichum_DSM_3991|accession|NZ_DS483462.1	1.0536805759270866e-32	4.342030420265125e-06	4.0	4.342030420265125e-06	0.0	4.124677895710351e-31	1.3568845063328514e-05	12.5	1.085507605066281e-05	3.2565228151988435e-06
ti|40518|org|Ruminococcus_bromii|accession|NZ_FMUV01000064.1	9.606692480791644e-33	1.0855076050662812e-06	1.0	1.0855076050662812e-06	0.0	9.606692480791644e-33	1.0855076050662812e-06	1.0	1.0855076050662812e-06	0.0
ti|1291051|org|[Clostridium]_glycyrrhizinilyticum_JCM_13369|accession|NZ_BBAB01000035.1	8.035095556160486e-33	6.513045630397687e-06	6.0	6.513045630397687e-06	0.0	8.961967449017441e-12	8.68406084053025e-06	8.0	1.085507605066281e-05	0.0
ti|40518|org|Ruminococcus_bromii|accession|NZ_FMUV01000018.1	7.3838627210325e-33	3.2565228151988435e-06	3.0	3.2565228151988435e-06	0.0	6.31168590346548e-32	3.2565228151988435e-06	3.0	3.2565228151988435e-06	0.0
ti|745368|org|Gemmiger_formicilis|accession|NZ_FUYF01000015.1	6.228032442832068e-33	2.1710152101325623e-06	2.0	2.1710152101325623e-06	0.0	1.3576298666420638e-28	6.513045630397687e-06	6.0	6.513045630397687e-06	0.0
ti|1796620|org|Acutalibacter_muris|accession|NZ_CP021422.1	5.797506516880388e-33	2.1710152101325623e-06	2.0	2.1710152101325623e-06	0.0	3.4743403805498956e-07	3.618358683554271e-05	33.333333333333336	1.845362928612678e-05	2.6052182521590748e-05
ti|1720313|org|Bittarella_massiliensis|accession|NZ_LN908977.1	5.348574494924125e-33	2.1710152101325623e-06	2.0	2.1710152101325623e-06	0.0	2.3415257212332636e-17	3.460455006980832e-06	3.187868045170938	4.342030420265125e-06	9.76956844559653e-06
ti|1852384|org|Massilimaliae_massiliensis|accession|NZ_FUHT01000002.1	4.940545055158738e-33	9.76956844559653e-06	9.0	9.76956844559653e-06	0.0	3.518618631845109e-32	9.76956844559653e-06	9.0	9.76956844559653e-06	0.0
ti|745368|org|Gemmiger_formicilis|accession|NZ_FUYF01000023.1	4.932240376920122e-33	1.0855076050662812e-06	1.0	1.0855076050662812e-06	0.0	2.502461134281879e-28	8.68406084053025e-06	8.0	4.342030420265125e-06	4.342030420265125e-06
ti|40518|org|Ruminococcus_bromii|accession|NZ_FMUV01000025.1	4.7227984097049104e-33	5.427538025331405e-06	5.0	5.427538025331405e-06	0.0	4.016256326929712e-18	1.085507605066281e-05	10.0	7.598553235463968e-06	3.2565228151988435e-06
ti|622312|org|Roseburia_inulinivorans_DSM_16841|accession|NZ_ACFY01000106.1	4.428864444011008e-33	5.427538025331405e-06	5.0	5.427538025331405e-06	0.0	1.227762234765475e-11	7.055799432930827e-06	6.5	8.68406084053025e-06	0.0
ti|1650663|org|Fournierella_massiliensis|accession|NZ_LN908957.1	4.1392166523595616e-33	6.513045630397687e-06	6.0	6.513045630397687e-06	0.0	8.716614486512757e-28	3.039421294185587e-05	28.0	4.2334796597584965e-05	7.598553235463968e-06
ti|428128|org|[Eubacterium]_siraeum_DSM_15702|accession|NZ_KB907514.1	4.133334119225438e-33	9.76956844559653e-06	9.0	9.76956844559653e-06	0.0	5.458658590630696e-18	1.2483337458262232e-05	11.5	1.3026091260795374e-05	0.0
ti|301302|org|Roseburia_faecis|accession|NZ_CYXV01000009.1	4.095999212107829e-33	2.1710152101325623e-06	2.0	2.1710152101325623e-06	0.0	1.0748705595231593e-08	4.342030420265125e-06	4.0	5.427538025331405e-06	0.0
ti|679200|org|Johnsonella_ignava_ATCC_51276|accession|NZ_JH378831.1	4.0554092773753426e-33	2.1710152101325623e-06	2.0	2.1710152101325623e-06	0.0	1.1108129312807899e-15	0.0	0.0	0.0	0.0
ti|999413|org|[Clostridium]_innocuum_2959|accession|NZ_KB850945.1	3.436875782300544e-33	2.1710152101325623e-06	2.0	2.1710152101325623e-06	0.0	3.812718881534259e-27	6.911065085588658e-05	63.66666666666668	2.4966674916524464e-05	5.7531903068512896e-05
ti|1871018|org|Angelakisella_massiliensis|accession|NZ_LT629944.1	3.354306599074414e-33	5.427538025331405e-06	5.0	5.427538025331405e-06	0.0	1.8114677119317798e-07	8.132261141288223e-06	7.491666666666667	5.427538025331405e-06	8.68406084053025e-06
ti|470145|org|Bacteroides_coprocola_DSM_17136|accession|NZ_DS981495.1	3.162455800703555e-33	1.0855076050662812e-06	1.0	1.0855076050662812e-06	0.0	1.9123804534694865e-07	1.6282614075994217e-06	1.5	2.1710152101325623e-06	0.0
ti|1650661|org|Clostridium_phoceensis|accession|NZ_LN866274.1	3.0122644401067208e-33	2.1710152101325623e-06	2.0	2.1710152101325623e-06	0.0	7.923545924949071e-13	0.00014614550722875694	134.6333333333333	6.9472486724242e-05	0.0001595696179447433
ti|40518|org|Ruminococcus_bromii|accession|NZ_FMUV01000044.1	2.8444293867577208e-33	6.513045630397687e-06	6.0	6.513045630397687e-06	0.0	2.8444293867577208e-33	6.513045630397687e-06	6.0	6.513045630397687e-06	0.0
ti|679937|org|Bacteroides_coprosuis_DSM_18011|accession|NZ_CM001167.1	2.629479486924816e-33	3.2565228151988435e-06	3.0	3.2565228151988435e-06	0.0	5.624291198017723e-07	4.419566677769858e-06	4.071428571428571	4.342030420265125e-06	2.1710152101325623e-06
ti|290054|org|Eubacterium_coprostanoligenes|accession|NZ_FUWW01000007.1	2.532296644694561e-33	1.0855076050662812e-06	1.0	1.0855076050662812e-06	0.0	4.635781497297734e-33	2.1710152101325623e-06	2.0	1.0855076050662812e-06	1.0855076050662812e-06
ti|1256908|org|Eubacterium_ramulus_ATCC_29099|accession|NZ_KI271092.1	2.4020363132897286e-33	5.427538025331405e-06	5.0	5.427538025331405e-06	0.0	6.4264266583608855e-09	1.1216911919018236e-05	10.333333333333332	1.1940583655729091e-05	1.0855076050662812e-06
ti|40518|org|Ruminococcus_bromii|accession|NZ_FMUV01000009.1	2.3652234605281042e-33	6.513045630397687e-06	6.0	6.513045630397687e-06	0.0	2.3652234605281042e-33	6.513045630397687e-06	6.0	6.513045630397687e-06	0.0
ti|742733|org|[Clostridium]_citroniae_WAL-17108|accession|NZ_JH376421.1	2.3165247877577353e-33	1.0855076050662812e-06	1.0	1.0855076050662812e-06	0.0	5.203936938118129e-16	1.6072800724399883e-05	14.806714065737454	6.513045630397687e-06	9.22681464306339e-05
ti|40518|org|Ruminococcus_bromii|accession|NZ_FMUV01000050.1	1.979409502214694e-33	3.2565228151988435e-06	3.0	3.2565228151988435e-06	0.0	1.979409502214694e-33	3.2565228151988435e-06	3.0	3.2565228151988435e-06	0.0
ti|1550024|org|Ruthenibacterium_lactatiformans|accession|NZ_JXXK01000007.1	1.9676305962565167e-33	2.1710152101325623e-06	2.0	2.1710152101325623e-06	0.0	1.4949028698870176e-32	2.1710152101325623e-06	2.0	2.1710152101325623e-06	0.0
ti|745368|org|Gemmiger_formicilis|accession|NZ_FUYF01000061.1	1.9291122983959604e-33	3.2565228151988435e-06	3.0	3.2565228151988435e-06	0.0	2.5660197535992617e-33	3.2565228151988435e-06	3.0	3.2565228151988435e-06	0.0
ti|566550|org|Hungatella_hathewayi_DSM_13479|accession|NZ_GG668057.1	1.8144698335845984e-33	1.0855076050662812e-06	1.0	1.0855076050662812e-06	0.0	2.6386505823360544e-33	1.0855076050662812e-06	1.0	1.0855076050662812e-06	0.0
ti|428128|org|[Eubacterium]_siraeum_DSM_15702|accession|NZ_KB907512.1	1.7607132184972393e-33	2.1710152101325623e-06	2.0	2.1710152101325623e-06	0.0	4.991726772029895e-33	4.342030420265125e-06	4.0	4.342030420265125e-06	0.0
ti|1121323|org|Anaerotignum_lactatifermentans_DSM_14214|accession|NZ_FRAH01000013.1	1.6416915280224277e-33	2.1710152101325623e-06	2.0	2.1710152101325623e-06	0.0	2.8524229502249806e-28	3.799276617731984e-06	3.5	3.2565228151988435e-06	1.0855076050662812e-06
ti|1650663|org|Fournierella_massiliensis|accession|NZ_LN908962.1	1.6236589462651317e-33	1.0855076050662812e-06	1.0	1.0855076050662812e-06	0.0	3.900720491899218e-15	4.613407321531695e-05	42.5	3.907827378238612e-05	9.76956844559653e-06
ti|693746|org|Oscillibacter_valericigenes_Sjm18-20|accession|NC_016048.1	1.5341327553725865e-33	5.427538025331405e-06	5.0	5.427538025331405e-06	0.0	4.093734225172763e-15	6.513045630397687e-06	6.0	7.598553235463968e-06	0.0
ti|745368|org|Gemmiger_formicilis|accession|NZ_FUYF01000017.1	1.5061115563410722e-33	2.1710152101325623e-06	2.0	2.1710152101325623e-06	0.0	5.19977527834813e-33	2.1710152101325623e-06	2.0	2.1710152101325623e-06	0.0
ti|515620|org|[Eubacterium]_eligens_ATCC_27750|accession|NC_012778.1	1.3836052684726923e-33	3.2565228151988435e-06	3.0	3.2565228151988435e-06	0.0	5.171957034032427e-06	5.144099928452987e-06	4.738888888888888	3.2565228151988435e-06	1.5197106470927935e-05
ti|40518|org|Ruminococcus_bromii|accession|NZ_FMUV01000035.1	1.3401674799580546e-33	5.427538025331405e-06	5.0	5.427538025331405e-06	0.0	1.3401674799580546e-33	5.427538025331405e-06	5.0	5.427538025331405e-06	0.0
ti|745368|org|Gemmiger_formicilis|accession|NZ_FUYF01000016.1	1.3193985212647016e-33	4.342030420265125e-06	4.0	4.342030420265125e-06	0.0	7.926432687840356e-31	5.427538025331405e-06	5.0	5.427538025331405e-06	0.0
ti|1550024|org|Ruthenibacterium_lactatiformans|accession|NZ_JXXK01000004.1	1.2866200626965033e-33	2.1710152101325623e-06	2.0	2.1710152101325623e-06	0.0	2.1223797461262223e-32	2.1710152101325623e-06	2.0	2.1710152101325623e-06	0.0
ti|411467|org|Pseudoflavonifractor_capillosus_ATCC_29799|accession|NZ_AAXG02000002.1	1.2856511567086276e-33	4.342030420265125e-06	4.0	4.342030420265125e-06	0.0	1.320047037765613e-16	4.884784222798265e-06	4.5	5.427538025331405e-06	0.0
ti|39482|org|Faecalicatena_contorta|accession|NZ_CYZU01000015.1	1.1634024726922098e-33	1.0855076050662812e-06	1.0	1.0855076050662812e-06	0.0	1.5776788336733026e-06	2.1710152101325623e-06	2.0	1.0855076050662812e-06	2.1710152101325623e-06
ti|1720204|org|Collinsella_ihuae|accession|NZ_FCOU01000005.1	1.1634024726922098e-33	1.0855076050662812e-06	1.0	1.0855076050662812e-06	0.0	1.1174994913451298e-11	2.1710152101325623e-06	2.0	2.1710152101325623e-06	0.0
ti|1410649|org|Blautia_schinkii_DSM_10518|accession|NZ_JNKJ01000045.1	1.1634024726922098e-33	1.0855076050662812e-06	1.0	1.0855076050662812e-06	0.0	6.698968976116203e-28	1.33879271291508e-05	12.333333333333332	3.2565228151988435e-06	1.085507605066281e-05
ti|610130|org|[Clostridium]_saccharolyticum_WM1|accession|NC_014376.1	1.1080342800799235e-33	2.1710152101325623e-06	2.0	2.1710152101325623e-06	0.0	4.337428583615722e-08	3.799276617731984e-06	3.5	4.342030420265125e-06	0.0
ti|467210|org|Lachnoanaerobaculum_saburreum|accession|NZ_KQ959831.1	9.174810757107052e-34	2.1710152101325623e-06	2.0	2.1710152101325623e-06	0.0	9.174810757107052e-34	2.1710152101325623e-06	2.0	2.1710152101325623e-06	0.0
ti|745368|org|Gemmiger_formicilis|accession|NZ_FUYF01000013.1	8.378833516795373e-34	4.342030420265125e-06	4.0	4.342030420265125e-06	0.0	4.601192330660851e-13	1.3568845063328514e-05	12.5	1.4111598865861655e-05	0.0
ti|1009370|org|Acetonema_longum_DSM_6540|accession|NZ_AFGF01000024.1	8.368674086183034e-34	3.2565228151988435e-06	3.0	3.2565228151988435e-06	0.0	1.031007431989789e-18	3.799276617731984e-06	3.5	4.342030420265125e-06	0.0
ti|566550|org|Hungatella_hathewayi_DSM_13479|accession|NZ_GG667754.1	8.336142984829341e-34	1.0855076050662812e-06	1.0	1.0855076050662812e-06	0.0	2.805553656077976e-32	4.703866288620552e-06	4.333333333333334	1.0855076050662812e-06	4.342030420265125e-06
ti|1121101|org|Bacteroides_salyersiae_WAL_10018_=_DSM_18765_=_JCM_12988|accession|NZ_KB905470.1	8.336142984829341e-34	1.0855076050662812e-06	1.0	1.0855076050662812e-06	0.0	5.281653084247413e-06	6.364218371357803e-06	5.862896161809206	1.0855076050662812e-06	8.466959319516993e-05
ti|290054|org|Eubacterium_coprostanoligenes|accession|NZ_FUWW01000003.1	8.098633614644912e-34	2.1710152101325623e-06	2.0	2.1710152101325623e-06	0.0	8.850774014631e-33	4.342030420265125e-06	4.0	3.2565228151988435e-06	1.0855076050662812e-06
ti|411467|org|Pseudoflavonifractor_capillosus_ATCC_29799|accession|NZ_AAXG02000012.1	7.913821075315012e-34	4.342030420265125e-06	4.0	4.342030420265125e-06	0.0	1.853063488954288e-17	1.912308234180243e-05	17.616718899573968	7.598553235463968e-06	0.00015848411033967703
ti|411467|org|Pseudoflavonifractor_capillosus_ATCC_29799|accession|NZ_AAXG02000004.1	7.4595084934116195e-34	1.0855076050662812e-06	1.0	1.0855076050662812e-06	0.0	4.3437878043803094e-33	1.0855076050662812e-06	1.0	1.0855076050662812e-06	0.0
ti|1235802|org|Eubacterium_plexicaudatum_ASF492|accession|NZ_KB822473.1	6.027222793811124e-34	2.1710152101325623e-06	2.0	2.1710152101325623e-06	0.0	1.3863716310373193e-12	9.22681464306339e-06	8.5	9.76956844559653e-06	0.0
ti|1650663|org|Fournierella_massiliensis|accession|NZ_LN908961.1	5.393395927101878e-34	2.1710152101325623e-06	2.0	2.1710152101325623e-06	0.0	2.4619007838909265e-15	1.5604289302005815e-05	14.375108225108214	7.598553235463968e-06	4.667682701785009e-05
ti|428128|org|[Eubacterium]_siraeum_DSM_15702|accession|NZ_KB907524.1	5.344971397020526e-34	1.0855076050662812e-06	1.0	1.0855076050662812e-06	0.0	3.9158722933810736e-09	7.598553235463968e-06	7.0	3.2565228151988435e-06	4.342030420265125e-06
ti|411467|org|Pseudoflavonifractor_capillosus_ATCC_29799|accession|NZ_AAXG02000008.1	5.344971397020526e-34	1.0855076050662812e-06	1.0	1.0855076050662812e-06	0.0	1.4388867824414862e-18	5.427538025331405e-06	5.0	4.342030420265125e-06	2.1710152101325623e-06
ti|1336236|org|Ruminococcus_flavefaciens_ATCC_19208|accession|NZ_JAEF01000016.1	5.344971397020526e-34	1.0855076050662812e-06	1.0	1.0855076050662812e-06	0.0	2.1427451264447327e-31	3.2565228151988435e-06	3.0	3.2565228151988435e-06	0.0
ti|1336236|org|Ruminococcus_flavefaciens_ATCC_19208|accession|NZ_KI912489.1	5.264079056508779e-34	2.1710152101325623e-06	2.0	2.1710152101325623e-06	0.0	2.6750278814560664e-33	4.342030420265125e-06	4.0	3.2565228151988435e-06	1.0855076050662812e-06
ti|745368|org|Gemmiger_formicilis|accession|NZ_FUYF01000018.1	5.199817704494505e-34	2.1710152101325623e-06	2.0	2.1710152101325623e-06	0.0	1.3531464554887757e-11	4.884784222798265e-06	4.5	3.2565228151988435e-06	2.1710152101325623e-06
ti|763034|org|Bacteroides_fluxus_YIT_12057|accession|NZ_GL882691.1	4.7828905533021805e-34	1.0855076050662812e-06	1.0	1.0855076050662812e-06	0.0	1.5760731502510998e-06	1.0855076050662812e-06	1.0	1.0855076050662812e-06	0.0
ti|40518|org|Ruminococcus_bromii|accession|NZ_FMUV01000022.1	4.503726919902883e-34	2.1710152101325623e-06	2.0	2.1710152101325623e-06	0.0	4.503726919902883e-34	2.1710152101325623e-06	2.0	2.1710152101325623e-06	0.0
ti|411474|org|Coprococcus_eutactus_ATCC_27759|accession|NZ_DS483536.1	4.482019216939801e-34	1.0855076050662812e-06	1.0	1.0855076050662812e-06	0.0	2.9676344908830995e-17	0.0	0.0	0.0	0.0
ti|470146|org|Coprococcus_comes_ATCC_27758|accession|NZ_GG662013.1	4.279918515929878e-34	1.0855076050662812e-06	1.0	1.0855076050662812e-06	0.0	3.5290540479429246e-10	0.0	0.0	0.0	0.0
ti|42322|org|Eubacterium_ruminantium|accession|NZ_FUXA01000013.1	3.876187968627921e-34	1.0855076050662812e-06	1.0	1.0855076050662812e-06	0.0	5.49473093951182e-13	1.0855076050662812e-06	1.0	0.0	1.0855076050662812e-06
ti|745368|org|Gemmiger_formicilis|accession|NZ_FUYF01000019.1	3.427090836488624e-34	1.0855076050662812e-06	1.0	1.0855076050662812e-06	0.0	1.48381724546745e-17	5.970291827864546e-06	5.5	6.513045630397687e-06	0.0
ti|428127|org|Absiella_dolichum_DSM_3991|accession|NZ_DS483477.1	3.427090836488624e-34	1.0855076050662812e-06	1.0	1.0855076050662812e-06	0.0	1.2972060179666836e-15	1.0855076050662812e-06	1.0	1.0855076050662812e-06	0.0
ti|40518|org|Ruminococcus_bromii|accession|NZ_FMUV01000052.1	3.427090836488624e-34	1.0855076050662812e-06	1.0	1.0855076050662812e-06	0.0	3.427090836488624e-34	1.0855076050662812e-06	1.0	1.0855076050662812e-06	0.0
ti|1550024|org|Ruthenibacterium_lactatiformans|accession|NZ_JXXK01000030.1	3.427090836488624e-34	1.0855076050662812e-06	1.0	1.0855076050662812e-06	0.0	9.769228003033485e-18	1.0855076050662812e-06	1.0	1.0855076050662812e-06	0.0
ti|1035196|org|Peptostreptococcus_anaerobius_VPI_4330_=_DSM_2949|accession|NZ_KB906624.1	3.427090836488624e-34	1.0855076050662812e-06	1.0	1.0855076050662812e-06	0.0	1.5049779969984858e-31	7.598553235463968e-06	7.0	2.1710152101325623e-06	5.427538025331405e-06
ti|566550|org|Hungatella_hathewayi_DSM_13479|accession|NZ_GG668197.1	3.0666956227842573e-34	1.0855076050662812e-06	1.0	1.0855076050662812e-06	0.0	7.822963912180955e-32	3.2565228151988435e-06	3.0	2.1710152101325623e-06	2.1710152101325623e-06
ti|40518|org|Ruminococcus_bromii|accession|NZ_FMUV01000008.1	3.0666956227842573e-34	1.0855076050662812e-06	1.0	1.0855076050662812e-06	0.0	3.0666956227842573e-34	1.0855076050662812e-06	1.0	1.0855076050662812e-06	0.0
ti|1871035|org|Negativibacillus_massiliensis|accession|NZ_FTRU01000008.1	3.0666956227842573e-34	1.0855076050662812e-06	1.0	1.0855076050662812e-06	0.0	1.2010087719996862e-11	1.0855076050662812e-06	1.0	1.0855076050662812e-06	0.0
ti|449673|org|Bacteroides_stercoris_ATCC_43183|accession|NZ_DS499673.1	2.744199815969894e-34	1.0855076050662812e-06	1.0	1.0855076050662812e-06	0.0	0.00017154439951760748	0.00011508706701427727	106.02142857142861	3.147972054692215e-05	0.0002822319773172331
ti|411474|org|Coprococcus_eutactus_ATCC_27759|accession|NZ_DS483540.1	2.744199815969894e-34	1.0855076050662812e-06	1.0	1.0855076050662812e-06	0.0	4.335219762599979e-34	1.0855076050662812e-06	1.0	1.0855076050662812e-06	0.0
ti|1265|org|Ruminococcus_flavefaciens|accession|NZ_FPJT01000002.1	2.744199815969894e-34	1.0855076050662812e-06	1.0	1.0855076050662812e-06	0.0	4.978037802495118e-34	1.0855076050662812e-06	1.0	1.0855076050662812e-06	0.0
ti|1236970|org|Bacillus_wakoensis_JCM_9140|accession|NZ_BAUT01000076.1	2.744199815969894e-34	1.0855076050662812e-06	1.0	1.0855076050662812e-06	0.0	2.744199815969894e-34	1.0855076050662812e-06	1.0	1.0855076050662812e-06	0.0
ti|1211819|org|Holdemania_massiliensis_AP2|accession|NZ_HE998567.1	2.744199815969894e-34	1.0855076050662812e-06	1.0	1.0855076050662812e-06	0.0	2.744199815969894e-34	1.0855076050662812e-06	1.0	1.0855076050662812e-06	0.0
ti|1121323|org|Anaerotignum_lactatifermentans_DSM_14214|accession|NZ_FRAH01000008.1	2.744199815969894e-34	1.0855076050662812e-06	1.0	1.0855076050662812e-06	0.0	2.487411582912836e-33	1.0855076050662812e-06	1.0	1.0855076050662812e-06	0.0
ti|679200|org|Johnsonella_ignava_ATCC_51276|accession|NZ_JH378832.1	2.4556178885246115e-34	1.0855076050662812e-06	1.0	1.0855076050662812e-06	0.0	2.4556178885246115e-34	1.0855076050662812e-06	1.0	1.0855076050662812e-06	0.0
ti|428127|org|Absiella_dolichum_DSM_3991|accession|NZ_DS483468.1	2.4556178885246115e-34	1.0855076050662812e-06	1.0	1.0855076050662812e-06	0.0	5.813997605287587e-32	8.68406084053025e-06	8.0	6.513045630397687e-06	2.1710152101325623e-06
ti|411467|org|Pseudoflavonifractor_capillosus_ATCC_29799|accession|NZ_AAXG02000006.1	2.4556178885246115e-34	1.0855076050662812e-06	1.0	1.0855076050662812e-06	0.0	1.8101538529807485e-15	1.0855076050662812e-06	1.0	1.0855076050662812e-06	0.0
ti|40520|org|Blautia_obeum|accession|NZ_CYZA01000017.1	2.4556178885246115e-34	1.0855076050662812e-06	1.0	1.0855076050662812e-06	0.0	2.2233425613748387e-14	2.1710152101325623e-06	2.0	2.1710152101325623e-06	0.0
ti|1550024|org|Ruthenibacterium_lactatiformans|accession|NZ_JXXK01000042.1	2.4556178885246115e-34	1.0855076050662812e-06	1.0	1.0855076050662812e-06	0.0	1.6581940663377228e-17	1.6282614075994217e-06	1.5	2.1710152101325623e-06	0.0
ti|1550024|org|Ruthenibacterium_lactatiformans|accession|NZ_JXXK01000002.1	2.4556178885246115e-34	1.0855076050662812e-06	1.0	1.0855076050662812e-06	0.0	4.108889106202671e-31	2.1710152101325623e-06	2.0	2.1710152101325623e-06	0.0
ti|1265|org|Ruminococcus_flavefaciens|accession|NZ_FPJT01000004.1	2.4556178885246115e-34	1.0855076050662812e-06	1.0	1.0855076050662812e-06	0.0	3.6863413797357194e-32	2.1710152101325623e-06	2.0	1.0855076050662812e-06	1.0855076050662812e-06
ti|763034|org|Bacteroides_fluxus_YIT_12057|accession|NZ_GL882636.1	2.197383433724517e-34	1.0855076050662812e-06	1.0	1.0855076050662812e-06	0.0	2.1736853674720112e-07	1.0855076050662812e-06	1.0	1.0855076050662812e-06	0.0
ti|566550|org|Hungatella_hathewayi_DSM_13479|accession|NZ_GG667792.1	2.197383433724517e-34	1.0855076050662812e-06	1.0	1.0855076050662812e-06	0.0	1.837889279425047e-17	1.5197106470927935e-05	14.0	1.4111598865861655e-05	2.1710152101325623e-06
ti|290054|org|Eubacterium_coprostanoligenes|accession|NZ_FUWW01000024.1	2.197383433724517e-34	1.0855076050662812e-06	1.0	1.0855076050662812e-06	0.0	2.197383433724517e-34	1.0855076050662812e-06	1.0	1.0855076050662812e-06	0.0
ti|1898207|org|Clostridiales_bacterium|accession|NZ_FWXZ01000002.1	2.197383433724517e-34	1.0855076050662812e-06	1.0	1.0855076050662812e-06	0.0	3.557101003777448e-34	1.0855076050662812e-06	1.0	1.0855076050662812e-06	0.0
ti|1458469|org|Pseudobutyrivibrio_ruminis_HUN009|accession|NZ_JNLH01000001.1	2.197383433724517e-34	1.0855076050662812e-06	1.0	1.0855076050662812e-06	0.0	7.241140694163798e-06	7.391029722730709e-06	6.808823529411765	1.0855076050662812e-06	1.73681216810605e-05
ti|428125|org|[Clostridium]_leptum_DSM_753|accession|NZ_DS480348.1	1.9663050906132548e-34	1.0855076050662812e-06	1.0	1.0855076050662812e-06	0.0	9.286880700789404e-15	2.8946869468434164e-05	26.666666666666668	3.690725857225356e-05	1.6282614075994218e-05
ti|290052|org|Acetivibrio_ethanolgignens|accession|NZ_LNAM01000124.1	1.9663050906132548e-34	1.0855076050662812e-06	1.0	1.0855076050662812e-06	0.0	1.2398939547166438e-12	1.4382975767128224e-05	13.25	4.342030420265125e-06	1.845362928612678e-05
ti|1550024|org|Ruthenibacterium_lactatiformans|accession|NZ_JXXK01000009.1	1.9663050906132548e-34	1.0855076050662812e-06	1.0	1.0855076050662812e-06	0.0	1.5334117968096358e-31	3.2565228151988435e-06	3.0	3.2565228151988435e-06	0.0
ti|1550024|org|Ruthenibacterium_lactatiformans|accession|NZ_JXXK01000019.1	1.7595271039330068e-34	1.0855076050662812e-06	1.0	1.0855076050662812e-06	0.0	2.0198915016287177e-30	2.7137690126657027e-06	2.5	1.0855076050662812e-06	4.342030420265125e-06
ti|483545|org|Thermobifida_halotolerans|accession|NZ_LIZN01000001.1	1.7595271039329893e-34	1.0855076050662812e-06	1.0	1.0855076050662812e-06	0.0	1.7595271039329893e-34	1.0855076050662812e-06	1.0	1.0855076050662812e-06	0.0
ti|1720313|org|Bittarella_massiliensis|accession|NZ_LN908976.1	1.7595271039329893e-34	1.0855076050662812e-06	1.0	1.0855076050662812e-06	0.0	3.589258385875677e-18	8.05265725025003e-05	74.18333333333335	1.73681216810605e-05	0.00013460294302821885
ti|1265|org|Ruminococcus_flavefaciens|accession|NZ_FPJT01000006.1	1.7595271039329893e-34	1.0855076050662812e-06	1.0	1.0855076050662812e-06	0.0	3.851844274995887e-34	1.0855076050662812e-06	1.0	1.0855076050662812e-06	0.0
ti|626937|org|Christensenella_minuta|accession|NZ_LWGY01000019.1	1.0986923503025942e-34	5.427538025331406e-07	0.5	1.0855076050662812e-06	0.0	3.9533572302731665e-34	9.045896708885675e-07	0.8333333333333333	1.0855076050662812e-06	1.0855076050662812e-06
ti|270498|org|Catabacter_hongkongensis|accession|NZ_LAYJ01000043.1	1.0986923503025942e-34	5.427538025331406e-07	0.5	1.0855076050662812e-06	0.0	3.9533572302731665e-34	9.045896708885675e-07	0.8333333333333333	1.0855076050662812e-06	1.0855076050662812e-06
