species,abundence_cols.Healthy_stool_100_100,abundence_cols.Healthy_stool_100_10,abundence_cols.Healthy_stool_100_1,abundence_cols.Healthy_stool_100_50,abundence_cols.Healthy_stool_10_100,abundence_cols.Healthy_stool_10_10,abundence_cols.Healthy_stool_10_1,abundence_cols.Healthy_stool_10_50
Bacteroides thetaiotaomicron,33339,26274,13745,19254,1593,2457,3885,2124
Bacteroides ovatus,28257,34272,13788,21800,843,756,767,981
Bacteroides cellulosilyticus,21581,15891,6566,10013,235,318,548,374
Bacteroides fragilis,21012,17123,8132,11920,3023,2794,2705,3029
Bacteroides intestinalis,17667,6818,3222,9058,868,1129,1013,1220
Bacteroides sp. HF-5287,12695,4445,2353,5569,843,759,825,653
Bacteroides sp. A1C1,2906,5193,4795,7566,13443,13546,9206,17209
Bacteroides sp. CBA7301,1371,1071,740,843,175,303,470,292
Bacteroides sp. CACC 737,2221,4015,4034,5868,11700,11267,7899,14500
Bacteroides caccae,15175,20897,8515,13094,116,276,480,284
Bacteroides xylanisolvens,13873,8997,3641,5659,352,411,385,552
Bacteroides uniformis,11591,26910,29084,44368,93846,91482,62623,116145
Bacteroides caecimuris,2592,1732,930,1248,385,329,417,323
Bacteroides helcogenes,1559,1661,1036,1282,420,524,549,634
Bacteroides heparinolyticus,972,1062,676,788,245,252,383,355
Bacteroides zoogleoformans,776,784,758,613,216,296,425,343
Bacteroides coprosuis,104,91,156,87,27,78,105,66
Phocaeicola dorei,20117,24260,25959,39997,162791,81607,55666,49642
Phocaeicola vulgatus,19368,48577,51894,81917,154456,169768,114533,216593
Phocaeicola salanitronis,1110,1131,1073,997,288,459,711,397
Candidatus Azobacteroides pseudotrichonymphae,22,19,0,17,0,0,0,0
Paraprevotella xylaniphila,12580,3020,2539,4214,1706,1518,1749,1265
Prevotella intermedia,4970,1713,5077,2266,973,2356,4822,2273
Prevotella jejuni,1242,447,1761,563,335,897,1833,846
Prevotella melaninogenica,1009,874,6887,2068,1461,3514,6944,3220
Prevotella denticola,678,462,2925,648,642,1454,2869,1345
Prevotella dentalis,599,693,4183,825,928,2206,4265,2008
Prevotella fusca,636,530,3968,739,770,1946,3995,1924
Hoylesella enoeca,599,319,1647,413,370,943,1570,775
Prevotella sp. oral taxon 299,488,226,1020,305,208,495,1030,418
Prevotella scopos,570,363,2273,473,453,1055,2153,1040
Segatella oris,404,645,5519,960,1177,2755,5352,2549
Xylanibacter ruminicola,349,817,7338,1413,1512,3665,7577,3528
Alloprevotella sp. E39,84,76,287,80,62,122,231,104
Alistipes shahii,11184,4182,2106,6118,3706,2348,1642,1433
Alistipes finegoldii,10447,12047,5423,8373,4804,2876,2064,1791
Alistipes onderdonkii,769,839,638,1079,2880,1710,1219,1015
Alistipes communis,609,733,633,1170,3681,2167,1469,1385
Alistipes dispar,359,484,476,769,2621,1621,1034,856
Alistipes megaguti,252,339,494,513,1531,1090,733,679
Alistipes indistinctus,171,152,119,160,332,236,174,155
Alistipes sp. dk3624,100,117,99,184,403,311,187,168
Mucinivorans hirudinis,37,39,117,44,55,68,100,52
Parabacteroides distasonis,17767,28900,12168,18095,1010,1133,958,1244
Parabacteroides sp. CT06,655,941,536,675,317,260,338,197
Tannerella forsythia,139,93,47,62,14,20,38,23
Tannerella serpentiformis,64,78,156,77,88,84,127,75
Odoribacter splanchnicus,12891,8582,3431,5362,185,193,182,202
Butyricimonas faecalis,349,419,1373,429,753,849,1380,689
Barnesiella viscericola,762,1012,760,699,450,397,479,329
Duncaniella dubosii,77,94,244,83,53,100,220,92
Muribaculaceae bacterium DSM 108610,139,159,807,183,272,459,871,456
Muribaculum intestinale,69,84,278,83,61,133,233,117
Muribaculum sp. TLL-A4,71,101,203,96,70,113,218,94
Porphyromonas gingivalis,186,103,122,113,47,59,84,55
Porphyromonas asaccharolytica,91,50,112,65,40,41,126,74
Porphyromonas crevioricanis,45,41,79,46,25,42,73,33
Porphyromonas cangingivalis,39,30,131,54,34,61,99,40
Proteiniphilum saccharofermentans,73,64,103,56,39,75,85,68
Petrimonas mucosa,71,58,85,54,32,39,91,35
Dysgonomonas sp. HDW5B,55,38,94,53,0,41,89,37
Fermentimonas caenicola,35,30,69,22,19,32,56,33
Paludibacter propionicigenes,52,46,86,45,22,47,63,36
Bacteroidales bacterium CF,16,34,108,20,57,73,116,72
Tenuifilum thalassicum,14,11,12,0,0,10,14,0
Draconibacterium orientale,20,17,55,15,0,17,35,16
Draconibacterium sp. M1,12,20,41,10,14,0,28,14
Prolixibacteraceae bacterium WC007,27,23,15,16,0,13,14,15
Labilibaculum antarcticum,23,25,78,32,12,39,67,30
Alkalitalea saponilacus,17,16,18,13,0,0,18,0
Salinivirga cyanobacteriivorans,11,0,26,0,0,0,21,12
Flavobacterium anhuiense,22,0,0,0,0,0,0,0
Flavobacterium columnare,18,14,52,0,0,18,37,20
Flavobacterium johnsoniae,18,15,62,15,0,32,54,18
Flavobacterium kingsejongi,15,13,0,16,0,0,0,0
Flavobacterium crocinum,14,0,0,0,0,0,0,0
Flavobacterium commune,11,0,26,0,0,0,19,0
Capnocytophaga sp. oral taxon 878,72,0,21,0,0,0,0,0
Capnocytophaga canimorsus,47,37,94,77,0,49,103,46
Capnocytophaga sputigena,33,40,0,0,0,0,0,0
Capnocytophaga haemolytica,15,14,50,0,13,35,55,25
Capnocytophaga stomatis,17,0,21,0,0,0,0,0
Tenacibaculum maritimum,15,0,0,0,0,0,0,0
Myroides phaeus,23,0,0,0,0,0,0,0
Sediminicola sp. YIK13,12,11,25,0,0,13,20,13
Zunongwangia profunda,63,66,57,0,0,42,96,49
Arenibacter algicola,12,0,0,18,20,0,0,11
Chryseobacterium sp. NBC 122,26,0,0,0,0,0,0,0
Chryseobacterium gallinarum,28,23,28,17,0,0,17,0
Chryseobacterium indologenes,28,0,13,0,0,0,0,0
Chryseobacterium taklimakanense,22,0,0,0,0,0,0,0
Chryseobacterium shandongense,27,25,40,29,32,28,40,16
Chryseobacterium lactis,18,0,0,0,0,0,0,0
Elizabethkingia anophelis,24,0,13,0,0,0,0,0
Ornithobacterium rhinotracheale,33,46,64,36,32,44,88,32
Fluviicola taffensis,14,0,0,0,0,0,0,0
Hymenobacter sp. TS19,25,0,52,25,0,25,56,0
Hymenobacter jejuensis,24,0,28,0,34,17,31,24
Pontibacter sp. SGAir0037,18,11,0,0,0,11,12,0
Pontibacter akesuensis,15,13,12,0,11,10,0,0
Rufibacter sp. DG15C,14,0,62,13,25,41,66,35
Adhaeribacter sp. KUDC8001,11,0,11,0,0,0,12,0
Spirosoma sp. CJU-R4,12,0,0,0,19,13,13,0
Spirosoma sp. KCTC 42546,11,16,20,0,0,15,35,20
Spirosoma sp. BT328,11,0,0,0,11,0,0,0
Runella slithyformis,11,0,11,0,0,0,0,10
Fibrella sp. ES10-3-2-2,16,0,31,18,0,11,33,16
Dyadobacter fermentans,17,21,0,16,14,0,0,0
Allopseudarcicella aquatilis,15,0,0,0,0,0,0,0
Rhodocytophaga sp. 172606-1,14,0,0,0,0,0,0,0
Leadbetterella byssophila,10,0,21,0,0,0,11,0
Echinicola rosea,13,15,40,0,15,0,44,44
Echinicola vietnamensis,13,0,0,0,0,0,0,0
Algoriphagus sanaruensis,10,0,0,0,0,0,0,0
Cyclobacterium marinum,10,11,0,0,0,0,14,0
Flammeovirga sp. MY04,18,17,0,0,0,0,0,0
Flammeovirgaceae bacterium 311,15,17,84,23,27,60,113,44
Chryseolinea soli,10,0,23,18,15,18,20,14
Sphingobacterium sp. DR205,19,13,18,0,0,0,0,0
Sphingobacterium hotanense,19,0,0,14,0,0,0,0
Sphingobacterium thalpophilum,17,0,89,25,22,30,76,57
Sphingobacterium lactis,16,0,22,13,0,0,23,0
Sphingobacterium mizutaii,11,0,0,0,0,0,0,0
Sphingobacterium psychroaquaticum,10,10,0,0,0,0,0,0
Pedobacter sp. eg,14,12,38,0,0,15,22,13
Pedobacter sp. KBS0701,13,0,51,0,0,22,41,22
Pedobacter cryoconitis,14,21,11,0,0,0,0,0
Pedobacter steynii,13,12,19,10,0,16,17,0
Pedobacter ginsengisoli,13,13,18,0,0,15,26,13
Mucilaginibacter sp. HYN0043,12,0,57,15,37,18,50,22
Mucilaginibacter sp. G2-14,11,0,32,12,0,0,28,0
Mucilaginibacter sp. F39-2,10,12,26,0,0,11,11,0
Mucilaginibacter ginsenosidivorax,13,11,19,0,0,0,0,0
Pseudopedobacter saltans,25,19,0,0,0,0,0,0
Solitalea canadensis,13,18,69,22,13,31,52,21
Sphingobacteriaceae bacterium GW460-11-11-14-LB5,15,0,13,0,0,0,18,0
Anseongella ginsenosidimutans,10,0,16,0,10,15,20,0
Chitinophaga sp. H33E-04,21,17,44,27,28,25,41,16
Chitinophaga sp. XS-30,12,14,42,0,10,21,28,13
Chitinophaga sp. MD30,12,0,0,0,0,12,14,0
Chitinophaga pinensis,17,34,150,37,49,84,137,71
Chitinophaga caeni,13,0,28,0,0,23,31,12
Arachidicoccus sp. KIS59-12,12,0,21,13,12,0,25,0
Flavisolibacter sp. 17J28-1,11,13,17,0,0,0,15,0
Niabella soli,15,0,0,0,0,0,0,0
Filimonas lacunae,19,0,0,10,0,0,11,0
Niastella koreensis,18,13,28,15,0,15,28,13
Paraflavitalea soli,17,0,0,16,0,0,0,0
Lacibacter sp. S13-6-6,12,12,0,14,0,0,0,0
Chlorobium phaeobacteroides,10,0,35,0,0,36,39,10
Roseburia intestinalis,17627,19420,7321,11866,90,102,93,122
Roseburia hominis,14685,9563,3676,10885,360,295,218,396
Lachnospiraceae bacterium Choco86,2488,3565,1388,2361,407,185,217,161
Lachnospiraceae bacterium GAM79,1642,2004,786,1310,468,288,159,206
Lachnospiraceae bacterium,13509,26784,24236,38767,98448,73846,49045,44433
Lachnospiraceae bacterium KM106-2,352,455,166,324,0,0,0,12
Lachnospiraceae bacterium oral taxon 500,24,23,13,35,0,0,0,0
Mediterraneibacter gnavus,12671,8108,3217,9795,107,32,37,51
Lachnospira eligens,9114,16262,6254,10052,60,79,50,91
Anaerostipes hadrus,8291,18143,7030,11171,14,34,11,13
Anaerostipes rhamnosivorans,166,221,124,156,10,31,38,21
Anaerostipes caccae,140,200,59,131,0,0,0,18
Anaerobutyricum hallii,6894,10947,4279,7142,280,298,196,290
Blautia sp. SC05B48,4114,5479,2172,3492,105,94,65,109
Blautia sp. N6H1-15,858,1024,415,857,21,31,37,32
Blautia producta,1019,1630,685,1088,66,69,67,92
[Clostridium] scindens,746,1131,405,754,12,0,0,12
Lachnoclostridium phocaeense,510,888,380,578,40,62,53,54
[Clostridium] hylemonae,354,505,169,323,0,0,0,0
Lachnoclostridium sp. YL32,232,294,118,235,64,112,55,112
Lachnoclostridium phytofermentans,146,189,73,115,23,12,0,17
Enterocloster bolteae,386,402,170,283,36,44,35,59
Enterocloster clostridioformis,356,423,135,268,70,88,52,74
Butyrivibrio fibrisolvens,190,277,194,195,84,87,108,104
Butyrivibrio proteoclasticus,175,263,150,177,49,43,59,35
Butyrivibrio hungatei,166,229,170,196,76,78,109,80
Anaerocolumna sp. CBA3638,157,216,73,137,11,16,11,10
Anaerocolumna sp. CTTW,140,221,108,138,0,0,0,0
Anaerocolumna cellulosilytica,100,179,97,102,0,10,0,0
Lacrimispora saccharolytica,146,266,82,151,18,18,12,16
Lacrimispora sphenoides,132,199,145,145,38,29,34,28
Pseudobutyrivibrio xylanivorans,253,286,193,211,45,52,72,74
Lachnoanaerobaculum umeaense,125,169,65,123,36,18,12,17
Herbinix luporum,103,122,34,49,0,0,0,0
Cellulosilyticum sp. WCF-2,58,77,53,54,0,0,0,0
Anaerotignum propionicum,48,47,20,34,22,24,16,32
Flavonifractor plautii,12652,3538,1341,4953,68,83,58,127
Ruthenibacterium lactatiformans,11970,4597,1751,6485,29,35,12,26
Faecalibacterium prausnitzii,12993,35324,36875,59597,91082,121835,82495,155475
Ruminococcus bicirculans (ex Liu et al. 2021) <Ruminococcus bicirculans (ex Liu et al. 2021)>,179,188,123,217,357,259,163,305
Ruminococcus sp. JE7A12,102,164,144,215,558,415,258,571
Ruminococcus champanellensis,46,50,35,35,31,34,33,29
Ruminococcus albus,35,84,125,67,94,94,141,136
Ethanoligenens harbinense,25,17,37,21,32,31,33,49
Caproiciproducens sp. NJN-50,19,31,16,15,0,13,0,0
[Clostridium] cellulosi,16,25,32,32,34,30,37,53
Clostridioides difficile,1043,1090,472,837,163,194,130,243
Romboutsia sp. CE17,239,57,23,78,0,0,0,0
Romboutsia ilealis,220,51,12,57,0,0,0,0
Romboutsia hominis,176,36,16,57,0,0,0,0
Peptacetobacter hiranonis,120,51,29,61,17,13,0,16
Paraclostridium sordellii,91,30,0,30,0,0,0,0
Paraclostridium bifermentans,78,27,0,17,0,0,0,0
Peptostreptococcaceae bacterium oral taxon 929,17,12,0,15,12,13,0,12
Peptoclostridium acidaminophilum,16,15,0,11,17,0,0,0
Acetoanaerobium sticklandii,12,12,10,12,10,0,0,17
Filifactor alocis,10,12,10,14,0,0,0,0
Clostridium sp. SY8519,245,290,118,228,10,13,0,10
Clostridium sp. DL-VIII,32,21,0,27,0,0,0,0
Clostridium sp. CT4,28,25,0,16,0,0,0,0
Clostridium sp. BNL1100,23,26,21,25,0,0,0,0
Clostridium sp. JN-9,20,17,11,12,0,0,0,0
Clostridium sp. SYSU GA15002T,26,23,0,24,27,0,0,0
Clostridium sp. JN-1,17,21,0,14,0,0,0,0
Clostridium botulinum,203,157,55,97,19,24,33,22
Clostridium butyricum,75,40,15,35,11,0,0,14
Clostridium perfringens,68,64,14,39,0,0,0,0
Clostridium saccharobutylicum,43,25,10,29,0,0,0,0
Clostridium baratii,39,18,0,12,0,0,0,0
Clostridium beijerinckii,104,69,84,86,29,20,0,23
Clostridium saccharoperbutylacetonicum,35,20,10,33,0,0,0,0
Clostridium tetani,34,21,0,18,0,0,0,0
Clostridium argentinense,33,14,27,27,0,0,0,0
Clostridium pasteurianum,32,48,29,32,0,0,15,0
Clostridium bornimense,36,33,11,20,0,0,0,0
Clostridium novyi,27,34,11,21,0,0,0,0
Clostridium carboxidivorans,27,12,0,14,0,0,0,0
Clostridium isatidis,26,11,0,0,0,0,0,0
Clostridium cellulovorans,21,21,19,27,13,0,20,23
Clostridium estertheticum,20,18,0,12,0,0,0,0
Clostridium intestinale,19,20,0,16,0,0,0,0
Clostridium chauvoei,20,0,0,0,0,0,0,0
Clostridium acetobutylicum,17,12,0,12,0,0,0,0
Clostridium tyrobutyricum,17,17,0,15,0,0,0,0
Clostridium septicum,15,0,0,0,0,0,0,0
Clostridium aceticum,13,10,14,0,0,14,0,0
Clostridium formicaceticum,13,10,30,18,0,18,20,14
Clostridium taeniosporum,13,14,0,15,0,0,0,0
Clostridium kluyveri,12,20,0,18,0,0,0,0
Clostridium cochlearium,10,0,0,0,0,0,0,0
Hungatella hathewayi,109,171,63,105,13,0,0,16
Alkaliphilus metalliredigens,18,19,0,13,0,11,0,0
Clostridiaceae bacterium 14S0207,29,14,13,22,14,0,0,16
Caloramator sp. E03,26,0,0,0,0,0,0,0
Crassaminicella sp. SY095,15,21,0,11,0,0,0,0
Geosporobacter ferrireducens,14,27,0,18,0,0,0,0
Hathewaya histolytica,15,19,0,0,0,0,0,0
Massilistercora timonensis,694,876,377,526,38,83,65,83
Aminipila sp. CBA3637,27,38,16,17,0,0,0,0
Aminipila sp. JN-18,16,24,0,18,0,10,0,0
Aminipila butyrica,13,10,0,14,12,0,0,13
Mogibacterium pumilum,19,21,12,15,13,0,0,0
Mogibacterium diversum,16,14,11,19,15,11,0,0
[Eubacterium] sulci,26,24,23,31,37,30,31,47
[Eubacterium] minutum,10,10,0,15,11,0,0,0
Flintibacter sp. KGMB00164,57,44,36,64,26,32,10,37
Intestinimonas butyriciproducens,224,84,0,105,0,0,0,0
[Eubacterium] cellulosolvens,159,259,92,182,27,22,16,27
Eubacterium limosum,158,281,111,150,0,0,0,0
Eubacterium maltosivorans,105,71,42,79,44,60,36,99
Eubacterium callanderi,30,23,0,15,0,0,0,0
Dysosmobacter welbionis,506,437,191,269,28,37,27,43
Oscillibacter valericigenes,36,30,0,22,0,0,0,0
Oscillibacter sp. PEA192,48,46,40,57,81,96,44,126
Clostridiales bacterium CCNA10,424,321,138,298,84,120,85,178
Clostridiales bacterium,691,232,67,185,81,63,42,59
Christensenella minuta,202,84,27,92,0,0,0,0
Christensenella sp. Marseille-P3954,40,29,20,34,0,0,0,0
Desulfosporosinus orientis,12,0,0,0,0,0,0,0
Desulfosporosinus youngiae,12,12,0,0,0,0,0,0
Desulfitobacterium metallireducens,16,13,0,12,0,0,0,0
Acetivibrio thermocellus,24,23,20,17,0,11,0,0
Acetivibrio clariflavus,22,23,17,22,0,0,0,0
Hungateiclostridium saccincola,15,14,0,0,0,0,0,15
Mageeibacillus indolicus,34,21,10,21,0,0,0,0
Clostridium thermosuccinogenes,23,14,12,20,26,17,0,18
Fastidiosipila sanguinis,14,10,0,0,0,0,0,0
Thermoclostridium stercorarium,12,16,11,17,13,19,0,17
Petrocella atlantisensis,19,24,0,11,0,0,0,0
Thermoanaerobacterium sp. RBIITD,12,0,0,0,0,0,0,0
Thermoanaerobacterium thermosaccharolyticum,15,22,17,19,27,13,0,20
Halanaerobium praevalens,11,15,0,14,0,0,0,0
Streptococcus parasanguinis,6035,1063,415,1549,0,0,0,0
Streptococcus thermophilus,5103,2747,1045,3928,0,0,0,0
Streptococcus salivarius,6128,3395,1342,4890,0,0,0,0
Streptococcus sp. HSISS2,30,0,0,23,0,0,0,0
Streptococcus sp. HSISS1,153,0,0,0,0,0,0,0
Streptococcus agalactiae,237,163,72,125,0,0,0,0
Streptococcus suis,56,52,14,52,24,0,0,0
Streptococcus pyogenes,63,0,0,20,0,0,0,0
Streptococcus pseudoporcinus,30,0,0,0,0,0,0,0
Streptococcus dysgalactiae,22,0,0,0,0,0,0,0
Streptococcus equi,10,0,0,0,0,0,0,0
Streptococcus lutetiensis,46,49,0,44,0,0,0,0
Streptococcus canis,17,0,0,0,0,0,0,0
Streptococcus sanguinis,16,0,0,0,0,0,0,0
Streptococcus equinus,17,34,18,14,0,0,0,0
Streptococcus vestibularis,13,0,0,0,0,0,0,0
Streptococcus pluranimalium,11,0,0,0,0,0,0,0
Streptococcus oralis,11,0,0,0,0,0,0,0
Lactococcus lactis,99,65,21,68,0,0,0,0
Enterococcus faecium,8784,1443,652,1958,69,68,0,49
Enterococcus saigonensis,28,19,18,15,0,0,0,0
Enterococcus cecorum,19,15,0,16,0,0,0,0
Enterococcus faecalis,18,0,0,11,0,0,0,0
Enterococcus avium,15,15,30,18,0,23,96,16
Enterococcus mundtii,13,0,0,0,0,0,0,0
Ligilactobacillus ruminis,5907,1439,576,1969,0,14,44,18
Lactiplantibacillus plantarum,40,0,0,49,0,0,0,0
Ligilactobacillus murinus,11,0,0,0,0,0,0,0
Limosilactobacillus reuteri,15,31,54,43,0,0,0,53
Paucilactobacillus hokkaidonensis,10,0,0,0,0,0,0,0
Lactobacillus johnsonii,16,0,0,0,0,0,0,0
Carnobacterium maltaromaticum,12,0,0,0,0,0,0,0
Bacillus sp. S3,17,13,0,0,0,0,0,0
Bacillus sp. NSP9.1,17,10,0,0,0,0,0,0
Bacillus sp. FJAT-18017,15,17,0,0,0,0,0,0
Bacillus sp. X1(2014),15,0,0,0,0,0,0,0
Bacillus sp. Y1,11,0,0,0,0,0,0,0
Bacillus sp. SB49,10,11,0,11,0,0,0,0
Bacillus cereus,234,130,0,184,0,0,0,0
Bacillus thuringiensis,76,98,0,0,0,0,0,0
Bacillus cytotoxicus,10,0,0,0,0,0,0,0
Priestia megaterium,31,0,0,46,0,0,0,0
Bacillus filamentosus,13,0,0,0,0,0,0,0
Bacillus marisflavi,14,0,0,0,0,0,0,0
Niallia circulans,11,17,15,14,32,0,0,0
Bacillus thermoamylovorans,17,0,0,0,0,0,0,0
Peribacillus simplex,14,0,0,13,0,0,0,0
Halalkalibacter krulwichiae,12,0,0,0,0,0,0,0
Cytobacillus oceanisediminis,16,21,0,18,0,0,0,0
Neobacillus mesonae,18,13,0,0,0,0,0,0
Pradoshia sp. D12,12,15,0,0,0,0,0,0
Paenibacillus sp. 14171R-81,22,0,0,0,0,0,0,0
Paenibacillus sp. FSL H7-0357,20,0,0,0,20,0,0,0
Paenibacillus guangzhouensis,20,17,0,17,0,0,0,12
Paenibacillus polymyxa,88,107,111,87,0,39,67,38
Paenibacillus riograndensis,14,0,55,16,38,20,29,35
Paenibacillus larvae,12,12,0,12,0,0,0,0
Brevibacillus brevis,15,21,35,19,17,0,17,11
Brevibacillus laterosporus,26,30,0,0,0,0,0,0
Aneurinibacillus sp. XH2,13,0,0,0,0,0,0,0
Staphylococcus epidermidis,23,0,0,0,0,0,0,0
Staphylococcus aureus,72,0,0,0,0,0,0,0
Staphylococcus simiae,13,0,0,0,0,0,0,0
Sporosarcina ureae,22,27,0,0,0,0,0,0
Solibacillus silvestris,21,0,0,0,0,0,0,0
Listeria monocytogenes,24,54,0,0,0,0,0,0
Brochothrix thermosphacta,12,0,0,0,0,0,0,0
Tumebacillus avium,14,0,0,0,21,0,0,0
Alicyclobacillus acidocaldarius,13,10,0,0,0,0,0,0
Salisediminibacterium selenitireducens,17,20,0,30,0,0,0,0
Phascolarctobacterium faecium,7103,1954,756,2698,22,14,0,13
Acidaminococcus intestini,6449,1299,487,1859,0,0,0,0
Acidaminococcus fermentans,22,16,0,13,0,0,0,0
Megasphaera elsdenii,7207,1019,413,1350,0,0,23,15
Megasphaera stantonii,22,25,18,18,14,15,16,21
Veillonella parvula,6047,791,302,1143,0,0,0,0
Veillonella rodentium,14,0,0,14,0,0,0,0
Veillonella atypica,10,0,0,0,0,0,0,0
Dialister pneumosintes,163,65,0,74,0,0,0,0
Selenomonas ruminantium,33,21,42,30,21,16,28,0
Selenomonas sputigena,12,0,0,0,0,0,0,0
Megamonas hypermegale,24,17,0,0,0,0,0,0
Megamonas funiformis,21,18,0,0,0,0,0,0
Sporomusa termitida,19,11,0,0,0,0,0,0
Finegoldia magna,5127,1089,424,1538,0,0,0,0
Peptoniphilus harei,29,14,0,20,0,0,0,12
Peptoniphilus sp. ING2-D1G,14,25,34,16,13,20,34,14
Anaerococcus mediterraneensis,18,0,0,0,0,0,0,0
Anaerococcus prevotii,14,14,0,11,0,0,0,0
Tissierellia sp. JN-28,10,0,0,15,10,0,0,10
Gudongella oleilytica,10,0,0,0,0,0,0,0
Ezakiella massiliensis,50,21,0,15,0,0,0,0
Faecalitalea cylindroides,671,844,300,543,13,10,15,10
[Clostridium] innocuum,460,632,223,445,0,16,0,0
Thomasclavelia ramosa,72,41,40,34,0,15,30,0
Longibaculum sp. KGMB06250,286,392,155,266,59,65,53,84
Intestinibaculum porci,177,141,40,124,0,0,0,0
Amedibacterium intestinale,170,162,69,123,0,0,0,0
Erysipelotrichaceae bacterium GAM147,108,88,39,65,0,0,0,0
Erysipelothrix sp. HDW6A,12,0,0,0,0,0,0,0
Erysipelothrix piscisicarius,18,0,0,0,0,0,0,0
Erysipelothrix larvae,13,0,0,0,0,0,0,0
Erysipelothrix rhusiopathiae,12,18,0,17,0,0,0,0
Faecalibaculum rodentium,34,23,0,16,0,0,0,0
Ndongobacter massiliensis,11,0,0,0,0,0,0,0
Bifidobacterium longum,6885,21307,8212,13139,37,15,20,19
Bifidobacterium bifidum,6161,4302,1643,2710,18,0,0,0
Bifidobacterium pseudocatenulatum,6634,3866,1478,2405,15,0,0,0
Bifidobacterium adolescentis,5978,11027,12102,19449,60499,42566,28292,25545
Bifidobacterium angulatum,5741,1387,556,1978,27,31,37,28
Bifidobacterium catenulatum,5832,1820,696,2605,26,11,14,11
Bifidobacterium animalis,5493,1007,402,1442,0,0,0,0
Bifidobacterium breve,31,56,32,31,17,12,11,0
Trueperella pyogenes,13,0,0,0,0,0,0,0
Eggerthella lenta,9854,1520,585,2166,22,13,0,0
Eggerthella sp. YY7918,48,17,0,21,42,27,18,23
Gordonibacter pamelaeae,9198,1277,551,1856,365,205,176,158
Gordonibacter urolithinfaciens,652,99,39,142,63,44,26,29
Adlercreutzia equolifaciens,8050,2450,943,3513,42,25,13,11
Adlercreutzia sp. 8CFCBH1,33,0,0,11,0,0,0,0
Slackia heliotrinireducens,101,49,26,64,60,46,26,26
Denitrobacterium detoxificans,59,27,16,36,22,11,15,0
Arabia massiliensis,56,0,0,24,0,0,0,0
Phoenicibacter congonensis,49,39,13,50,10,0,0,0
Eggerthellaceae bacterium zg-1050,31,0,0,0,0,0,0,0
Cryptobacterium curtum,19,0,0,0,0,0,0,0
Collinsella aerofaciens,6113,10315,11186,18059,60287,38910,25979,23276
Coriobacteriaceae bacterium 68-1-3,39,0,0,0,0,0,0,0
Olsenella umbonata,61,16,0,18,0,0,0,0
Olsenella sp. GAM18,39,33,20,45,95,59,43,31
Parolsenella catena,49,24,19,47,124,66,33,42
Libanicoccus massiliensis,35,32,71,50,124,92,87,59
Lancefieldella parvula,18,11,0,0,0,0,0,0
Prochlorococcus marinus,18,10,0,0,0,0,0,0
Klebsiella pneumoniae,22248,7441,3402,10864,0,0,0,0
Klebsiella variicola,9828,1270,442,1728,0,0,0,0
Klebsiella quasipneumoniae,111,43,48,48,0,175,244,171
Klebsiella aerogenes,62,18,0,19,0,0,0,0
Klebsiella oxytoca,46,17,0,14,0,52,0,0
Klebsiella michiganensis,31,0,0,50,0,0,0,0
Klebsiella huaxiensis,10,0,0,0,0,0,0,0
Escherichia coli,17437,38416,17137,24015,0,0,0,0
Escherichia albertii,28,46,35,31,0,0,0,0
Escherichia fergusonii,29,70,27,35,0,0,0,0
Escherichia marmotae,21,42,11,28,0,0,0,0
Escherichia sp. E4742,12,33,14,22,0,0,0,0
Enterobacter cloacae,34,50,0,37,0,0,0,0
Shigella dysenteriae,33,60,25,58,0,0,0,0
Shigella flexneri,60,95,0,58,0,0,0,0
Shigella boydii,24,64,0,21,0,0,0,0
Salmonella enterica,81,73,29,36,182,0,0,0
Serratia marcescens,36,0,0,0,0,0,0,0
Buchnera aphidicola,29,14,33,0,0,0,31,0
Morganella morganii,11,0,0,0,0,0,0,0
Dickeya zeae,18,0,29,16,0,26,40,29
Pseudomonas fluorescens,40,45,44,0,0,0,99,78
Pseudomonas aeruginosa,44,0,0,0,0,0,0,0
Pseudomonas putida,44,81,35,85,101,0,0,0
Stutzerimonas stutzeri,13,16,0,38,38,0,26,0
Glaciecola sp. THG-3.7,18,19,104,20,26,67,102,50
Stenotrophomonas maltophilia,60,35,41,28,66,50,111,39
Cupriavidus metallidurans,19289,3975,1564,5731,0,0,0,0
Cupriavidus sp. USMAA2-4,100,24,0,23,0,0,0,0
Cupriavidus pauculus,59,0,0,0,0,0,0,0
Cupriavidus basilensis,53,20,0,26,0,0,0,0
Cupriavidus taiwanensis,71,27,21,39,0,0,0,0
Cupriavidus campinensis,32,0,0,20,0,0,0,0
Cupriavidus necator,26,0,0,0,0,0,0,0
Burkholderiales bacterium YL45,187,45,20,66,0,0,0,0
Variovorax paradoxus,33,0,0,0,0,0,0,0
Alcaligenes faecalis,26,0,0,0,0,0,0,0
Sutterella megalosphaeroides,14,12,0,0,0,0,0,0
Neisseria polysaccharea,38,0,0,0,0,0,0,0
Neisseria shayeganii,11,0,31,0,0,0,25,0
Desulfovibrio piger,6755,1372,523,1967,0,0,0,0
Desulfovibrio fairfieldensis,34,0,0,0,0,0,0,0
Pseudodesulfovibrio sp. zrk46,10,0,0,0,0,0,0,0
Campylobacter jejuni,50,0,0,0,0,0,0,0
Rhodopseudomonas palustris,88,0,0,0,0,0,0,0
Akkermansia muciniphila,8179,21299,8164,13091,0,0,14,0
Fusobacterium nucleatum,51,16,0,0,0,0,0,0
Fusobacterium varium,20,12,0,17,0,0,0,0
Fusobacterium ulcerans,14,11,0,0,0,0,0,0
Leptotrichia sp. oral taxon 212,29,0,28,24,0,12,31,15
Sebaldella termitidis,16,20,0,13,0,0,0,0
Pseudoleptotrichia goodfellowii,11,0,0,0,0,0,0,0
Treponema succinifaciens,19,21,0,15,20,11,0,15
Candidatus Solibacter usitatus,12,0,0,0,0,0,0,0
Methanobrevibacter smithii,5253,6908,2655,4248,0,0,0,0
Homo sapiens,583,578,884,507,323,497,855,461
Dysgonomonas sp. HDW5A,0,26,0,0,0,0,0,0
Flavobacterium magnum,0,14,49,22,0,17,39,19
Capnocytophaga gingivalis,0,14,69,0,21,39,57,23
Flavobacteriaceae bacterium 10Alg115,0,13,11,10,0,10,13,11
Aquimarina sp. AD1,0,14,24,0,0,15,38,22
Seonamhaeicola sp. S2-3,0,25,42,16,29,30,38,0
Aequorivita sp. H23M31,0,11,31,0,14,14,33,0
Chryseobacterium piperi,0,18,0,0,0,0,0,0
Chryseobacterium gleum,0,28,22,0,0,0,0,0
Chryseobacterium camelliae,0,15,36,13,18,11,43,12
Chryseobacterium indoltheticum,0,15,28,20,0,31,35,25
Weeksella virosa,0,13,37,11,45,21,41,19
Pontibacter korlensis,0,13,72,22,19,24,60,38
Pontibacter pudoricolor,0,13,31,14,0,13,32,11
Spirosoma sp. TS118,0,20,33,13,17,30,43,35
Fibrella aestuarina,0,11,33,0,16,14,26,17
Arcticibacterium luteifluviistationis,0,11,11,0,0,0,11,0
Pedobacter sp. HDW13,0,17,0,0,0,0,0,0
Pedobacter sp. PACM 27299,0,12,63,24,20,31,62,25
Pedobacter suwonensis,0,12,14,0,14,15,26,0
Pedobacter heparinus,0,10,27,16,0,0,24,17
Sphingobacterium sp. ML3W,0,13,0,0,0,0,0,0
Sphingobacterium sp. CZ-2,0,14,17,0,0,0,0,0
Sphingobacterium multivorum,0,22,0,0,0,0,0,0
Mucilaginibacter rubeus,0,17,76,25,0,38,71,34
Arachidicoccus ginsenosidivorans,0,10,12,11,0,0,11,0
Flavihumibacter sp. SB-02,0,17,23,10,10,17,25,17
Pseudobacter ginsenosidimutans,0,11,52,16,0,26,54,21
Pelodictyon luteolum,0,10,37,12,10,13,37,20
Fibrobacter succinogenes,0,17,95,19,28,35,74,45
Clostridium sp. AWRP,0,17,0,0,0,0,0,0
Alkaliphilus oremlandii,0,11,12,0,0,0,0,0
Acetobacterium woodii,0,12,0,0,0,0,0,0
Acetobacterium sp. KB-1,0,11,15,0,0,0,22,10
Desulfosporosinus meridiei,0,19,0,12,0,0,0,0
Desulfitobacterium hafniense,0,12,0,0,0,0,0,0
Dehalobacter restrictus,0,33,0,0,0,0,0,0
Syntrophobotulus glycolicus,0,13,0,0,0,0,0,0
Desulfoscipio gibsoniae,0,11,0,18,0,0,0,0
Ruminiclostridium cellulolyticum,0,21,0,20,13,0,0,0
Thermoanaerobacterium xylanolyticum,0,10,0,0,0,0,0,0
Tepidanaerobacter acetatoxydans,0,14,0,10,0,0,0,0
Mahella australiensis,0,16,59,15,0,45,81,32
Streptococcus pasteurianus,0,167,87,61,0,0,0,0
Streptococcus intermedius,0,13,0,0,0,0,0,0
Streptococcus pneumoniae,0,13,0,15,0,0,0,0
Streptococcus cristatus,0,11,18,0,0,0,29,13
Marinilactibacillus sp. 15R,0,11,0,0,0,0,0,0
Bacillus sp. DSL-17,0,21,0,0,0,0,0,0
Bacillus sp. FJAT-42376,0,17,0,18,33,0,0,0
Bacillus sp. FJAT-22090,0,15,0,0,0,0,0,0
Bacillus pseudomycoides,0,10,0,0,0,0,0,0
Bacillus atrophaeus,0,129,0,0,0,20,0,0
Bacillus ciccensis,0,23,0,15,0,0,0,0
Bacillus pumilus,0,30,72,25,0,0,0,0
Heyndrickxia coagulans,0,11,20,13,0,0,0,0
Lysinibacillus sp. SGAir0095,0,27,0,0,0,0,0,28
Oceanobacillus iheyensis,0,10,0,0,0,0,0,0
Metabacillus sp. KUDC1714,0,12,0,24,0,0,0,0
Mesobacillus foraminis,0,13,0,0,0,0,0,0
Pontibacillus sp. HMF3514,0,15,0,0,0,0,0,0
Salimicrobium jeotgali,0,15,46,14,0,16,32,27
Paenibacillus sp. DCT19,0,17,0,0,0,0,0,0
Paenibacillus sp. JDR-2,0,17,0,0,0,0,0,0
Paenibacillus sp. E222,0,12,0,0,0,0,0,0
Paenibacillus sp. CAA11,0,12,0,0,0,0,0,0
Paenibacillus sp. FSL R7-0331,0,23,19,0,0,0,0,0
Paenibacillus sp. 32O-W,0,10,0,12,0,0,0,0
Paenibacillus lentus,0,25,0,14,0,0,0,0
Paenibacillus durus,0,19,0,16,0,0,0,0
Paenibacillus xylanilyticus,0,18,20,14,0,22,24,12
Paenibacillus mucilaginosus,0,14,0,0,0,0,0,0
Paenibacillus lautus,0,18,0,0,0,0,0,0
Paenibacillus barcinonensis,0,14,37,19,0,11,29,0
Paenibacillus physcomitrellae,0,14,12,0,0,0,0,0
Paenibacillus graminis,0,14,33,18,0,13,33,19
Paenibacillus thiaminolyticus,0,11,0,0,0,0,0,0
Paenibacillus alvei,0,11,0,0,0,0,0,0
Paenibacillus donghaensis,0,11,0,0,0,0,0,0
Paenibacillus ihbetae,0,10,31,10,16,19,13,22
Saccharibacillus brassicae,0,20,0,21,19,11,0,0
Staphylococcus hominis,0,39,0,0,0,0,0,0
Planococcus glaciei,0,20,0,0,0,0,0,0
Turicibacter sp. H121,0,21,0,0,0,0,0,0
Peptoniphilus ivorii,0,15,19,0,0,16,33,22
Bifidobacterium dentium,0,15,0,14,0,0,0,0
Leptolyngbya sp. PCC 7376,0,55,432,81,96,242,471,238
Citrobacter freundii,0,90,0,0,0,0,0,0
Kluyvera intermedia,0,13,24,0,0,0,48,23
Photorhabdus thracensis,0,12,0,0,0,0,0,0
Pectobacterium polaris,0,16,46,0,0,0,24,0
Acinetobacter haemolyticus,0,29,0,0,0,0,0,0
Vibrio mediterranei,0,21,0,0,0,0,0,0
Aeromonas veronii,0,25,0,26,73,46,0,0
Succinivibrio dextrinosolvens,0,15,36,19,13,13,43,23
Herbaspirillum rubrisubalbicans,0,19,24,16,0,33,51,22
Maridesulfovibrio salexigens,0,10,23,12,0,10,25,10
Campylobacter coli,0,45,0,25,0,0,0,0
Aliarcobacter cryaerophilus,0,29,53,19,0,14,56,0
Sulfitobacter sp. BSw21498,0,37,0,0,0,0,0,0
Neokomagataea tanensis,0,77,31,0,0,30,43,19
Crateriforma conspicua,0,16,31,0,0,0,22,12
Victivallales bacterium CCUG 44730,0,15,13,13,19,16,27,22
Fusobacterium necrophorum,0,23,0,0,0,0,0,0
Fusobacterium gonidiaformans,0,11,0,0,0,0,0,0
Oceanispirochaeta sp. K2,0,13,20,10,0,14,25,11
Brachyspira hampsonii,0,14,0,0,0,0,0,0
Flavobacterium sp. CJ74,0,0,40,0,15,12,35,30
Flavobacterium sp. KBS0721,0,0,42,0,0,12,23,11
Flavobacterium sp. LPB0248,0,0,47,0,23,29,54,32
Flavobacterium sp. P2-65,0,0,24,0,0,13,16,16
Flavobacterium sp. I3-2,0,0,67,46,0,0,68,35
Flavobacterium arcticum,0,0,52,17,13,28,53,22
Flavobacterium pallidum,0,0,26,0,0,21,35,15
Flavobacterium sediminis,0,0,58,39,0,0,37,0
Flavobacterium album,0,0,10,0,0,11,11,0
Flavobacterium faecale,0,0,10,0,0,0,0,0
Maribacter sp. MJ134,0,0,59,32,0,17,61,34
Maribacter cobaltidurans,0,0,59,0,0,39,65,0
Flavobacteriaceae bacterium MAR_2010_188,0,0,45,0,0,17,46,13
Flavobacteriaceae bacterium RR4-40,0,0,18,0,0,0,27,13
Gramella salexigens,0,0,44,18,0,16,32,23
Christiangramia flava,0,0,18,0,0,0,19,0
Kordia sp. SMS9,0,0,66,14,15,30,66,36
Winogradskyella sp. Z354,0,0,51,0,0,0,55,26
Nonlabens sp. Ci31,0,0,31,0,0,13,29,0
Dokdonia sp. 4H-3-7-5,0,0,24,0,0,0,0,16
Dokdonia donghaensis,0,0,24,0,0,12,28,0
Wenyingzhuangia fucanilytica,0,0,50,0,0,23,41,23
Tamlana sp. UJ94,0,0,43,0,0,16,48,17
Flagellimonas ruestringensis,0,0,28,0,0,18,18,10
Robiginitalea biformata,0,0,46,0,0,26,56,32
Antarcticibacterium sp. PAMC 28998,0,0,26,0,0,14,29,18
Algibacter sp. L1A34,0,0,24,30,0,0,19,0
Tenacibaculum jejuense,0,0,18,0,0,0,19,0
Leeuwenhoekiella sp. ZYFB001,0,0,26,25,0,0,0,0
Costertonia aggregata,0,0,22,23,0,0,24,0
Cellulophaga baltica,0,0,13,0,0,0,0,0
Euzebyella marina,0,0,27,0,0,0,0,0
Mariniflexile sp. TRM1-10,0,0,10,0,0,0,0,0
Chryseobacterium sp. StRB126,0,0,54,19,25,18,47,25
Chryseobacterium sp.,0,0,49,17,0,34,55,22
Chryseobacterium sp. NEB161,0,0,56,29,0,30,54,26
Chryseobacterium sp. 3008163,0,0,26,0,0,20,35,0
Chryseobacterium nakagawai,0,0,50,0,0,27,67,26
Chryseobacterium taihuense,0,0,36,0,0,13,32,20
Chryseobacterium joostei,0,0,21,0,0,14,0,0
Kaistella haifensis,0,0,19,0,0,0,0,0
Chryseobacterium balustinum,0,0,12,0,0,0,0,0
Elizabethkingia miricola,0,0,59,25,0,43,55,15
Empedobacter brevis,0,0,29,15,0,27,21,15
Empedobacter falsenii,0,0,37,0,0,0,30,25
Bergeyella cardium,0,0,36,0,0,32,36,0
Riemerella anatipestifer,0,0,27,0,0,15,30,10
Hymenobacter sp. APR13,0,0,72,0,0,0,65,28
Hymenobacter sp. PAMC 26554,0,0,43,13,16,19,43,17
Hymenobacter sp. BT18,0,0,29,0,0,16,47,14
Hymenobacter sp. BRD72,0,0,20,0,31,20,28,0
Hymenobacter nivis,0,0,57,0,22,42,65,23
Hymenobacter sedentarius,0,0,32,0,24,22,50,15
Hymenobacter oligotrophus,0,0,17,0,13,20,40,18
Pontibacter actiniarum,0,0,37,12,0,17,28,13
Rufibacter tibetensis,0,0,12,11,0,0,13,0
Adhaeribacter swui,0,0,47,0,15,29,54,24
Spirosoma sp. KUDC1026,0,0,32,0,0,15,39,0
Spirosoma sp. I-24,0,0,11,0,0,0,0,0
Spirosoma pollinicola,0,0,39,15,0,12,27,10
Spirosoma montaniterrae,0,0,20,0,0,23,34,17
Runella sp. HYN0085,0,0,14,0,0,11,14,0
Echinicola strongylocentroti,0,0,23,0,12,10,28,15
Echinicola sp. LN3S3,0,0,18,0,0,16,26,10
Aquiflexum balticum,0,0,46,0,15,33,59,17
Algoriphagus machipongonensis,0,0,18,0,0,0,20,12
Cardinium endosymbiont of Sogatella furcifera,0,0,50,0,0,13,33,25
Candidatus Amoebophilus asiaticus,0,0,13,0,0,0,0,0
Mucilaginibacter sp. PAMC 26640,0,0,15,0,0,0,16,0
Mucilaginibacter mallensis,0,0,39,14,0,23,26,16
Mucilaginibacter ginsenosidivorans,0,0,28,0,0,0,21,11
Mucilaginibacter paludis,0,0,16,0,18,13,18,10
Pedobacter sp. CJ43,0,0,22,0,0,13,19,0
Sphingobacterium sp. B29,0,0,29,0,0,33,51,0
Sphingobacterium daejeonense,0,0,21,16,0,0,0,0
Olivibacter sp. LS-1,0,0,64,0,0,28,43,30
Flavisolibacter ginsenosidimutans,0,0,20,0,13,11,47,21
Flavisolibacter tropicus,0,0,20,14,0,22,25,13
Arachidicoccus sp. B3-10,0,0,14,0,0,13,25,13
Panacibacter ginsenosidivorans,0,0,22,0,0,0,17,11
Rhodothermaceae bacterium,0,0,24,10,21,16,27,16
Chlorobaculum parvum,0,0,64,0,0,22,49,29
Prosthecochloris sp. CIB 2401,0,0,11,0,0,0,0,0
Candidatus Cloacimonas acidaminovorans,0,0,29,11,0,16,17,12
Candidatus Arthromitus sp. SFB-mouse-NL,0,0,28,0,0,15,28,0
Desulfosporosinus acidiphilus,0,0,28,15,0,0,23,0
Streptococcus sp. 116-D4,0,0,31,0,0,37,56,31
Streptococcus sp. Z15,0,0,13,0,0,0,0,0
Streptococcus gordonii,0,0,32,0,27,22,38,16
Pseudolactococcus piscium,0,0,37,0,0,17,28,24
Lacticaseibacillus rhamnosus,0,0,36,0,0,40,81,28
Limosilactobacillus mucosae,0,0,13,0,0,0,0,0
Oenococcus oeni,0,0,22,10,0,15,26,0
Weissella paramesenteroides,0,0,14,0,0,0,13,0
Paenibacillus borealis,0,0,39,14,0,12,30,23
Paenibacillus naphthalenovorans,0,0,24,0,28,13,21,19
Paenibacillus antarcticus,0,0,19,0,0,0,19,0
Bacillus freudenreichii,0,0,28,13,16,16,0,0
Halobacillus litoralis,0,0,19,0,0,0,33,30
Planococcus sp. Y42,0,0,52,25,0,24,38,29
Planococcus sp. PAMC 21323,0,0,34,0,0,0,19,0
Staphylospora marina,0,0,25,0,0,16,31,0
Gardnerella vaginalis,0,0,10,0,0,0,0,0
Corynebacterium sp. sy039,0,0,21,0,0,0,19,0
Corynebacterium sp. ATCC 6931,0,0,33,0,0,0,29,0
Corynebacterium sp. 2183,0,0,16,0,0,0,14,0
Corynebacterium ulcerans,0,0,37,0,0,34,41,31
Corynebacterium endometrii,0,0,29,0,22,16,40,30
Corynebacterium flavescens,0,0,19,0,0,0,0,0
Corynebacterium ammoniagenes,0,0,18,0,0,0,19,0
Corynebacterium genitalium,0,0,17,0,0,0,20,0
Mycolicibacterium fortuitum,0,0,75,0,0,55,78,44
Mycolicibacterium confluentis,0,0,19,0,0,0,0,0
Arthrobacter citreus,0,0,63,14,0,25,56,25
Kocuria sp. TGY1127_2,0,0,53,0,0,32,34,36
Brevibacterium luteolum,0,0,35,0,0,16,33,0
Ornithinimicrobium sp. H23M54,0,0,13,0,0,12,15,0
Luteipulveratus mongoliensis,0,0,12,0,0,0,19,18
Streptomyces dengpaensis,0,0,53,0,0,41,35,0
Nocardioides sp. HY056,0,0,25,0,0,11,22,0
Propionibacterium freudenreichii,0,0,35,0,10,15,27,24
Schaalia odontolytica,0,0,33,0,0,19,16,17
Flaviflexus sp. dk850,0,0,15,0,0,0,0,0
Actinobacteria bacterium YIM 96077,0,0,19,0,0,10,27,26
Crocosphaera subtropica,0,0,29,0,0,18,32,0
Geminocystis sp. NIES-3709,0,0,25,0,0,12,31,11
Oscillatoria acuminata,0,0,39,0,0,13,31,19
Mycoplasma sp. OR1901,0,0,17,0,0,0,16,0
Plautia stali symbiont,0,0,22,0,0,0,30,0
Pluralibacter gergoviae,0,0,16,0,0,0,0,0
Pectobacterium parmentieri,0,0,33,0,0,16,39,16
Pectobacterium wasabiae,0,0,14,0,0,0,17,0
Erwinia gerundensis,0,0,30,0,0,0,38,26
Providencia rustigianii,0,0,27,0,0,0,31,20
Proteus sp. ZN5,0,0,22,0,0,0,30,0
Yersinia aleksiciae,0,0,30,0,0,27,31,24
Pseudomonas sp. S1-A32-2,0,0,31,0,0,0,33,16
Pseudomonas sp. NIBRBAC000502773,0,0,70,0,0,89,60,60
Pseudomonas sp. HLS-6,0,0,31,0,0,30,38,0
Pseudomonas sp. CC6-YY-74,0,0,18,0,0,18,36,17
Pseudomonas syringae,0,0,43,0,0,26,45,24
Pseudomonas entomophila,0,0,45,0,0,0,22,25
Pseudomonas kribbensis,0,0,50,0,0,0,41,19
Azotobacter vinelandii,0,0,27,0,0,14,32,15
Acinetobacter venetianus,0,0,45,38,0,32,46,17
Acinetobacter baumannii,0,0,33,0,0,0,73,66
Acinetobacter radioresistens,0,0,17,0,0,0,23,0
Acinetobacter lwoffii,0,0,22,0,0,0,0,0
Moraxella cuniculi,0,0,24,0,0,10,18,0
Psychrobacter sp. AntiMn-1,0,0,12,0,0,0,0,0
Marinobacter salinus,0,0,35,0,0,14,30,19
Marinobacter sp. NP-4(2019),0,0,20,0,0,0,0,0
Alteromonas naphthalenivorans,0,0,22,0,0,19,23,0
Shewanella baltica,0,0,40,0,0,20,51,26
Shewanella denitrificans,0,0,21,0,0,10,28,22
Shewanella halifaxensis,0,0,15,0,0,13,19,13
Idiomarinaceae bacterium HL-53,0,0,21,0,0,23,30,18
Vibrio sp. THAF100,0,0,40,0,29,37,34,29
Vibrio casei,0,0,44,0,0,0,56,46
Vibrio tritonius,0,0,22,0,0,20,38,21
Photobacterium damselae,0,0,51,23,0,17,51,23
Halomonas sp. NBT06E8,0,0,55,0,0,38,64,28
Halomonas sp. A3H3,0,0,31,0,0,39,52,28
Halomonas sp. KO116,0,0,18,0,0,22,26,14
Vreelandella titanicae,0,0,35,0,0,40,66,30
Halomonas beimenensis,0,0,27,0,20,27,44,15
Halomonas elongata,0,0,22,0,0,0,39,22
Xanthomonas hortorum,0,0,66,0,0,24,51,31
Lysobacter alkalisoli,0,0,34,0,12,14,19,17
Frateuria aurantia,0,0,44,0,0,25,32,35
Rhodanobacter denitrificans,0,0,40,0,0,17,50,0
Oceanisphaera avium,0,0,61,11,0,31,50,34
Zobellella denitrificans,0,0,23,0,0,15,20,0
Oceanimonas sp. GK1,0,0,11,0,0,0,13,0
Histophilus somni,0,0,33,0,18,19,30,0
Avibacterium paragallinarum,0,0,21,0,0,29,32,0
Bibersteinia trehalosi,0,0,17,0,0,0,31,24
Nitrosococcus wardiae,0,0,31,0,0,19,34,16
Acidihalobacter prosperus,0,0,30,21,0,18,39,20
Thioalkalivibrio nitratireducens,0,0,18,0,11,12,28,0
Hydrogenovibrio thermophilus,0,0,30,0,0,13,36,19
Hydrogenovibrio marinus,0,0,11,0,0,0,10,0
Francisella sp. FSC1006,0,0,27,0,0,0,34,15
Aquicella siphonis,0,0,20,0,0,0,12,12
Zhongshania aliphaticivorans,0,0,12,0,0,0,13,17
Methylomonas sp. LW13,0,0,24,0,0,21,35,0
Gammaproteobacteria bacterium DM2,0,0,15,0,0,11,22,0
Sinimarinibacterium sp. NLF-5-8,0,0,14,0,0,0,0,0
Polynucleobacter paneuropaeus,0,0,13,0,0,0,0,0
Janthinobacterium agaricidamnosum,0,0,32,15,0,26,34,23
Janthinobacterium sp. LM6,0,0,13,0,0,0,21,0
Comamonas piscis,0,0,39,0,0,22,47,28
Bordetella trematum,0,0,30,0,0,49,46,36
Pusillimonas sp. ye3,0,0,21,0,56,23,27,13
Taylorella equigenitalis,0,0,16,0,0,14,0,0
Methylibium sp. Pch-M,0,0,32,0,0,16,29,0
Paucibacter sp. KCTC 42545,0,0,13,0,0,0,0,0
Pseudogulbenkiania sp. NH8B,0,0,27,13,18,24,34,17
Nitrosomonas eutropha,0,0,40,23,49,116,123,69
Nitrosomonadales bacterium skT11,0,0,10,0,0,10,0,0
Parazoarcus communis,0,0,45,16,81,36,77,53
Agrobacterium sp. RAC06,0,0,25,0,0,0,0,0
Bradyrhizobium diazoefficiens,0,0,55,0,0,60,50,37
Mesorhizobium ciceri,0,0,19,0,0,0,0,0
Rhodobiaceae bacterium,0,0,29,0,0,23,29,19
Starkeya sp. ORNL1,0,0,30,0,0,0,46,0
Methylovirgula ligni,0,0,18,0,0,0,21,0
Yoonia vestfoldensis,0,0,46,0,0,0,42,16
Maribius sp. THAF1,0,0,32,0,0,19,19,16
Tabrizicola piscis,0,0,39,0,0,0,45,23
Ruegeria sp. THAF33,0,0,37,0,0,39,43,0
Octadecabacter temperatus,0,0,11,0,0,0,18,0
Acetobacteraceae bacterium,0,0,30,27,19,33,17,21
Komagataeibacter oboediens,0,0,20,0,0,0,0,0
Swingsia samuiensis,0,0,11,0,0,0,11,0
Azospirillum ramasamyi,0,0,55,0,0,0,59,0
Sphingomonas sp. HMP6,0,0,30,0,0,0,19,19
Porphyrobacter neustonensis,0,0,52,0,0,19,27,13
Rickettsia canadensis,0,0,28,0,10,21,22,15
Candidatus Desulfovibrio trichonymphae,0,0,14,0,0,0,21,0
Maridesulfovibrio hydrothermalis,0,0,13,0,0,14,22,12
Desulfobulbus propionicus,0,0,48,0,17,29,50,23
Desulfobulbus oralis,0,0,34,0,0,12,28,17
Desulfatibacillum aliphaticivorans,0,0,13,0,0,0,12,0
Geobacter sp. M18,0,0,31,22,20,24,42,17
Geobacter sp. DSM 9736,0,0,12,0,0,0,0,0
Geotalea daltonii,0,0,12,0,10,10,17,14
Sorangium cellulosum,0,0,10,0,16,0,0,12
Sulfurimonas sp. 1-1N,0,0,59,0,21,27,64,35
Caminibacter mediatlanticus,0,0,20,0,0,0,14,10
Planctomycetes bacterium Pan241w,0,0,42,0,0,21,42,24
Planctomycetes bacterium V22,0,0,27,0,0,18,30,19
Gemmata sp. SH-PL17,0,0,21,0,0,0,16,0
Isosphaera pallida,0,0,27,0,0,15,25,11
Simkania negevensis,0,0,25,0,0,0,34,10
Treponema brennaborense,0,0,27,14,0,0,30,13
Treponema putidum,0,0,17,0,0,19,18,27
Sediminispirochaeta smaragdinae,0,0,13,0,0,10,15,0
Leptospira interrogans,0,0,30,13,0,14,22,16
Leptotrichia sp. oral taxon 847,0,0,26,0,0,16,26,16
Thermocrinis albus,0,0,33,11,10,17,30,17
Caldithrix abyssi,0,0,12,0,0,0,20,12
Desulfurispirillum indicum,0,0,12,0,0,0,16,0
Methanoplanus limicola,0,0,21,0,0,16,30,17
Methanolacinia petrolearia,0,0,20,10,0,21,36,0
Methanoregula boonei,0,0,30,0,0,0,30,15
Methanocorpusculum labreanum,0,0,20,0,0,16,25,19
Haloferax volcanii,0,0,70,0,0,37,68,39
Polaribacter sp. SA4-12,0,0,0,19,0,0,23,0
Hymenobacter sp. PAMC 26628,0,0,0,22,0,0,0,17
Rhodothermus marinus,0,0,0,11,16,0,11,0
Clostridium scatologenes,0,0,0,24,0,0,0,0
Desulfotomaculum nigrificans,0,0,0,11,11,0,0,0
Peptococcaceae bacterium DCMF,0,0,0,10,0,0,0,0
Halocella sp. SP3-1,0,0,0,10,0,0,0,0
Fictibacillus phosphorivorans,0,0,0,12,0,0,0,0
Paenibacillus sp. B01,0,0,0,26,0,0,0,0
Paenibacillus sp. FSL R7-0273,0,0,0,13,0,0,0,0
Jeotgalibacillus malaysiensis,0,0,0,20,26,0,0,21
Gottschalkia acidurici,0,0,0,10,0,0,0,0
Coriobacterium glomerans,0,0,0,12,13,0,0,0
Yokenella regensburgei,0,0,0,11,0,0,0,0
Izhakiella sp. KSNA2,0,0,0,10,0,0,0,0
Cupriavidus oxalaticus,0,0,0,12,0,0,0,0
Pandoraea pnomenusa,0,0,0,11,0,0,0,0
Desulfovibrio desulfuricans,0,0,0,11,0,0,0,0
Rhizobium leguminosarum,0,0,0,67,0,0,0,0
Mesorhizobium loti,0,0,0,91,0,0,0,0
Pontibacter russatus,0,0,0,0,14,0,0,0
Bacillus glycinifermentans,0,0,0,0,59,0,0,0
Paenibacillaceae bacterium GAS479,0,0,0,0,12,0,11,0
Salinicoccus halodurans,0,0,0,0,17,12,13,0
Sporolactobacillus terrae,0,0,0,0,18,0,0,0
Corynebacterium segmentosum,0,0,0,0,18,0,0,0
Corynebacterium vitaeruminis,0,0,0,0,14,0,0,0
Mycobacteroides abscessus,0,0,0,0,35,0,0,0
Lawsonella clevelandensis,0,0,0,0,19,0,0,0
Pseudarthrobacter equi,0,0,0,0,22,0,0,0
Nesterenkonia sp. NBAIMH1,0,0,0,0,12,0,0,0
Brevibacterium linens,0,0,0,0,12,0,0,0
Streptomyces sp. CdTB01,0,0,0,0,24,0,0,0
Streptomyces lavendulae,0,0,0,0,45,0,0,0
Nocardioides sp. KUDC 5002,0,0,0,0,15,0,0,0
Acaryochloris marina,0,0,0,0,12,0,0,17
Gloeobacter violaceus,0,0,0,0,11,0,0,0
Acinetobacter pittii,0,0,0,0,56,47,0,0
Enterobacter sp. E76,0,0,0,0,115,0,0,0
Xenorhabdus bovienii,0,0,0,0,19,12,0,14
Halomonas sp. HG01,0,0,0,0,23,0,0,0
Allochromatium vinosum,0,0,0,0,10,0,0,0
Legionella spiritensis,0,0,0,0,10,0,0,0
Rhizobium sp. 11515TR,0,0,0,0,43,0,0,0
Agrobacterium tumefaciens,0,0,0,0,98,0,0,0
Parasphingopyxis algicola,0,0,0,0,16,0,0,0
Erythrobacter sp. THAF29,0,0,0,0,21,0,0,0
Azoarcus sp. KH32C,0,0,0,0,21,13,0,0
Geobacter sulfurreducens,0,0,0,0,19,20,16,0
Geoalkalibacter subterraneus,0,0,0,0,14,0,0,0
Pelobacter acetylenicus,0,0,0,0,11,10,0,0
Minicystis rosea,0,0,0,0,10,0,11,0
Campylobacter sp. RM16192,0,0,0,0,10,0,0,0
Spirochaeta africana,0,0,0,0,15,10,10,10
Caldicellulosiruptor bescii,0,0,0,0,0,15,0,0
Bacillus vallismortis,0,0,0,0,0,51,0,49
Limosilactobacillus vaginalis,0,0,0,0,0,28,0,0
Pseudomonas sp. DY-1,0,0,0,0,0,15,15,0
Candidatus Williamhamiltonella defendens,0,0,0,0,0,10,0,0
Pasteurella multocida,0,0,0,0,0,21,14,0
Helicobacter pylori,0,0,0,0,0,10,0,0
Peribacillus asahii,0,0,0,0,0,0,22,0
Candidatus Planktophila versatilis,0,0,0,0,0,0,14,0
Nostoc sp. NIES-4103,0,0,0,0,0,0,39,0
Acinetobacter indicus,0,0,0,0,0,0,40,21
Alteromonas sp. RKMC-009,0,0,0,0,0,0,10,0
Paraglaciecola mesophila,0,0,0,0,0,0,14,0
Pseudoalteromonas marina,0,0,0,0,0,0,17,0
Thalassolituus oleivorans,0,0,0,0,0,0,29,23
Photobacterium gaetbulicola,0,0,0,0,0,0,12,0
Nitrosococcus halophilus,0,0,0,0,0,0,15,0
Beggiatoa leptomitoformis,0,0,0,0,0,0,15,0
Pseudovibrio sp. FO-BEG1,0,0,0,0,0,0,15,0
Acidovorax sp. RAC01,0,0,0,0,0,0,27,0
Lacinutrix sp. 5H-3-7-4,0,0,0,0,0,0,0,18
Mesobacillus jeotgali,0,0,0,0,0,0,0,24
Paenibacillus baekrokdamisoli,0,0,0,0,0,0,0,10
Staphylococcus carnosus,0,0,0,0,0,0,0,24
Lactobacillus backii,0,0,0,0,0,0,0,17
Latilactobacillus fuchuensis,0,0,0,0,0,0,0,10
Enterococcus casseliflavus,0,0,0,0,0,0,0,58
Actinomyces pacaensis,0,0,0,0,0,0,0,13
Acinetobacter nosocomialis,0,0,0,0,0,0,0,18
Legionella longbeachae,0,0,0,0,0,0,0,10
Labrenzia sp. VG12,0,0,0,0,0,0,0,22
Nitrosomonas stercoris,0,0,0,0,0,0,0,29
Neisseria wadsworthii,0,0,0,0,0,0,0,18
Geotalea uraniireducens,0,0,0,0,0,0,0,13
Bremerella volcania,0,0,0,0,0,0,0,10
