species,Healthy_stool_100_100,Healthy_stool_100_10,Healthy_stool_100_1,Healthy_stool_100_50,Healthy_stool_10_100,Healthy_stool_10_10,Healthy_stool_10_1,Healthy_stool_10_50
Bacteroides thetaiotaomicron,3261,2646,1384,1954,139,246,427,202
Bacteroides ovatus,2829,3420,1417,2178,73,74,72,92
Bacteroides cellulosilyticus,2146,1589,645,990,25,26,55,30
Bacteroides fragilis,2089,1662,793,1182,300,263,263,299
Bacteroides intestinalis,1751,674,336,906,93,113,111,105
Bacteroides sp. HF-5287,1284,430,235,558,82,80,69,84
Bacteroides sp. CBA7301,151,112,83,89,14,26,43,40
Bacteroides sp. A1C1,283,527,498,703,1423,1354,994,1721
Bacteroides sp. CACC 737,174,404,393,650,1214,1144,812,1446
Bacteroides caccae,1538,2058,713,1297,13,30,34,34
Bacteroides xylanisolvens,1412,898,379,566,37,36,29,38
Bacteroides uniformis,1185,2709,2951,4343,9270,9241,6137,11668
Bacteroides caecimuris,218,142,83,120,37,33,26,38
Bacteroides helcogenes,141,183,106,128,43,42,62,53
Bacteroides heparinolyticus,94,104,61,90,19,34,50,25
Bacteroides zoogleoformans,56,75,68,54,20,31,44,35
Bacteroides coprosuis,10,10,14,0,0,0,10,0
Phocaeicola dorei,2000,2404,2562,4005,16324,8154,5576,4993
Phocaeicola vulgatus,1941,4901,5182,8175,15434,16992,11453,21645
Phocaeicola salanitronis,120,93,99,116,34,46,72,35
Paraprevotella xylaniphila,1256,310,235,416,171,136,144,145
Prevotella intermedia,528,176,494,236,115,250,506,202
Prevotella melaninogenica,113,69,710,125,154,357,719,316
Prevotella jejuni,85,51,175,87,27,105,194,77
Prevotella fusca,74,63,392,67,81,185,416,198
Prevotella denticola,62,36,305,75,69,143,284,135
Prevotella dentalis,54,72,434,61,122,202,430,216
Prevotella oris,49,60,531,77,118,253,527,265
Prevotella enoeca,52,28,143,51,24,102,156,67
Prevotella scopos,59,39,205,55,52,111,189,69
Prevotella sp. oral taxon 299,48,16,122,46,20,52,114,47
Prevotella ruminicola,32,80,777,125,153,349,776,355
Alistipes shahii,1114,421,211,602,378,219,158,147
Alistipes finegoldii,1047,1220,534,825,447,287,188,169
Alistipes onderdonkii,61,90,68,118,279,140,135,81
Alistipes communis,58,69,74,125,370,236,148,157
Alistipes dispar,39,53,52,95,248,159,120,94
Alistipes indistinctus,28,14,13,10,32,37,20,0
Alistipes megaguti,21,44,46,50,148,99,65,49
Parabacteroides distasonis,1841,2893,1186,1832,112,117,119,122
Parabacteroides sp. CT06,32,88,86,60,27,31,33,0
Tannerella forsythia,15,14,0,0,0,0,0,0
Odoribacter splanchnicus,1302,856,336,560,12,27,22,24
Butyricimonas faecalis,44,47,143,51,60,77,139,90
Barnesiella viscericola,68,86,73,66,52,33,49,19
Porphyromonas gingivalis,11,13,14,11,0,0,11,0
Porphyromonas asaccharolytica,10,0,0,0,0,0,11,0
Petrimonas mucosa,10,0,0,0,0,0,12,0
Roseburia intestinalis,1765,1925,745,1179,0,338,0,0
Roseburia hominis,1460,913,362,1122,64,46,28,37
Lachnospiraceae bacterium Choco86,261,358,136,235,0,0,0,0
Lachnospiraceae bacterium GAM79,179,210,69,140,9904,7090,0,0
Lachnospiraceae bacterium,1337,2716,2395,3918,0,0,0,0
Lachnospiraceae bacterium KM106-2,29,57,25,28,0,0,0,0
Ruminococcus gnavus,1276,821,321,954,0,0,0,0
Lachnospira eligens,902,1623,619,1001,0,0,0,0
Anaerostipes hadrus,840,1815,681,1112,0,0,0,0
Anaerostipes rhamnosivorans,21,17,10,12,0,0,0,0
Anaerostipes caccae,20,16,0,13,0,0,0,0
Anaerobutyricum hallii,641,1053,434,764,45,45,30,47
Blautia sp. SC05B48,434,578,215,364,0,0,0,21
Blautia sp. N6H1-15,73,113,47,86,0,0,0,0
Blautia producta,104,176,76,99,0,0,0,0
Clostridium scindens,72,100,37,82,0,0,0,0
Lachnoclostridium phocaeense,57,78,37,46,0,0,0,0
Clostridium hylemonae,41,59,14,32,0,0,0,0
Lachnoclostridium phytofermentans,17,17,0,13,0,0,0,0
Lachnoclostridium sp. YL32,20,24,0,14,0,0,0,0
Butyrivibrio proteoclasticus,25,34,20,15,0,0,0,0
Butyrivibrio hungatei,22,25,13,16,0,0,0,0
Butyrivibrio fibrisolvens,20,19,16,27,0,14,0,11
Enterocloster bolteae,33,37,13,27,0,0,0,0
Enterocloster clostridioformis,41,35,0,33,0,0,0,0
Anaerocolumna sp. CTTW,16,23,14,18,0,0,0,0
Anaerocolumna cellulosilytica,13,15,10,14,0,0,0,0
Lacrimispora sphenoides,19,31,17,14,0,0,0,0
Lacrimispora saccharolytica,10,28,0,18,0,0,0,0
Pseudobutyrivibrio xylanivorans,15,27,24,20,0,0,0,0
Flavonifractor plautii,1289,349,135,495,0,10,0,0
Ruthenibacterium lactatiformans,1202,452,172,626,0,0,0,0
Faecalibacterium prausnitzii,1240,3531,3690,6003,9141,12179,8254,15573
Ruminococcus bicirculans,12,18,12,19,35,31,20,29
Clostridioides difficile,117,124,45,74,20,0,21,36
Romboutsia ilealis,27,0,0,0,0,0,0,0
Romboutsia sp. CE17,20,0,0,0,0,0,0,0
Romboutsia hominis,15,0,0,0,0,0,0,0
Peptacetobacter hiranonis,12,0,0,0,0,0,0,0
Paeniclostridium sordellii,12,0,0,0,0,0,0,0
Clostridium sp. SY8519,24,39,14,21,0,0,0,0
Clostridium botulinum,28,0,0,0,0,0,0,0
Hungatella hathewayi,13,16,0,0,0,0,0,0
Massilistercora timonensis,87,65,50,50,0,0,10,14
Dysosmobacter welbionis,56,45,39,39,0,0,0,0
Eubacterium cellulosolvens,21,31,0,13,0,0,0,0
Eubacterium limosum,14,40,14,17,0,0,0,0
Clostridiales bacterium CCNA10,39,34,16,29,0,11,0,12
Christensenella minuta,22,13,0,0,0,0,0,0
Streptococcus parasanguinis,604,109,42,151,0,0,0,0
Streptococcus thermophilus,516,273,103,414,0,0,0,0
Streptococcus salivarius,614,368,144,488,0,0,0,0
Streptococcus agalactiae,53,0,0,0,0,0,0,0
Enterococcus faecium,896,143,69,188,0,0,0,0
Lactobacillus ruminis,590,144,68,204,0,0,0,0
Phascolarctobacterium faecium,714,192,71,267,0,0,0,0
Acidaminococcus intestini,644,129,49,188,0,0,0,0
Megasphaera elsdenii,722,110,44,131,0,0,0,0
Veillonella parvula,603,78,30,116,0,0,0,0
Finegoldia magna,505,114,35,157,0,0,0,0
Faecalitalea cylindroides,55,81,34,50,0,0,0,0
Longibaculum sp. KGMB06250,33,54,19,20,0,0,0,0
Clostridium innocuum,33,57,23,40,0,0,0,0
Intestinibaculum porci,22,16,0,12,0,0,0,0
Amedibacterium intestinale,14,16,0,18,0,0,0,0
Bifidobacterium longum,688,2161,806,1352,0,0,0,0
Bifidobacterium bifidum,611,422,155,266,0,0,0,0
Bifidobacterium pseudocatenulatum,663,369,154,229,0,0,0,0
Bifidobacterium adolescentis,599,1096,1224,1932,6052,4249,2833,2557
Bifidobacterium angulatum,569,136,60,193,0,0,0,0
Bifidobacterium catenulatum,585,181,71,253,0,0,0,0
Bifidobacterium animalis,550,101,38,144,0,0,0,0
Eggerthella lenta,987,142,52,199,0,0,0,0
Gordonibacter pamelaeae,926,125,52,184,49,20,20,19
Gordonibacter urolithinfaciens,50,10,0,13,0,0,0,0
Adlercreutzia equolifaciens,807,245,96,356,0,0,0,0
Slackia heliotrinireducens,13,0,0,11,0,0,0,0
Collinsella aerofaciens,619,1019,1088,1771,6030,3882,2576,2325
Klebsiella pneumoniae,2169,782,445,1106,0,0,0,0
Klebsiella variicola,1034,103,40,161,0,0,0,0
Escherichia coli,1746,3871,1625,2420,0,0,0,0
Cupriavidus metallidurans,1914,399,154,580,0,0,0,0
Burkholderiales bacterium YL45,16,0,0,0,0,0,0,0
Desulfovibrio piger,675,136,54,201,0,0,0,0
Akkermansia muciniphila,815,2137,818,1306,0,0,0,0
Methanobrevibacter smithii,525,687,267,423,0,0,0,0
Homo sapiens,68,59,75,49,36,48,79,48
Muribaculaceae bacterium DSM 108610,0,16,90,14,22,39,76,67
Muribaculum sp. TLL-A4,0,15,22,0,0,11,20,0
Anaerocolumna sp. CBA3638,0,27,0,11,0,0,0,0
Lachnoanaerobaculum umeaense,0,18,0,13,0,0,0,0
Ruminococcus sp. JE7A12,0,16,27,22,53,45,22,51
Lactococcus lactis,0,14,0,0,0,0,0,0
Erysipelotrichaceae bacterium GAM147,0,19,0,0,0,0,0,0
Alloprevotella sp. E39,0,0,24,0,0,0,31,0
Tannerella sp. oral taxon HOT-286,0,0,14,0,0,0,18,13
Alistipes sp. dk3624,0,0,10,28,43,35,24,25
Mucinivorans hirudinis,0,0,12,0,0,0,12,12
Duncaniella dubosii,0,0,28,12,0,0,16,0
Muribaculum intestinale,0,0,18,13,0,0,17,12
Porphyromonas cangingivalis,0,0,13,0,0,0,12,0
Chitinophaga pinensis,0,0,18,0,0,11,16,0
Fibrobacter succinogenes,0,0,13,0,0,0,0,0
Streptococcus gordonii,0,0,10,0,0,0,0,0
Paenibacillus barcinonensis,0,0,18,0,0,0,0,0
Leptolyngbya sp. PCC 7376,0,0,41,10,0,21,37,23
Flintibacter sp. KGMB00164,0,0,0,11,0,0,0,0
Ruminococcus albus,0,0,0,0,12,13,14,12
Ornithobacterium rhinotracheale,0,0,0,0,0,16,0,0
Flammeovirgaceae bacterium 311,0,0,0,0,0,11,0,0
Libanicoccus massiliensis,0,0,0,0,0,11,12,0
Porphyromonas crevioricanis,0,0,0,0,0,0,13,0
Bacteroidales bacterium CF,0,0,0,0,0,0,26,0
Glaciecola sp. THG-3.7,0,0,0,0,0,0,11,0
Eubacterium maltosivorans,0,0,0,0,0,0,0,10
Oscillibacter sp. PEA192,0,0,0,0,0,0,0,15
