Total Number of Aligned Reads:	144779	Total Number of Mapped Genomes:	4946
Genome	Final Guess	Final Best Hit	Final Best Hit Read Numbers	Final High Confidence Hits	Final Low Confidence Hits	Initial Guess	Initial Best Hit	Initial Best Hit Read Numbers	Initial High Confidence Hits	Initial Low Confidence Hits
ti|402626|org|Ralstonia_pickettii_12J|accession|NC_010682.1	0.3660660326469405	0.3130288232409396	45320.0	0.312952845371221	7.597786971867466e-05	0.13580298155377402	0.10803868885220483	15641.733333333363	0.0007597786971867467	0.215114070410764
ti|1157490|org|Tumebacillus_flagellatus|accession|NZ_JMIR01000093.1	0.3417713291402147	0.208787185986918	30228.0	0.208787185986918	0.0	0.14991451165715555	0.18306510842962864	26503.983333333206	0.0013952299711974803	0.1981433771472382
ti|1042878|org|Cupriavidus_necator_N-1|accession|NC_015726.1	0.23940265692575516	0.20038127076440643	29011.0	0.2001671513133811	0.0002141194510253559	0.11720334758969794	0.0925934897819633	13405.592857142865	0.0009255485947547642	0.1854896082995462
ti|313367|org|Jannaschia_seosinensis|accession|NZ_CYPR01000041.1	0.014860207234767692	0.005898645521795288	854.0	0.005898645521795288	0.0	0.0002784629723278181	0.000111661390920343	16.16622451605634	0.0	0.005891738442729954
ti|1447715|org|Bifidobacterium_pseudolongum_PV8-2|accession|NZ_CP007457.1	0.014716645204889047	0.19509044820036056	28245.0	0.19502828448877255	6.216371158800654e-05	0.012249649821894505	0.19240497585975863	27856.199999999993	0.18760317449353842	0.0051457739036738755
ti|1236989|org|Geofilum_rubicundum_JCM_15548|accession|NZ_BAZW01000140.1	0.010734666214566877	0.005242473010588552	759.0	0.005242473010588552	0.0	0.01073450399002734	0.00525628716871922	761.0	0.0051457739036738755	0.00011051326504534497
ti|435837|org|Staphylococcus_hominis_subsp._hominis_C80|accession|NZ_GL545256.1	0.010579307908029415	0.006382141056368672	924.0	0.006382141056368672	0.0	0.001990662696914985	0.005564752660239574	805.6593253968252	0.0	0.007217897623274094
ti|81409|org|Eubacterium_aggregans|accession|NZ_FNRK01000059.1	0.0004971688259994826	0.0007666857762520808	111.0	0.0007666857762520808	0.0	0.0004851041240340954	0.0008012211715787511	116.0	0.0007597786971867467	4.1442474392004365e-05
ti|683150|org|Arthrobacter_nitrophenolicus|accession|NZ_AOFD01000111.1	0.0003057966513512105	0.00013814158130668122	20.0	0.00013814158130668122	0.0	5.836372124247319e-05	5.5256632522672485e-05	8.0	0.0	0.00011051326504534497
ti|198214|org|Shigella_flexneri_2a_str._301|accession|NC_004337.2	0.0002751190829821779	0.00676893748402738	980.0	0.00676893748402738	0.0	0.09488705497866522	0.011438583404130852	1656.0666666666607	0.002161915747449561	0.01668059594278176
ti|70584|org|Aquabacterium_parvum|accession|NZ_LFRI01000030.1	0.00020383870347575925	0.0009255485947547642	134.0	0.0009186415156894301	6.9070790653340606e-06	0.0002006692459675469	0.0005088214911462759	73.66666666666667	0.00037988934859337336	0.00013814158130668122
ti|1278308|org|[Zimmermannella]_faecalis_ATCC_13722|accession|NZ_KB907090.1	0.00011307233025629928	0.00010360618598001092	15.0	0.00010360618598001092	0.0	3.703508110588815e-05	0.00010360618598001092	15.0	0.0	0.00010360618598001092
ti|210007|org|Streptococcus_mutans_UA159|accession|NC_004350.2	6.0158788403640715e-05	9.669910691467685e-05	14.0	9.669910691467685e-05	0.0	6.015063458533747e-05	9.669910691467685e-05	14.0	8.288494878400873e-05	1.3814158130668121e-05
ti|190650|org|Caulobacter_vibrioides_CB15|accession|NC_002696.2	4.0280694493862796e-05	4.1442474392004365e-05	6.0	4.1442474392004365e-05	0.0	9.613048383626543e-06	1.0360618598001091e-05	1.5	0.0	4.1442474392004365e-05
ti|1796652|org|Turicimonas_muris|accession|NZ_NHMP01000002.1	3.6742202602634974e-05	0.0001795840556986856	26.0	0.0001795840556986856	0.0	1.533457878863443e-05	3.0506265871892098e-05	4.416666666666666	0.0	6.216371158800654e-05
ti|465515|org|Micrococcus_luteus_NCTC_2665|accession|NC_012803.1	3.358390638548179e-05	0.00013814158130668122	20.0	0.00013814158130668122	0.0	2.5936848903885043e-05	4.8349553457338425e-05	7.0	3.4535395326670305e-05	1.3814158130668121e-05
ti|771870|org|Sordaria_macrospora_k-hell|accession|NW_020185481.1	3.3053586475550067e-05	0.0002141194510253559	31.0	0.0002141194510253559	0.0	9.526615535753595e-06	4.662278369100491e-05	6.75	0.0	8.97920278493428e-05
ti|1242245|org|Acinetobacter_johnsonii_XBB1|accession|NZ_CP010350.1	3.1586814069700294e-05	0.0003315397951360349	48.0	0.0003315397951360349	0.0	1.9505673101303685e-05	5.410545267845014e-05	7.833333333333333	2.0721237196002183e-05	4.1442474392004365e-05
ti|435590|org|Bacteroides_vulgatus_ATCC_8482|accession|NC_009614.1	3.0962246739107545e-05	7.597786971867466e-05	11.0	7.597786971867466e-05	0.0	3.095651889213216e-05	4.282389020507118e-05	6.2	3.4535395326670305e-05	1.3814158130668121e-05
ti|1215112|org|Pseudomonas_nitroreducens_NBRC_12694|accession|NZ_BDAI01000032.1	2.7029753811447743e-05	4.8349553457338425e-05	7.0	4.1442474392004365e-05	6.9070790653340606e-06	1.3012941865793107e-05	1.7267697663335153e-05	2.5	0.0	3.4535395326670305e-05
ti|1796646|org|Muribaculum_intestinale|accession|NZ_CP021421.1	2.293678504191832e-05	0.000573287562422727	83.0	0.000573287562422727	0.0	2.2936785054622457e-05	0.0005042167717693864	73.0	0.0004765884555080502	2.7628316261336242e-05
ti|208964|org|Pseudomonas_aeruginosa_PAO1|accession|NC_002516.2	1.949456907269163e-05	0.00011051326504534497	16.0	0.00010360618598001092	6.9070790653340606e-06	8.429334467591412e-06	3.798893485933733e-05	5.5	0.0	4.1442474392004365e-05
ti|50340|org|Pseudomonas_fuscovaginae|accession|NZ_LT629972.1	1.9330015980303713e-05	0.00013123450224134715	19.0	0.00013123450224134715	0.0	1.447759032828866e-05	6.216371158800654e-05	9.0	3.4535395326670305e-05	2.7628316261336242e-05
ti|1219032|org|Comamonas_terrigena_NBRC_13299|accession|NZ_BCNR01000021.1	1.6293304462031597e-05	0.0005525663252267249	80.0	0.0005525663252267249	0.0	1.2811183342008682e-05	1.3814158130668121e-05	2.0	1.3814158130668121e-05	0.0
ti|300267|org|Shigella_dysenteriae_Sd197|accession|NC_007606.1	1.1790402174945359e-05	0.0010084335435387728	146.0	0.0010084335435387728	0.0	0.09445290312784348	0.015011615404628156	2173.36666666666	0.0015679069478308318	0.026350506634249444
ti|83263|org|Aminobacter_aminovorans|accession|NZ_CP015005.1	1.1429168653068321e-05	7.597786971867466e-05	11.0	7.597786971867466e-05	0.0	6.470361120332229e-06	4.48960139246714e-05	6.5	2.0721237196002183e-05	2.7628316261336242e-05
ti|1137993|org|Geodermatophilus_africanus|accession|NZ_FNOT01000051.1	1.138832612998987e-05	6.9070790653340606e-06	1.0	6.9070790653340606e-06	0.0	5.1441547732923695e-06	3.4535395326670303e-06	0.5	0.0	6.9070790653340606e-06
ti|105219|org|Ralstonia_mannitolilytica|accession|NZ_CP010799.1	9.770808290805362e-06	0.00113966804578012	165.0	0.00113966804578012	0.0	0.08493681834760314	0.0666750702795294	9653.149999999987	0.0461738235517582	0.025680519964912038
ti|1227346|org|Fusarium_proliferatum_ET1|accession|NW_022194815.1	8.553078123562084e-06	6.216371158800654e-05	9.0	6.216371158800654e-05	0.0	0.00022866753314580712	0.0001086603767821627	15.731740690144733	4.1442474392004365e-05	0.0036607519046270524
ti|272623|org|Lactococcus_lactis_subsp._lactis_Il1403|accession|NC_002662.1	6.69064046454386e-06	4.8349553457338425e-05	7.0	4.8349553457338425e-05	0.0	6.3893838359495655e-06	4.8349553457338425e-05	7.0	2.7628316261336242e-05	2.0721237196002183e-05
ti|1247514|org|Luteimonas_abyssi|accession|NZ_KQ759763.1	4.788217110434815e-06	0.00015195573943734933	22.0	0.00015195573943734933	0.0	4.539556553945132e-06	2.4174776728669212e-05	3.5	6.9070790653340606e-06	2.0721237196002183e-05
ti|764842|org|Derxia_lacustris|accession|NZ_MUHU01000043.1	3.869584996011273e-06	8.633848831667576e-07	0.125	0.0	6.9070790653340606e-06	3.86458560741076e-06	8.633848831667576e-07	0.125	0.0	6.9070790653340606e-06
ti|70584|org|Aquabacterium_parvum|accession|NZ_LFRI01000364.1	3.869584996011273e-06	8.633848831667576e-07	0.125	0.0	6.9070790653340606e-06	3.86458560741076e-06	8.633848831667576e-07	0.125	0.0	6.9070790653340606e-06
ti|220341|org|Salmonella_enterica_subsp._enterica_serovar_Typhi_str._CT18|accession|NC_003384.1	3.869584996011273e-06	8.633848831667576e-07	0.125	0.0	6.9070790653340606e-06	3.86458560741076e-06	8.633848831667576e-07	0.125	0.0	6.9070790653340606e-06
ti|1561004|org|bacterium_2013Ark19i|accession|NZ_FKII01000092.1	3.869584996011273e-06	8.633848831667576e-07	0.125	0.0	6.9070790653340606e-06	3.86458560741076e-06	8.633848831667576e-07	0.125	0.0	6.9070790653340606e-06
ti|1313292|org|Borrelia_coriaceae_Co53|accession|NZ_CP005786.1	3.869584996011273e-06	8.633848831667576e-07	0.125	0.0	6.9070790653340606e-06	3.86458560741076e-06	8.633848831667576e-07	0.125	0.0	6.9070790653340606e-06
ti|1227346|org|Fusarium_proliferatum_ET1|accession|NW_022194816.1	3.869584996011273e-06	8.633848831667576e-07	0.125	0.0	6.9070790653340606e-06	3.86458560741076e-06	8.633848831667576e-07	0.125	0.0	6.9070790653340606e-06
ti|1116472|org|Methyloglobulus_morosus_KoM1|accession|NZ_AYLO01000180.1	3.869584996011273e-06	8.633848831667576e-07	0.125	0.0	6.9070790653340606e-06	3.86458560741076e-06	8.633848831667576e-07	0.125	0.0	6.9070790653340606e-06
ti|1035839|org|Haemophilus_sputorum_CCUG_13788|accession|NZ_AFNK01000044.1	3.869584996011273e-06	8.633848831667576e-07	0.125	0.0	6.9070790653340606e-06	3.86458560741076e-06	8.633848831667576e-07	0.125	0.0	6.9070790653340606e-06
ti|398578|org|Delftia_acidovorans_SPH-1|accession|NC_010002.1	2.076423033685494e-06	0.00018649113476401963	27.0	0.00018649113476401963	0.0	1.3604535194665726e-06	6.9070790653340606e-06	1.0	0.0	6.9070790653340606e-06
ti|28116|org|Bacteroides_ovatus|accession|NZ_CP012938.1	1.8986418568617198e-06	8.97920278493428e-05	13.0	8.97920278493428e-05	0.0	1.6098287053146207e-06	6.216371158800654e-05	9.0	3.4535395326670305e-05	2.7628316261336242e-05
ti|361041|org|Devosia_soli|accession|NZ_LAJG01000011.1	8.479374134105821e-07	4.1442474392004365e-05	6.0	4.1442474392004365e-05	0.0	2.816507677881139e-07	2.014564727389101e-05	2.9166666666666665	0.0	6.216371158800654e-05
ti|698737|org|Staphylococcus_lugdunensis_HKU09-01|accession|NC_013893.1	6.607367004390081e-07	3.4535395326670305e-05	5.0	3.4535395326670305e-05	0.0	0.0012549760263958418	0.00020387257995958151	29.516468253968252	6.9070790653340606e-06	0.0014021370502628144
ti|529122|org|Bacillus_thuringiensis_YBT-1518|accession|NC_022873.1	5.304310545531898e-07	4.8349553457338425e-05	7.0	4.8349553457338425e-05	0.0	1.0174653226902681e-07	9.867255807620086e-06	1.4285714285714284	6.9070790653340606e-06	2.0721237196002183e-05
ti|1042878|org|Cupriavidus_necator_N-1|accession|NC_015723.1	3.553670949730058e-07	0.0002624690044826943	38.0	0.0002624690044826943	0.0	0.11719738084553817	0.09197300384592745	13315.759523809531	0.0003937035067240415	0.18535837379730485
ti|1336235|org|Rhizobium_selenitireducens_ATCC_BAA-1503|accession|NZ_JAEG01000027.1	2.909369665019547e-07	6.9070790653340606e-06	1.0	6.9070790653340606e-06	0.0	4.492027940791807e-08	6.9070790653340606e-06	1.0	0.0	6.9070790653340606e-06
ti|1121323|org|Anaerotignum_lactatifermentans_DSM_14214|accession|NZ_FRAH01000002.1	2.0438920239074613e-07	2.7628316261336242e-05	4.0	2.7628316261336242e-05	0.0	2.00671067825578e-07	1.3814158130668121e-05	2.0	1.3814158130668121e-05	0.0
ti|1235834|org|Kosakonia_sacchari_SP1|accession|NZ_CP007215.2	1.9406253029520443e-07	0.0008426636459707554	122.0	0.0008426636459707554	0.0	0.0005605381431882669	0.0002831902416786965	41.0	5.5256632522672485e-05	0.000227933609156024
ti|402626|org|Ralstonia_pickettii_12J|accession|NC_010678.1	7.75006391325249e-08	8.288494878400873e-05	12.0	8.288494878400873e-05	0.0	0.1358014863483635	0.10745734303087254	15557.566666666695	0.00037298226952803927	0.21489995095973863
ti|1358411|org|Pantoea_dispersa_EGD-AAK13|accession|NZ_AVSS01000032.1	4.910230057591918e-08	0.0010360618598001092	150.0	0.001029154780734775	6.9070790653340606e-06	0.00015524079419426427	7.94314092513417e-05	11.5	0.0	8.97920278493428e-05
ti|82633|org|Cupriavidus_pauculus|accession|NZ_BBQN01000185.1	3.9782817360588944e-08	0.014843312911402897	2149.0	0.014836405832337562	6.9070790653340606e-06	0.0012901080106914335	0.00038852319742504115	56.250000000000036	4.8349553457338425e-05	0.0004627742973773821
ti|1619313|org|Erwinia_gerundensis|accession|NZ_LN907827.1	3.901402476952872e-08	0.0014021370502628144	203.0	0.0014021370502628144	0.0	9.558009771940031e-05	0.00011051326504534497	16.0	0.0	0.00011051326504534497
ti|58134|org|[Desulfotomaculum]_guttoideum|accession|NZ_FOIP01000001.1	1.357308026032889e-08	7.597786971867466e-05	11.0	7.597786971867466e-05	0.0	4.755425563103139e-09	3.108185579400327e-05	4.5	0.0	3.4535395326670305e-05
ti|1650661|org|Clostridium_phoceensis|accession|NZ_LN866274.1	1.2684035453388294e-08	1.3814158130668121e-05	2.0	1.3814158130668121e-05	0.0	1.0824148379216793e-08	6.9070790653340606e-06	1.0	6.9070790653340606e-06	0.0
ti|1968433|org|Noviherbaspirillum_denitrificans|accession|NZ_LSTO01000001.1	1.0174869198161258e-08	0.0003246327160707009	47.0	0.0003177256370053668	6.9070790653340606e-06	0.00013734701307809125	0.0002024925345987102	29.316666666666663	2.7628316261336242e-05	0.00020030529289468777
ti|68895|org|Cupriavidus_basilensis|accession|NZ_CP010536.1	7.704220509091559e-09	0.00011742034411067904	17.0	0.00011742034411067904	0.0	0.0010884595576802136	0.001074922402255786	155.62619047619046	2.0721237196002183e-05	0.003971570462567085
ti|1891675|org|Pantoea_alhagi|accession|NZ_CP019706.1	4.774391773364261e-09	0.0004973096927040524	72.0	0.00030391147887469865	0.0001933982138293537	5.5190166882895874e-05	0.00017613051616601855	25.5	6.9070790653340606e-06	0.0001795840556986856
ti|1262470|org|Herbaspirillum_hiltneri_N3|accession|NZ_CP011409.1	3.726994892355401e-09	0.0002141194510253559	31.0	0.0002141194510253559	0.0	3.0621035091117527e-06	0.0001283565526307913	18.583333333333332	0.0	0.00013814158130668122
ti|1450525|org|Flavobacterium_succinicans_LMG_10402|accession|NZ_JATV01000001.1	3.460190911343726e-09	8.288494878400873e-05	12.0	8.288494878400873e-05	0.0	1.0146475081488875e-09	4.1442474392004365e-05	6.0	6.9070790653340606e-06	3.4535395326670305e-05
ti|426355|org|Methylobacterium_radiotolerans_JCM_2831|accession|NC_010510.1	2.6658694139804424e-09	3.4535395326670303e-06	0.5	0.0	6.9070790653340606e-06	1.8044456428891931e-09	3.4535395326670303e-06	0.5	0.0	6.9070790653340606e-06
ti|426355|org|Methylobacterium_radiotolerans_JCM_2831|accession|NC_010505.1	2.6658694139804424e-09	3.4535395326670303e-06	0.5	0.0	6.9070790653340606e-06	1.8044456428891931e-09	3.4535395326670303e-06	0.5	0.0	6.9070790653340606e-06
ti|1033731|org|Alistipes_timonensis_JC136|accession|NZ_FNRI01000015.1	1.9750894742391298e-09	8.288494878400873e-05	12.0	8.288494878400873e-05	0.0	9.362797575540052e-10	4.950073330156077e-05	7.166666666666666	3.4535395326670305e-05	3.4535395326670305e-05
ti|346179|org|Herbaspirillum_rhizosphaerae|accession|NZ_LFLU01000036.1	1.8700660066227557e-09	0.011866361834243916	1718.0	0.011859454755178583	6.9070790653340606e-06	1.0713585335822528e-06	0.013022146397843147	1885.333333333333	0.008026025873918178	0.005118145587412539
ti|634500|org|Erwinia_billingiae_Eb661|accession|NC_014306.1	1.5753633058962014e-09	0.00017267697663335153	25.0	0.00017267697663335153	0.0	5.300064722808315e-05	0.0003010335292641428	43.58333333333333	3.4535395326670305e-05	0.0002900973207440306
ti|10847|org|Escherichia_virus_phiX174|accession|NC_001422.1	1.405431096231016e-09	6.9070790653340606e-06	1.0	6.9070790653340606e-06	0.0	0.00010961291754118114	5.394948758069154e-05	7.810752862444941	2.7628316261336242e-05	0.0014504866037201528
ti|1095769|org|Noviherbaspirillum_massiliense_JC206|accession|NZ_HE978634.1	1.130181015745499e-09	6.9070790653340606e-06	1.0	6.9070790653340606e-06	0.0	2.1604380066109676e-05	9.785028675889919e-05	14.166666666666666	6.9070790653340606e-06	0.00010360618598001092
ti|1688|org|Bifidobacterium_cuniculi|accession|NZ_JGYV01000004.1	1.0451535339312696e-09	0.0001450486603720153	21.0	0.0001450486603720153	0.0	0.0003415174901118253	0.0001243274231760131	18.0	2.0721237196002183e-05	0.000227933609156024
ti|272560|org|Burkholderia_pseudomallei_K96243|accession|NC_006350.1	9.247620688030055e-10	0.002155008668384227	312.0	0.0021135661939922228	4.1442474392004365e-05	2.7524840021929224e-06	0.0041737176432125244	604.2666666666661	5.5256632522672485e-05	0.015299180129714944
ti|1300165|org|Kosakonia_cowanii_JCM_10956_=_DSM_18146|accession|NZ_CP019445.1	7.977013187132552e-10	0.0003177256370053668	46.0	0.00030391147887469865	1.3814158130668121e-05	3.733433080223088e-05	0.0003257838959149233	47.166666666666686	1.3814158130668121e-05	0.000573287562422727
ti|138074|org|Serratia_symbiotica|accession|NZ_CCES01000032.1	6.889726906275879e-10	0.00030391147887469865	44.0	0.00030391147887469865	0.0	2.3253081493082552e-07	1.1511798442223434e-06	0.16666666666666666	0.0	6.9070790653340606e-06
ti|927665|org|Parabacteroides_goldsteinii_DSM_19448_=_WAL_12034|accession|NZ_KQ033912.1	4.890231250241126e-10	3.4535395326670305e-05	5.0	3.4535395326670305e-05	0.0	2.9732971267354426e-10	1.7267697663335153e-05	2.5	6.9070790653340606e-06	2.7628316261336242e-05
ti|61647|org|Pluralibacter_gergoviae|accession|NZ_CP009450.1	3.072379809604329e-10	4.1442474392004365e-05	6.0	4.1442474392004365e-05	0.0	0.0001609304668729484	8.115817901767522e-05	11.75	2.0721237196002183e-05	6.907079065334061e-05
ti|435591|org|Parabacteroides_distasonis_ATCC_8503|accession|NC_009615.1	2.6545164554728724e-10	0.00013814158130668122	20.0	0.00013814158130668122	0.0	2.654573319780278e-10	0.00024174776728669214	35.0	0.000227933609156024	1.3814158130668121e-05
ti|267608|org|Ralstonia_solanacearum_GMI1000|accession|NC_003295.1	2.1390613145255993e-10	4.1442474392004365e-05	6.0	4.1442474392004365e-05	0.0	0.00458196844629282	0.00460782756246879	667.1166666666691	0.0001450486603720153	0.011382866299670532
ti|557436|org|Lactobacillus_reuteri_DSM_20016|accession|NC_009513.1	1.5165661462210464e-10	6.9070790653340606e-06	1.0	6.9070790653340606e-06	6.9070790653340606e-06	9.079077803277419e-11	3.4535395326670303e-06	0.5	0.0	6.9070790653340606e-06
ti|525309|org|Lactobacillus_antri_DSM_16041|accession|NZ_GG700732.1	1.5165661462210464e-10	6.9070790653340606e-06	1.0	6.9070790653340606e-06	6.9070790653340606e-06	9.079077803277419e-11	3.4535395326670303e-06	0.5	0.0	6.9070790653340606e-06
ti|1245526|org|Pseudomonas_guangdongensis|accession|NZ_LT629780.1	1.1158557025334769e-10	6.9070790653340606e-06	1.0	6.9070790653340606e-06	0.0	5.003088204350093e-06	1.0360618598001091e-05	1.5	0.0	1.3814158130668121e-05
ti|226185|org|Enterococcus_faecalis_V583|accession|NC_004668.1	6.124329475511873e-11	2.7628316261336242e-05	4.0	2.7628316261336242e-05	0.0	3.5927655978346864e-11	1.0360618598001091e-05	1.5	0.0	1.3814158130668121e-05
ti|1852370|org|Prevotellamassilia_timonensis|accession|NZ_LT629844.1	5.887485644587541e-11	2.0721237196002183e-05	3.0	2.0721237196002183e-05	0.0	3.004294443142939e-10	3.4535395326670305e-05	5.0	2.7628316261336242e-05	6.9070790653340606e-06
ti|529507|org|Proteus_mirabilis_HI4320|accession|NC_010554.1	5.070773174095662e-11	0.00013814158130668122	20.0	0.00013814158130668122	0.0	1.3510402296579026e-06	0.0002970043998093646	43.0	3.4535395326670305e-05	0.0002970043998093646
ti|272560|org|Burkholderia_pseudomallei_K96243|accession|NC_006351.1	2.3274969409392714e-11	1.3814158130668121e-05	2.0	1.3814158130668121e-05	0.0	2.0216824932204157e-06	0.003750659050460811	543.0166666666657	6.9070790653340606e-06	0.014691357171965548
ti|703|org|Plesiomonas_shigelloides|accession|NZ_LT575468.1	2.0193159238621924e-11	0.00031081855794003275	45.0	0.00031081855794003275	0.0	4.701178956760458e-06	0.0015329110805664726	221.93333333333334	0.0002624690044826943	0.0013123450224134716
ti|709991|org|Odoribacter_splanchnicus_DSM_20712|accession|NC_015160.1	1.384305194012082e-11	2.7628316261336242e-05	4.0	2.7628316261336242e-05	0.0	1.3036529704067137e-11	2.0721237196002183e-05	3.0	2.0721237196002183e-05	0.0
ti|709839|org|Noviherbaspirillum_autotrophicum|accession|NZ_JWJG01000028.1	1.3380804820417166e-11	2.0721237196002183e-05	3.0	2.0721237196002183e-05	0.0	2.31998810545253e-05	7.333015607696329e-05	10.616666666666667	6.9070790653340606e-06	9.669910691467685e-05
ti|214092|org|Yersinia_pestis_CO92|accession|NC_003143.1	1.3250329269642737e-11	6.9070790653340606e-06	1.0	6.9070790653340606e-06	0.0	1.163018142766654e-06	2.0721237196002183e-05	3.0	6.9070790653340606e-06	1.3814158130668121e-05
ti|1239307|org|Sodalis_praecaptivus|accession|NZ_CP006569.1	7.0006147410651815e-12	6.907079065334061e-05	10.0	6.907079065334061e-05	0.0	1.1819559360589615e-07	3.798893485933733e-05	5.5	1.3814158130668121e-05	2.7628316261336242e-05
ti|762211|org|Bifidobacterium_stellenboschense|accession|NZ_JGZP01000012.1	5.8974108082321395e-12	0.0001450486603720153	21.0	0.0001450486603720153	0.0	1.248975610152325e-06	4.950073330156077e-05	7.166666666666666	6.9070790653340606e-06	8.288494878400873e-05
ti|891974|org|Plautia_stali_symbiont|accession|NC_022546.1	2.8525435179270652e-12	3.4535395326670305e-05	5.0	3.4535395326670305e-05	0.0	8.929684838457033e-05	0.00010015264644734388	14.5	2.7628316261336242e-05	8.288494878400873e-05
ti|170573|org|Staphylococcus_pettenkoferi|accession|NZ_CP022096.2	2.4915640789090123e-12	2.7628316261336242e-05	4.0	2.7628316261336242e-05	0.0	5.138792050091337e-05	2.4174776728669212e-05	3.5	2.0721237196002183e-05	6.9070790653340606e-06
ti|1121924|org|Glaciibacter_superstes_DSM_21135|accession|NZ_ATWH01000032.1	2.0544161003701268e-12	0.00011051326504534497	16.0	0.00011051326504534497	0.0	1.2022251012051624e-07	2.6477136417113903e-05	3.833333333333334	6.9070790653340606e-06	4.1442474392004365e-05
ti|206672|org|Bifidobacterium_longum_NCC2705|accession|NC_004307.2	1.6867460073807603e-12	4.1442474392004365e-05	6.0	4.1442474392004365e-05	0.0	7.044401046308093e-08	2.3434732543097707e-05	3.392857142857143	6.9070790653340606e-06	2.7628316261336242e-05
ti|393305|org|Yersinia_enterocolitica_subsp._enterocolitica_8081|accession|NC_008800.1	1.1903082320569242e-12	7.597786971867466e-05	11.0	7.597786971867466e-05	0.0	6.547044189807171e-07	7.022197049756295e-05	10.166666666666666	4.1442474392004365e-05	4.1442474392004365e-05
ti|561180|org|Bifidobacterium_gallicum_DSM_20093_=_LMG_11596|accession|NZ_JGYW01000003.1	8.598178258246276e-13	2.0721237196002183e-05	3.0	2.0721237196002183e-05	0.0	1.688836366202644e-05	0.000138026463322259	19.983333333333334	6.9070790653340606e-06	0.00031081855794003275
ti|1218081|org|Paraburkholderia_kururiensis_subsp._thiooxydans_NBRC_107107|accession|NZ_BBJI01000056.1	6.426938863026139e-13	5.5256632522672485e-05	8.0	5.5256632522672485e-05	0.0	2.5469042546858553e-07	2.7628316261336242e-05	4.0	0.0	2.7628316261336242e-05
ti|1101373|org|Tepidimonas_fonticaldi|accession|NZ_LZDH01000016.1	5.208152031046079e-13	0.010263919491086414	1486.0	0.010263919491086414	0.0	6.8056504949467356e-09	0.007612752309842358	1102.1666666666667	0.00753562326027946	0.000794314092513417
ti|83767|org|Propionivibrio_dicarboxylicus|accession|NZ_FNCY01000039.1	4.917834359241958e-13	7.597786971867466e-05	11.0	7.597786971867466e-05	0.0	3.6924674328267185e-08	0.00015598486889212756	22.583333333333336	4.8349553457338425e-05	0.0001243274231760131
ti|281362|org|Dechloromonas_denitrificans|accession|NZ_LODL01000035.1	4.694503832359597e-13	0.00010360618598001092	15.0	0.00010360618598001092	0.0	1.316888657390658e-08	8.806525808300931e-05	12.750000000000005	0.0	0.00024174776728669214
ti|590409|org|Dickeya_zeae_Ech586|accession|NC_013592.1	4.585212497037982e-13	3.4535395326670305e-05	5.0	3.4535395326670305e-05	0.0	6.474360862502654e-06	3.4535395326670305e-05	5.0	6.9070790653340606e-06	2.7628316261336242e-05
ti|1408428|org|Bilophila_wadsworthia_ATCC_49260|accession|NZ_JNJP01000178.1	4.4106311233494543e-13	6.9070790653340606e-06	1.0	6.9070790653340606e-06	0.0	2.6257516116156594e-13	6.9070790653340606e-06	1.0	6.9070790653340606e-06	0.0
ti|1002367|org|Prevotella_stercorea_DSM_18206|accession|NZ_JH379355.1	3.9262066371340865e-13	1.3814158130668121e-05	2.0	1.3814158130668121e-05	0.0	1.962125050286209e-13	1.3814158130668121e-05	2.0	6.9070790653340606e-06	6.9070790653340606e-06
ti|938405|org|Belnapia_rosea|accession|NZ_FMXZ01000085.1	3.085366348525879e-13	2.7628316261336242e-05	4.0	2.7628316261336242e-05	0.0	1.2316706008367302e-13	1.7267697663335153e-05	2.5	0.0	2.0721237196002183e-05
ti|911023|org|Yokenella_regensburgei_ATCC_49455|accession|NZ_JMPS01000045.1	2.9902740874659573e-13	1.3814158130668121e-05	2.0	1.3814158130668121e-05	0.0	3.436496195017146e-07	2.7628316261336242e-05	4.0	1.3814158130668121e-05	1.3814158130668121e-05
ti|47917|org|Serratia_fonticola|accession|NZ_CP011254.1	2.1668255644519332e-13	3.4535395326670305e-05	5.0	3.4535395326670305e-05	0.0	1.3939840182446942e-06	8.864084800512045e-05	12.833333333333334	3.4535395326670305e-05	6.907079065334061e-05
ti|1382803|org|Chromobacterium_amazonense|accession|NZ_MKCR01000030.1	2.1397080293077902e-13	8.288494878400873e-05	12.0	8.288494878400873e-05	0.0	2.871301415205401e-07	1.391008978435332e-05	2.0138888888888893	0.0	6.907079065334061e-05
ti|536018|org|Mesorhizobium_australicum|accession|NZ_FXBL01000004.1	2.0484364215623856e-13	6.9070790653340606e-06	1.0	6.9070790653340606e-06	0.0	1.1855809330064727e-06	0.0	0.0	0.0	0.0
ti|431059|org|Pelomonas_puraquae|accession|NZ_NISI01000035.1	1.9247602300670693e-13	0.000227933609156024	33.0	0.000227933609156024	0.0	1.5530027733264283e-06	8.97920278493428e-05	13.0	5.5256632522672485e-05	3.4535395326670305e-05
ti|1349773|org|Micrococcus_lylae_NBRC_15355|accession|NZ_BCSN01000086.1	8.940661295221999e-14	0.00011051326504534497	16.0	0.00011051326504534497	0.0	1.1382323698898137e-05	9.900146660312155e-05	14.333333333333334	6.9070790653340606e-06	9.669910691467685e-05
ti|35760|org|Bifidobacterium_choerinum|accession|NZ_JGYU01000002.1	4.008056435162491e-14	1.3814158130668121e-05	2.0	1.3814158130668121e-05	0.0	0.0016079063605145137	0.00079086055298075	114.5	0.00020721237196002183	0.0008702919622320917
ti|480813|org|Tatumella_saanichensis|accession|NZ_ATMI01000033.1	2.86700964417318e-14	6.9070790653340606e-06	1.0	6.9070790653340606e-06	0.0	9.838523350514925e-08	6.9070790653340606e-06	1.0	6.9070790653340606e-06	0.0
ti|1841865|org|Mediterranea_massiliensis|accession|NZ_LT635824.1	2.054302177767113e-14	6.9070790653340606e-06	1.0	6.9070790653340606e-06	0.0	1.0030835580413263e-12	6.9070790653340606e-06	1.0	6.9070790653340606e-06	0.0
ti|1196031|org|Bacillus_oceanisediminis_2691|accession|NZ_CP015506.1	2.0543021777670827e-14	1.3814158130668121e-05	2.0	1.3814158130668121e-05	0.0	2.4472554310290495e-10	0.0	0.0	0.0	0.0
ti|265719|org|Aquimonas_voraii|accession|NZ_FNAG01000016.1	1.992517751887524e-14	0.00015195573943734933	22.0	0.00015195573943734933	0.0	2.4711979911078776e-11	0.0001933982138293537	28.0	7.597786971867466e-05	0.00011742034411067904
ti|225991|org|Comamonas_aquatica|accession|NZ_CP016603.1	1.8023806107166888e-14	0.0002624690044826943	38.0	0.0002624690044826943	0.0	2.070175444376773e-07	0.0015034408765543805	217.66666666666666	0.0017543980825948514	0.000455867218312048
ti|1082705|org|Lonsdalea_quercina_subsp._quercina|accession|NZ_JIBO01000002.1	1.5431376912075077e-14	2.0721237196002183e-05	3.0	2.0721237196002183e-05	0.0	1.092090536554356e-05	3.338421548244796e-05	4.833333333333334	0.0	6.907079065334061e-05
ti|420662|org|Methylibium_petroleiphilum_PM1|accession|NC_008825.1	1.4427810391103572e-14	0.0005871017205533952	85.0	0.0005871017205533952	0.0	2.6357793120531273e-08	0.0007252433018600764	105.0	0.0005871017205533952	0.0001450486603720153
ti|266264|org|Cupriavidus_metallidurans_CH34|accession|NC_007974.2	1.3847127751816368e-14	1.3814158130668121e-05	2.0	1.3814158130668121e-05	0.0	0.0005331810476552115	8.633848831667576e-05	12.5	2.0721237196002183e-05	8.97920278493428e-05
ti|413882|org|[Polyangium]_brachysporum|accession|NZ_CP011371.1	1.2478266630599271e-14	0.0001243274231760131	18.0	0.0001243274231760131	0.0	2.835099441039615e-08	0.00037988934859337336	55.0	0.00027628316261336244	0.00010360618598001092
ti|1122252|org|Marinospirillum_celere|accession|NZ_FOLH01000012.1	1.0866608361873826e-14	0.000227933609156024	33.0	0.000227933609156024	0.0	1.6538286879315493e-12	0.0002141194510253559	31.0	0.0002141194510253559	0.0
ti|1151116|org|Rahnella_aquatilis_HX2|accession|NC_017047.1	1.0095128547403948e-14	8.97920278493428e-05	13.0	8.97920278493428e-05	0.0	9.94384143557976e-07	0.00012087388364334607	17.5	9.669910691467685e-05	2.7628316261336242e-05
ti|675524|org|Methylocaldum_szegediense_O-12|accession|NZ_KE386490.1	6.8133093540840934e-15	2.7628316261336242e-05	4.0	2.7628316261336242e-05	0.0	2.6562020028647897e-12	0.0	0.0	0.0	0.0
ti|28095|org|Burkholderia_gladioli|accession|NZ_CP009322.1	5.877914402321669e-15	1.3814158130668121e-05	2.0	1.3814158130668121e-05	0.0	1.0556155533824138e-07	0.00010360618598001093	15.000000000000002	0.0	0.00020030529289468777
ti|1475481|org|Mizugakiibacter_sediminis|accession|NZ_DF970143.1	5.514746653563909e-15	0.0001588628185026834	23.0	0.0001588628185026834	0.0	2.1953153488577903e-13	0.00011972270379912373	17.333333333333336	7.597786971867466e-05	4.8349553457338425e-05
ti|1216007|org|Pseudoalteromonas_ruthenica_CP76|accession|NZ_AOPM01000107.1	3.635397935635543e-15	2.7628316261336242e-05	4.0	2.7628316261336242e-05	0.0	1.5978263144487287e-11	5.180309299000546e-05	7.5	2.0721237196002183e-05	3.4535395326670305e-05
ti|931626|org|Acetobacterium_woodii_DSM_1030|accession|NC_016894.1	3.6298378471712444e-15	2.7628316261336242e-05	4.0	2.7628316261336242e-05	0.0	1.5554711088705304e-08	1.0360618598001091e-05	1.5	6.9070790653340606e-06	6.9070790653340606e-06
ti|1547922|org|Ideonella_sakaiensis|accession|NZ_BBYR01000090.1	2.9967410569024076e-15	0.0003867964276587074	56.0	0.0003867964276587074	0.0	2.2173126312603267e-09	0.00047313491597538316	68.5	0.0004282389020507118	5.5256632522672485e-05
ti|1692|org|Bifidobacterium_magnum|accession|NZ_JGZB01000001.1	2.433158457744672e-15	1.3814158130668121e-05	2.0	1.3814158130668121e-05	0.0	9.107294385086788e-07	1.3814158130668121e-05	2.0	1.3814158130668121e-05	0.0
ti|315749|org|Bacillus_cytotoxicus_NVH_391-98|accession|NC_009674.1	2.2637814917655397e-15	6.9070790653340606e-06	1.0	6.9070790653340606e-06	0.0	5.6769754791249814e-11	1.3814158130668121e-05	2.0	0.0	1.3814158130668121e-05
ti|356829|org|Bifidobacterium_tsurumiense|accession|NZ_JGZU01000004.1	1.900951736916673e-15	3.4535395326670305e-05	5.0	3.4535395326670305e-05	0.0	5.770195124130901e-05	0.00042236788484517797	61.15000000000002	2.0721237196002183e-05	0.0006354512740107336
ti|1195246|org|Alishewanella_agri_BL06|accession|NZ_AKKU01000023.1	1.8638481348791083e-15	6.9070790653340606e-06	1.0	6.9070790653340606e-06	0.0	7.025333241562169e-10	2.0721237196002183e-05	3.0	0.0	2.0721237196002183e-05
ti|1560201|org|Erwinia_iniecta|accession|NZ_JRXE01000057.1	1.863621197807613e-15	6.9070790653340606e-06	1.0	6.9070790653340606e-06	0.0	0.0013017007812503928	0.0008898620195838711	128.8333333333333	2.7628316261336242e-05	0.001015340622604107
ti|28141|org|Cronobacter_sakazakii|accession|NZ_CP011047.1	1.6309947355159255e-15	6.9070790653340606e-06	1.0	6.9070790653340606e-06	0.0	3.1177006719470524e-05	0.0001830375952313526	26.5	6.9070790653340606e-06	0.0001933982138293537
ti|1188319|org|Ferriphaselus_amnicola|accession|NZ_AP018738.1	1.5155004979686084e-15	2.7628316261336242e-05	4.0	2.7628316261336242e-05	0.0	2.9614702597347054e-09	0.005054255106058199	731.75	2.0721237196002183e-05	0.0051250526664778735
ti|1150423|org|Bifidobacterium_dentium_JCM_1195_=_DSM_20436|accession|NZ_AP012326.1	1.129891683917228e-15	1.3814158130668121e-05	2.0	1.3814158130668121e-05	0.0	6.052682829454657e-06	0.0002728296230806954	39.5	1.3814158130668121e-05	0.0002831902416786965
ti|991|org|Flavobacterium_hydatis|accession|NZ_JPRM01000023.1	8.373788440334471e-16	1.3814158130668121e-05	2.0	1.3814158130668121e-05	0.0	1.6134258522385174e-10	6.9070790653340606e-06	1.0	6.9070790653340606e-06	0.0
ti|1120917|org|Acaricomes_phytoseiuli_DSM_14247|accession|NZ_AQXM01000028.1	7.934418624161667e-16	0.0005042167717693864	73.0	0.0005042167717693864	0.0	3.857961687555081e-08	0.0002716784432364731	39.333333333333336	0.0004627742973773821	7.597786971867466e-05
ti|2213202|org|Planococcus_sp._Y42|accession|NZ_CP019640.1	7.328516222290936e-16	1.3814158130668121e-05	2.0	1.3814158130668121e-05	0.0	5.755855524473175e-12	0.0	0.0	0.0	0.0
ti|445709|org|Pandoraea_thiooxydans|accession|NZ_CP014839.1	6.888977952577947e-16	1.3814158130668121e-05	2.0	1.3814158130668121e-05	0.0	1.800193243342346e-07	0.0001795840556986856	26.0	6.216371158800654e-05	0.00011742034411067904
ti|270498|org|Catabacter_hongkongensis|accession|NZ_LAYJ01000016.1	6.385687841764514e-16	4.8349553457338425e-05	7.0	4.8349553457338425e-05	0.0	2.364645323731383e-16	1.7267697663335153e-05	2.5	2.0721237196002183e-05	1.3814158130668121e-05
ti|82983|org|Obesumbacterium_proteus|accession|NZ_CP014608.1	6.326083809906433e-16	1.3814158130668121e-05	2.0	1.3814158130668121e-05	0.0	3.162979251017615e-07	1.3814158130668121e-05	2.0	1.3814158130668121e-05	0.0
ti|1526571|org|Lacimicrobium_alkaliphilum|accession|NZ_CP013650.1	5.590921509128371e-16	6.9070790653340606e-06	1.0	6.9070790653340606e-06	0.0	4.572324077986304e-12	6.9070790653340606e-06	1.0	0.0	6.9070790653340606e-06
ti|28092|org|Robbsia_andropogonis|accession|NZ_LAQU01000081.1	5.330599885031658e-16	4.8349553457338425e-05	7.0	4.8349553457338425e-05	0.0	2.3289114559205217e-09	9.324556738200982e-05	13.5	4.1442474392004365e-05	5.5256632522672485e-05
ti|1849491|org|Auricoccus_indicus|accession|NZ_CP019573.1	5.04893082981691e-16	3.4535395326670305e-05	5.0	3.4535395326670305e-05	0.0	3.739906210499e-11	2.7628316261336242e-05	4.0	2.7628316261336242e-05	0.0
ti|1121348|org|Comamonas_badia_DSM_17552|accession|NZ_AXVM01000023.1	4.912451331498963e-16	6.9070790653340606e-06	1.0	6.9070790653340606e-06	0.0	8.489775725582395e-09	2.0721237196002183e-05	3.0	1.3814158130668121e-05	6.9070790653340606e-06
ti|764842|org|Derxia_lacustris|accession|NZ_MUHU01000030.1	2.8918736628408264e-16	6.9070790653340606e-06	1.0	6.9070790653340606e-06	0.0	5.1904528972022706e-08	1.8418877507557495e-05	2.6666666666666665	0.0	4.1442474392004365e-05
ti|1315283|org|Pseudoalteromonas_translucida_KMM_520|accession|NZ_CP011034.1	2.798577569467909e-16	2.0721237196002183e-05	3.0	2.0721237196002183e-05	0.0	2.4659281624504394e-12	1.3814158130668121e-05	2.0	1.3814158130668121e-05	0.0
ti|1543381|org|Oleiagrimonas_soli|accession|NZ_JROI01000019.1	2.7113409684145466e-16	6.9070790653340606e-06	1.0	6.9070790653340606e-06	0.0	2.1604033286540267e-13	1.3814158130668121e-05	2.0	1.3814158130668121e-05	0.0
ti|331117|org|Aspergillus_fischeri_NRRL_181|accession|NW_001509986.1	2.4418785488291206e-16	2.7628316261336242e-05	4.0	2.7628316261336242e-05	0.0	1.4439312951477044e-10	0.0005928576197745069	85.83333333333334	0.0	0.0011811105201721243
ti|187272|org|Alkalilimnicola_ehrlichii_MLHE-1|accession|NC_008340.1	2.2765848716585046e-16	6.9070790653340606e-06	1.0	6.9070790653340606e-06	0.0	2.899872182671587e-12	1.3814158130668121e-05	2.0	6.9070790653340606e-06	6.9070790653340606e-06
ti|1392005|org|Comamonas_testosteroni_TK102|accession|NZ_CP006704.1	2.207560359367784e-16	6.9070790653340606e-06	1.0	6.9070790653340606e-06	0.0	4.667026810936641e-08	0.0	0.0	0.0	0.0
ti|47678|org|Bacteroides_caccae|accession|NZ_CP022412.2	2.2073066680587007e-16	6.9070790653340606e-06	1.0	6.9070790653340606e-06	0.0	6.155146512930587e-08	2.0721237196002183e-05	3.0	6.9070790653340606e-06	1.3814158130668121e-05
ti|754477|org|Methylophaga_frappieri|accession|NC_017856.1	1.9237876307501758e-16	2.7628316261336242e-05	4.0	2.7628316261336242e-05	0.0	4.882311246730177e-13	6.9070790653340606e-06	1.0	0.0	6.9070790653340606e-06
ti|38313|org|Shewanella_algae|accession|NZ_LN810019.1	1.6306742766243085e-16	6.9070790653340606e-06	1.0	6.9070790653340606e-06	0.0	8.163153491012733e-10	1.7267697663335153e-05	2.5	0.0	2.0721237196002183e-05
ti|154288|org|Turicibacter_sanguinis|accession|NZ_CYZQ01000007.1	1.5816043406207583e-16	6.9070790653340606e-06	1.0	6.9070790653340606e-06	0.0	1.16323195013486e-13	0.0	0.0	0.0	0.0
ti|377629|org|Teredinibacter_turnerae_T7901|accession|NC_012997.1	1.57044528315586e-16	2.0721237196002183e-05	3.0	2.0721237196002183e-05	0.0	3.971467839409863e-15	1.3814158130668121e-05	2.0	1.3814158130668121e-05	0.0
ti|1610491|org|Lampropedia_cohaerens|accession|NZ_LBNQ01000037.1	1.5638168585631564e-16	1.3814158130668121e-05	2.0	1.3814158130668121e-05	0.0	9.008991426823783e-10	1.6461871772379512e-05	2.3833333333333333	6.9070790653340606e-06	4.1442474392004365e-05
ti|1384063|org|[Ruminococcus]_gnavus_AGR2154|accession|NZ_JAGQ01000002.1	1.4796019073854556e-16	6.9070790653340606e-06	1.0	6.9070790653340606e-06	0.0	1.106504743598231e-11	3.4535395326670303e-06	0.5	6.9070790653340606e-06	0.0
ti|368603|org|Morganella_psychrotolerans|accession|NZ_LZEW01000020.1	1.2152936542683214e-16	6.9070790653340606e-06	1.0	6.9070790653340606e-06	0.0	1.4163214985039183e-08	0.0	0.0	0.0	0.0
ti|930171|org|Pseudarthrobacter_phenanthrenivorans_Sphe3|accession|NC_015145.1	1.1332690303365624e-16	6.9070790653340606e-06	1.0	6.9070790653340606e-06	0.0	5.8355868839291575e-05	6.561725112067358e-05	9.5	0.0	0.0001243274231760131
ti|758825|org|Rugamonas_rubra|accession|NZ_FOTW01000003.1	1.133269030336139e-16	6.9070790653340606e-06	1.0	6.9070790653340606e-06	0.0	5.410649799576308e-10	6.9070790653340606e-06	1.0	6.9070790653340606e-06	0.0
ti|1121117|org|Brachymonas_denitrificans_DSM_15123|accession|NZ_FOCW01000017.1	1.133269030336139e-16	6.9070790653340606e-06	1.0	6.9070790653340606e-06	0.0	5.083130434612761e-09	4.8349553457338425e-05	7.0	6.9070790653340606e-06	4.1442474392004365e-05
ti|1124991|org|Morganella_morganii_subsp._morganii_KT|accession|NC_020418.1	8.366965278562998e-17	6.9070790653340606e-06	1.0	6.9070790653340606e-06	0.0	2.2628924291515242e-07	3.4535395326670305e-05	5.0	1.3814158130668121e-05	2.0721237196002183e-05
ti|243160|org|Burkholderia_mallei_ATCC_23344|accession|NC_006349.2	8.25700126436021e-17	1.3814158130668121e-05	2.0	1.3814158130668121e-05	0.0	2.63217455462474e-06	0.004050541399880733	586.4333333333327	8.288494878400873e-05	0.01508506067868959
ti|1123233|org|Salinicoccus_luteus_DSM_17002|accession|NZ_JONV01000003.1	4.169063775769611e-17	6.9070790653340606e-06	1.0	6.9070790653340606e-06	0.0	1.1602201730350735e-11	6.9070790653340606e-06	1.0	6.9070790653340606e-06	0.0
ti|1871023|org|Millionella_massiliensis|accession|NZ_FNWD01000002.1	4.1024823318255767e-17	1.3814158130668121e-05	2.0	1.3814158130668121e-05	0.0	3.212279976003892e-15	1.3814158130668121e-05	2.0	1.3814158130668121e-05	0.0
ti|1450648|org|Clostridium_oryzae|accession|NZ_MZGV01000157.1	3.41334072476599e-17	1.3814158130668121e-05	2.0	1.3814158130668121e-05	0.0	2.8633034150071996e-17	6.9070790653340606e-06	1.0	6.9070790653340606e-06	0.0
ti|1123296|org|Stenoxybacter_acetivorans_DSM_19021|accession|NZ_JQKE01000106.1	3.413340724765978e-17	6.9070790653340606e-06	1.0	6.9070790653340606e-06	0.0	1.6607599657581829e-10	3.6837755015114996e-05	5.333333333333334	2.0721237196002183e-05	2.0721237196002183e-05
ti|498211|org|Cellvibrio_japonicus_Ueda107|accession|NC_010995.1	3.1995016993552667e-17	6.9070790653340606e-06	1.0	6.9070790653340606e-06	0.0	9.05169659078455e-12	6.9070790653340606e-06	1.0	6.9070790653340606e-06	0.0
ti|399736|org|Agrococcus_jejuensis|accession|NZ_LT629695.1	2.9392936300852424e-17	2.0721237196002183e-05	3.0	2.0721237196002183e-05	0.0	6.6693087514541e-08	6.9070790653340606e-06	1.0	6.9070790653340606e-06	0.0
ti|713586|org|Thioalkalivibrio_thiocyanodenitrificans_ARhD_1|accession|NZ_KB900536.1	2.8583451280993706e-17	2.7628316261336242e-05	4.0	2.7628316261336242e-05	0.0	4.840984009258021e-14	2.0721237196002183e-05	3.0	1.3814158130668121e-05	6.9070790653340606e-06
ti|391735|org|Verminephrobacter_eiseniae_EF01-2|accession|NC_008786.1	2.7946070220993856e-17	6.9070790653340606e-06	1.0	6.9070790653340606e-06	0.0	3.782289157947783e-10	6.9070790653340606e-06	1.0	6.9070790653340606e-06	0.0
ti|930169|org|Alcanivorax_dieselolei_B5|accession|NC_018691.1	2.7892188454942e-17	1.3814158130668121e-05	2.0	1.3814158130668121e-05	0.0	4.3054874881499015e-14	6.9070790653340606e-06	1.0	6.9070790653340606e-06	0.0
ti|379893|org|Trabulsiella_odontotermitis|accession|NZ_LIFV01000032.1	2.4457655039558143e-17	6.9070790653340606e-06	1.0	6.9070790653340606e-06	0.0	1.6536569967311605e-06	0.0	0.0	0.0	0.0
ti|1120955|org|Afifella_marina_DSM_2698|accession|NZ_FMVW01000007.1	2.4457655029514307e-17	6.9070790653340606e-06	1.0	6.9070790653340606e-06	0.0	2.507354750498807e-11	6.9070790653340606e-06	1.0	6.9070790653340606e-06	0.0
ti|54398|org|endosymbiont_of_Ridgeia_piscesae|accession|NZ_KQ556878.1	2.2922518035387205e-17	1.3814158130668121e-05	2.0	1.3814158130668121e-05	0.0	2.741765659304286e-13	1.3814158130668121e-05	2.0	6.9070790653340606e-06	6.9070790653340606e-06
ti|596154|org|Alicycliphilus_denitrificans_K601|accession|NC_015422.1	2.0024234320835968e-17	6.9070790653340606e-06	1.0	6.9070790653340606e-06	0.0	2.1863780420172436e-08	1.3814158130668121e-05	2.0	6.9070790653340606e-06	6.9070790653340606e-06
ti|882378|org|Paraburkholderia_rhizoxinica_HKI_454|accession|NC_014722.1	1.7524675611859597e-17	6.9070790653340606e-06	1.0	6.9070790653340606e-06	0.0	3.260130986257521e-06	0.00041097120438737664	59.50000000000001	2.0721237196002183e-05	0.00040751766485470957
ti|237682|org|Salinibacillus_kushneri|accession|NZ_FOHJ01000023.1	1.6394456445307957e-17	6.9070790653340606e-06	1.0	6.9070790653340606e-06	0.0	5.739400766005357e-12	6.9070790653340606e-06	1.0	6.9070790653340606e-06	0.0
ti|391936|org|Alcanivorax_pacificus_W11-5|accession|NZ_CP004387.1	1.5343606123557868e-17	6.9070790653340606e-06	1.0	6.9070790653340606e-06	0.0	8.550247460473398e-14	1.3814158130668121e-05	2.0	6.9070790653340606e-06	6.9070790653340606e-06
ti|160490|org|Streptococcus_pyogenes_M1_GAS|accession|NC_002737.2	1.5337128520382277e-17	6.9070790653340606e-06	1.0	6.9070790653340606e-06	0.0	1.2535463868324414e-11	6.9070790653340606e-06	1.0	6.9070790653340606e-06	0.0
ti|1001240|org|Cryobacterium_roopkundense|accession|NZ_JPXF01000180.1	1.4502005621012956e-17	1.3814158130668121e-05	2.0	1.3814158130668121e-05	0.0	6.869280515703092e-08	3.798893485933733e-05	5.5	1.3814158130668121e-05	2.7628316261336242e-05
ti|1122156|org|Lampropedia_hyalina_DSM_16112|accession|NZ_FQUZ01000052.1	1.3155916879582137e-17	1.3814158130668121e-05	2.0	1.3814158130668121e-05	0.0	1.1800797280282425e-09	4.1442474392004365e-05	6.0	2.7628316261336242e-05	1.3814158130668121e-05
ti|1562701|org|bacterium_endosymbiont_of_Mortierella_elongata_FMR23-6|accession|NZ_DF850522.1	1.1829331459369428e-17	2.0721237196002183e-05	3.0	2.0721237196002183e-05	0.0	3.908220865674004e-12	2.0721237196002183e-05	3.0	1.3814158130668121e-05	6.9070790653340606e-06
ti|1117647|org|Simiduia_agarivorans_SA1_=_DSM_21679|accession|NC_018868.3	9.738263679340666e-18	1.3814158130668121e-05	2.0	1.3814158130668121e-05	0.0	2.6172979034327488e-14	3.4535395326670305e-05	5.0	2.7628316261336242e-05	6.9070790653340606e-06
