"Superkingdom","Phylum","Class","Order","Family","Genus","Species","Name","ti","healthy_stool_10_1","healthy_stool_10_10","healthy_stool_10_100","healthy_stool_10_50","healthy_stool_100_1","healthy_stool_100_10","healthy_stool_100_100","healthy_stool_100_50"
NA,"Bacillota","Clostridia","Eubacteriales","Oscillospiraceae","Acetivibrio","Acetivibrio ethanolgignens","Acetivibrio ethanolgignens",1,1,0,4,1,7,1,0,2
NA,"Bacillota","Negativicutes","Acidaminococcales","Acidaminococcaceae","Acidaminococcus","Acidaminococcus fermentans","Acidaminococcus fermentans",2,0,0,0,0,0,0,1,1
NA,"Bacillota","Negativicutes","Acidaminococcales","Acidaminococcaceae","Acidaminococcus","Acidaminococcus intestini","Acidaminococcus intestini",3,0,0,0,0,48,124,637,181
NA,"Pseudomonadota","Gammaproteobacteria","Moraxellales","Moraxellaceae","Acinetobacter","Acinetobacter defluvii","Acinetobacter defluvii",4,0,0,0,0,0,0,1,0
NA,"Pseudomonadota","Gammaproteobacteria","Moraxellales","Moraxellaceae","Acinetobacter","Acinetobacter johnsonii","Acinetobacter johnsonii",5,0,0,0,0,2,1,5,1
NA,"Pseudomonadota","Gammaproteobacteria","Moraxellales","Moraxellaceae","Acinetobacter","Acinetobacter junii","Acinetobacter junii",6,0,0,0,0,0,0,4,0
NA,"Pseudomonadota","Gammaproteobacteria","Moraxellales","Moraxellaceae","Acinetobacter","Acinetobacter schindleri","Acinetobacter schindleri",7,0,0,0,0,0,0,1,0
NA,"Actinomycetota","Actinomycetes","Actinomycetales","Actinomycetaceae","Actinomyces","Actinomyces graevenitzii","Actinomyces graevenitzii",8,0,0,0,0,2,0,0,0
NA,"Bacillota","Clostridia","Eubacteriales","Acutalibacteraceae","Acutalibacter","Acutalibacter muris","Acutalibacter muris",9,2,0,0,1,0,0,0,0
NA,"Actinomycetota","Coriobacteriia","Eggerthellales","Eggerthellaceae","Adlercreutzia","Adlercreutzia equolifaciens","Adlercreutzia equolifaciens",10,0,0,0,0,93,243,810,350
NA,"Actinomycetota","Coriobacteriia","Eggerthellales","Eggerthellaceae","Adlercreutzia","Adlercreutzia mucosicola","Adlercreutzia mucosicola",11,0,0,0,0,0,1,0,1
NA,"Bacillota","Bacilli","Lactobacillales","Aerococcaceae","Aerococcus","Aerococcus christensenii","Aerococcus christensenii",12,0,0,0,0,0,1,0,0
NA,"Bacillota","Bacilli","Lactobacillales","Aerococcaceae","Aerococcus","Aerococcus viridans","Aerococcus viridans",13,0,0,0,0,0,0,0,1
NA,"Pseudomonadota","Gammaproteobacteria","Aeromonadales","Aeromonadaceae","Aeromonas","Aeromonas schubertii","Aeromonas schubertii",14,0,0,0,0,0,0,2,0
NA,"Pseudomonadota","Gammaproteobacteria","Aeromonadales","Aeromonadaceae","Aeromonas","Aeromonas simiae","Aeromonas simiae",15,0,0,0,0,0,0,0,2
NA,"Bacillota","Clostridia","Lachnospirales","Lachnospiraceae","Agathobacter","Agathobacter rectalis","Agathobacter rectalis",16,5059,7680,10153,4658,2045,1920,1091,3548
NA,"Bacillota","Clostridia","Eubacteriales","Butyricicoccaceae","Agathobaculum","Agathobaculum desmolans","Agathobaculum desmolans",17,1,0,0,2,1,3,4,0
NA,"Actinomycetota","Actinomycetes","Micrococcales","Microbacteriaceae","Agrococcus","Agrococcus baldri","Agrococcus baldri",18,0,0,0,0,0,0,4,0
NA,"Verrucomicrobiota","Verrucomicrobiia","Verrucomicrobiales","Akkermansiaceae","Akkermansia","Akkermansia muciniphila","Akkermansia muciniphila",19,0,0,0,0,701,1858,697,1123
NA,"Pseudomonadota","Betaproteobacteria","Burkholderiales","Comamonadaceae","Alicycliphilus","Alicycliphilus denitrificans","Alicycliphilus denitrificans",20,0,0,0,0,0,0,1,0
NA,"Bacteroidota","Bacteroidia","Bacteroidales","Rikenellaceae","Alistipes","Alistipes communis","Alistipes communis",21,0,0,0,0,1,3,64,1
NA,"Bacteroidota","Bacteroidia","Bacteroidales","Rikenellaceae","Alistipes","Alistipes finegoldii","Alistipes finegoldii",22,0,0,0,0,438,1113,1029,863
NA,"Bacteroidota","Bacteroidia","Bacteroidales","Rikenellaceae","Alistipes","Alistipes ihumii","Alistipes ihumii",23,0,0,0,0,0,0,2,0
NA,"Bacteroidota","Bacteroidia","Bacteroidales","Rikenellaceae","Alistipes","Alistipes inops","Alistipes inops",24,0,0,0,0,112,294,647,427
NA,"Bacteroidota","Bacteroidia","Bacteroidales","Rikenellaceae","Alistipes","Alistipes putredinis","Alistipes putredinis",25,2799,4269,7017,2555,1192,1096,650,1928
NA,"Bacteroidota","Bacteroidia","Bacteroidales","Rikenellaceae","Alistipes","Alistipes senegalensis","Alistipes senegalensis",26,0,0,0,0,1,3,3,1
NA,"Bacteroidota","Bacteroidia","Bacteroidales","Rikenellaceae","Alistipes","Alistipes shahii","Alistipes shahii",27,2,4,0,1,123,406,940,456
NA,"Bacillota","Clostridia","Eubacteriales","Oscillospiraceae","Allofournierella","Allofournierella massiliensis","Allofournierella massiliensis",28,2,12,4,13,0,34,0,61
NA,"Bacteroidota","Bacteroidia","Bacteroidales","Prevotellaceae","Alloprevotella","Alloprevotella tannerae","Alloprevotella tannerae",29,0,0,0,0,0,2,3,9
NA,"Actinomycetota","Actinomycetes","Bifidobacteriales","Bifidobacteriaceae","Alloscardovia","Alloscardovia criceti","Alloscardovia criceti",30,0,0,0,0,0,2,0,1
NA,"Actinomycetota","Actinomycetes","Bifidobacteriales","Bifidobacteriaceae","Alloscardovia","Alloscardovia omnicolens","Alloscardovia omnicolens",31,0,0,0,0,0,1,1,0
NA,"Bacillota","Clostridia","Peptostreptococcales","Anaerovoracaceae","Alterileibacterium","Alterileibacterium massiliense","Alterileibacterium massiliense",32,0,0,0,0,1,0,0,2
NA,"Bacillota","Erysipelotrichia","Erysipelotrichales","Erysipelotrichaceae","Amedibacillus","Amedibacillus dolichus","Amedibacillus dolichus",33,1,2,1,1,3,7,9,1
NA,"Bacillota","Bacilli","Bacillales","Bacillaceae","Amphibacillus","Amphibacillus xylanus","Amphibacillus xylanus",34,0,0,0,1,0,0,0,0
NA,"Bacillota","Bacilli","Lactobacillales","Lactobacillaceae","Amylolactobacillus","Amylolactobacillus amylophilus","Amylolactobacillus amylophilus",35,0,0,0,0,0,0,1,0
NA,"Bacillota","Clostridia","Lachnospirales","Lachnospiraceae","Anaerobutyricum","Anaerobutyricum hallii","Anaerobutyricum hallii",36,0,0,1,2,569,1548,926,976
NA,"Bacillota","Tissierellia","Tissierellales","Peptoniphilaceae","Anaerococcus","Anaerococcus obesiensis","Anaerococcus obesiensis",37,0,0,0,0,0,0,1,0
NA,"Bacillota","Tissierellia","Tissierellales","Peptoniphilaceae","Anaerococcus","Anaerococcus tetradius","Anaerococcus tetradius",38,0,0,0,0,0,0,3,0
NA,"Bacillota","Clostridia","Lachnospirales","Lachnospiraceae","Anaerostipes","Anaerostipes caccae","Anaerostipes caccae",39,0,0,0,0,1,2,0,1
NA,"Bacillota","Clostridia","Lachnospirales","Lachnospiraceae","Anaerostipes","Anaerostipes hadrus","Anaerostipes hadrus",40,1,1,2,3,575,1506,646,924
NA,"Bacillota","Clostridia","Lachnospirales","Anaerotignaceae","Anaerotignum","Anaerotignum lactatifermentans","Anaerotignum lactatifermentans",41,20,39,21,24,0,1,50,78
NA,"Bacillota","Clostridia","Lachnospirales","Anaerotignaceae","Anaerotignum","Anaerotignum neopropionicum","Anaerotignum neopropionicum",42,0,8,6,9,3,1,3,3
NA,"Bacillota","Clostridia","Eubacteriales","Oscillospiraceae","Anaerotruncus","Anaerotruncus colihominis","Anaerotruncus colihominis",43,0,1,0,3,3,53,21,7
NA,"Bacillota","Clostridia","Eubacteriales","Oscillospiraceae","Anaerotruncus","Anaerotruncus rubiinfantis","Anaerotruncus rubiinfantis",44,0,0,0,0,0,0,0,1
NA,"Bacillota","Tissierellia","Tissierellales","Gottschalkiaceae","Andreesenia","Andreesenia angusta","Andreesenia angusta",45,0,0,0,0,0,1,1,2
NA,"Bacillota","Clostridia","Eubacteriales","Oscillospiraceae","Angelakisella","Angelakisella massiliensis","Angelakisella massiliensis",46,10,1,0,12,0,1,20,0
NA,"Pseudomonadota","Betaproteobacteria","Burkholderiales",NA,"Aquabacterium","Aquabacterium parvum","Aquabacterium parvum",47,0,0,0,0,0,0,0,4
NA,"Ascomycota","Eurotiomycetes","Eurotiales","Aspergillaceae","Aspergillus","Aspergillus clavatus","Aspergillus clavatus",48,0,0,0,0,3,0,0,0
NA,"Bacillota","Bacilli","Lactobacillales","Carnobacteriaceae","Atopococcus","Atopococcus tabaci","Atopococcus tabaci",49,0,0,0,0,0,0,1,1
NA,"Bacillota","Bacilli","Bacillales","Bacillaceae","Bacillus","Bacillus coahuilensis","Bacillus coahuilensis",50,0,0,0,0,1,0,0,0
NA,"Bacillota","Bacilli","Bacillales","Bacillaceae","Bacillus","Bacillus methanolicus","Bacillus methanolicus",51,0,0,0,0,0,1,0,0
NA,"Bacteroidota","Bacteroidia","Bacteroidales","Bacteroidaceae","Bacteroides","Bacteroides caccae","Bacteroides caccae",52,0,0,0,0,626,2018,1327,1264
NA,"Bacteroidota","Bacteroidia","Bacteroidales","Bacteroidaceae","Bacteroides","Bacteroides cellulosilyticus","Bacteroides cellulosilyticus",53,6,13,16,12,590,1394,2518,1031
NA,"Bacteroidota","Bacteroidia","Bacteroidales","Bacteroidaceae","Bacteroides","Bacteroides faecichinchillae","Bacteroides faecichinchillae",54,5,7,10,2,8,10,13,9
NA,"Bacteroidota","Bacteroidia","Bacteroidales","Bacteroidaceae","Bacteroides","Bacteroides fluxus","Bacteroides fluxus",55,73,122,248,84,4,19,17,25
NA,"Bacteroidota","Bacteroidia","Bacteroidales","Bacteroidaceae","Bacteroides","Bacteroides fragilis","Bacteroides fragilis",56,5,7,12,4,436,1236,1646,805
NA,"Bacteroidota","Bacteroidia","Bacteroidales","Bacteroidaceae","Bacteroides","Bacteroides ihuae","Bacteroides ihuae",57,0,0,0,0,0,0,0,1
NA,"Bacteroidota","Bacteroidia","Bacteroidales","Bacteroidaceae","Bacteroides","Bacteroides nordii","Bacteroides nordii",58,8,11,12,7,16,28,42,20
NA,"Bacteroidota","Bacteroidia","Bacteroidales","Bacteroidaceae","Bacteroides","Bacteroides ovatus","Bacteroides ovatus",59,4,1,4,0,1233,3163,2731,1967
NA,"Bacteroidota","Bacteroidia","Bacteroidales","Bacteroidaceae","Bacteroides","Bacteroides propionicifaciens","Bacteroides propionicifaciens",60,0,0,0,0,1,0,0,0
NA,"Bacteroidota","Bacteroidia","Bacteroidales","Bacteroidaceae","Bacteroides","Bacteroides reticulotermitis","Bacteroides reticulotermitis",61,0,0,0,0,5,6,6,1
NA,"Bacteroidota","Bacteroidia","Bacteroidales","Bacteroidaceae","Bacteroides","Bacteroides salyersiae","Bacteroides salyersiae",62,28,57,104,43,105,297,1362,374
NA,"Bacteroidota","Bacteroidia","Bacteroidales","Bacteroidaceae","Bacteroides","Bacteroides stercoris","Bacteroides stercoris",63,0,0,1,0,853,3346,1153,1696
NA,"Bacteroidota","Bacteroidia","Bacteroidales","Bacteroidaceae","Bacteroides","Bacteroides thetaiotaomicron","Bacteroides thetaiotaomicron",64,8,13,29,9,829,2134,2419,1407
NA,"Bacteroidota","Bacteroidia","Bacteroidales","Bacteroidaceae","Bacteroides","Bacteroides uniformis","Bacteroides uniformis",65,8603,12933,13292,16548,3822,3404,1411,6069
NA,"Bacillota","Clostridia","Lachnospirales","Lachnospiraceae","Bariatricus","Bariatricus massiliensis","Bariatricus massiliensis",66,0,0,0,0,0,3,10,3
NA,"Bacteroidota","Bacteroidia","Bacteroidales","Barnesiellaceae","Barnesiella","Barnesiella intestinihominis","Barnesiella intestinihominis",67,33,0,0,26,601,1265,862,801
NA,"Bacteroidota","Bacteroidia","Bacteroidales","Barnesiellaceae","Barnesiella","Barnesiella viscericola","Barnesiella viscericola",68,0,0,36,0,4,0,0,0
NA,"Actinomycetota","Actinomycetes","Bifidobacteriales","Bifidobacteriaceae","Bifidobacterium","Bifidobacterium adolescentis","Bifidobacterium adolescentis",69,2825,4250,6043,2550,1222,1147,656,1973
NA,"Actinomycetota","Actinomycetes","Bifidobacteriales","Bifidobacteriaceae","Bifidobacterium","Bifidobacterium angulatum","Bifidobacterium angulatum",70,0,1,0,1,53,141,621,202
NA,"Actinomycetota","Actinomycetes","Bifidobacteriales","Bifidobacteriaceae","Bifidobacterium","Bifidobacterium biavatii","Bifidobacterium biavatii",71,0,0,0,0,0,3,3,0
NA,"Actinomycetota","Actinomycetes","Bifidobacteriales","Bifidobacteriaceae","Bifidobacterium","Bifidobacterium bifidum","Bifidobacterium bifidum",72,0,0,0,0,152,406,582,250
NA,"Actinomycetota","Actinomycetes","Bifidobacteriales","Bifidobacteriaceae","Bifidobacterium","Bifidobacterium breve","Bifidobacterium breve",73,0,0,0,0,10,36,24,16
NA,"Actinomycetota","Actinomycetes","Bifidobacteriales","Bifidobacteriaceae","Bifidobacterium","Bifidobacterium callitrichos","Bifidobacterium callitrichos",74,0,0,0,0,0,1,0,0
NA,"Actinomycetota","Actinomycetes","Bifidobacteriales","Bifidobacteriaceae","Bifidobacterium","Bifidobacterium choerinum","Bifidobacterium choerinum",75,0,0,0,0,0,0,0,1
NA,"Actinomycetota","Actinomycetes","Bifidobacteriales","Bifidobacteriaceae","Bifidobacterium","Bifidobacterium cuniculi","Bifidobacterium cuniculi",76,0,0,0,0,0,0,3,0
NA,"Actinomycetota","Actinomycetes","Bifidobacteriales","Bifidobacteriaceae","Bifidobacterium","Bifidobacterium dentium","Bifidobacterium dentium",77,0,0,0,0,1,3,16,11
NA,"Actinomycetota","Actinomycetes","Bifidobacteriales","Bifidobacteriaceae","Bifidobacterium","Bifidobacterium longum","Bifidobacterium longum",78,0,0,0,0,647,1610,524,1032
NA,"Actinomycetota","Actinomycetes","Bifidobacteriales","Bifidobacteriaceae","Bifidobacterium","Bifidobacterium pseudolongum","Bifidobacterium pseudolongum",79,0,0,0,0,1,3,8,1
NA,"Actinomycetota","Actinomycetes","Bifidobacteriales","Bifidobacteriaceae","Bifidobacterium","Bifidobacterium pullorum","Bifidobacterium pullorum",80,0,0,0,0,0,0,1,2
NA,"Actinomycetota","Actinomycetes","Bifidobacteriales","Bifidobacteriaceae","Bifidobacterium","Bifidobacterium reuteri","Bifidobacterium reuteri",81,0,0,0,0,6,6,10,7
NA,"Actinomycetota","Actinomycetes","Bifidobacteriales","Bifidobacteriaceae","Bifidobacterium","Bifidobacterium saguini","Bifidobacterium saguini",82,0,0,0,0,1,3,1,3
NA,"Actinomycetota","Actinomycetes","Bifidobacteriales","Bifidobacteriaceae","Bifidobacterium","Bifidobacterium scardovii","Bifidobacterium scardovii",83,0,0,0,0,0,2,1,2
NA,"Actinomycetota","Actinomycetes","Bifidobacteriales","Bifidobacteriaceae","Bifidobacterium","Bifidobacterium stellenboschense","Bifidobacterium stellenboschense",84,0,0,0,0,0,0,0,1
NA,"Actinomycetota","Actinomycetes","Bifidobacteriales","Bifidobacteriaceae","Bifidobacterium","Bifidobacterium subtile","Bifidobacterium subtile",85,0,0,0,0,0,0,1,0
NA,"Actinomycetota","Actinomycetes","Bifidobacteriales","Bifidobacteriaceae","Bifidobacterium","Bifidobacterium tsurumiense","Bifidobacterium tsurumiense",86,0,0,0,0,0,0,1,0
NA,"Thermodesulfobacteriota","Desulfovibrionia","Desulfovibrionales","Desulfovibrionaceae","Bilophila","Bilophila wadsworthia","Bilophila wadsworthia",87,0,0,0,0,0,0,2,1
NA,"Bacillota","Clostridia","Eubacteriales","Oscillospiraceae","Bittarella (ex Durand et al. 2017)","Bittarella massiliensis (ex Durand et al. 2017)","Bittarella massiliensis (ex Durand et al. 2017)",88,0,2,0,0,0,1,0,3
NA,"Bacillota","Clostridia","Lachnospirales","Lachnospiraceae","Blautia","Blautia hansenii","Blautia hansenii",89,2,9,2,14,59,53,79,154
NA,"Bacillota","Clostridia","Lachnospirales","Lachnospiraceae","Blautia","Blautia hydrogenotrophica","Blautia hydrogenotrophica",90,3,10,7,7,5,9,1,0
NA,"Bacillota","Clostridia","Lachnospirales","Lachnospiraceae","Blautia","Blautia obeum","Blautia obeum",91,17,36,30,55,789,2298,2090,1471
NA,"Bacillota","Clostridia","Lachnospirales","Lachnospiraceae","Blautia","Blautia producta","Blautia producta",92,0,0,0,0,1,4,5,3
NA,"Uroviricota","Caudoviricetes",NA,"Aliceevansviridae","Brussowvirus","Brussowvirus bvO1205","Brussowvirus bvO1205",93,0,0,0,0,0,0,0,1
NA,"Bacillota","Clostridia","Eubacteriales","Butyricicoccaceae","Butyricicoccus","Butyricicoccus pullicaecorum","Butyricicoccus pullicaecorum",94,6,0,0,0,9,11,1,1
NA,"Bacteroidota","Bacteroidia","Bacteroidales","Odoribacteraceae","Butyricimonas","Butyricimonas synergistica","Butyricimonas synergistica",95,3,2,3,0,1,0,1,3
NA,"Bacillota","Clostridia","Lachnospirales","Lachnospiraceae","Butyrivibrio","Butyrivibrio proteoclasticus","Butyrivibrio proteoclasticus",96,0,0,1,0,0,0,0,0
NA,"Bacteroidota","Flavobacteriia","Flavobacteriales","Flavobacteriaceae","Capnocytophaga","Capnocytophaga granulosa","Capnocytophaga granulosa",97,0,0,0,0,0,0,0,1
NA,"Bacillota","Bacilli","Lactobacillales","Carnobacteriaceae","Carnobacterium","Carnobacterium maltaromaticum","Carnobacterium maltaromaticum",98,0,0,0,0,0,0,4,0
NA,"Actinomycetota","Actinomycetes","Micrococcales","Cellulomonadaceae","Cellulomonas","Cellulomonas carbonis","Cellulomonas carbonis",99,0,0,1,0,1,0,1,0
NA,"Bacillota","Clostridia","Lachnospirales","Cellulosilyticaceae","Cellulosilyticum","Cellulosilyticum ruminicola","Cellulosilyticum ruminicola",100,0,0,0,0,0,0,0,1
NA,"Bacillota","Clostridia","Christensenellales","Christensenellaceae","Christensenella","Christensenella minuta","Christensenella minuta",101,0,0,0,0,0,3,13,4
NA,"Bacillota","Clostridia","Christensenellales","Christensenellaceae","Christensenella","Christensenella timonensis","Christensenella timonensis",102,0,0,0,0,0,0,1,0
NA,"Bacillota","Clostridia","Peptostreptococcales","Peptostreptococcaceae","Clostridioides","Clostridioides difficile","Clostridioides difficile",103,0,0,0,0,7,14,3,3
NA,"Bacillota","Clostridia","Lachnospirales","Lachnospiraceae","Lachnoclostridium","Clostridium aminophilum","[Clostridium] aminophilum",104,0,1,1,0,0,0,0,1
NA,"Bacillota","Clostridia","Lachnospirales","Lachnospiraceae","Lachnoclostridium","Clostridium hylemonae","[Clostridium] hylemonae",105,0,0,0,0,0,0,0,1
NA,"Bacillota","Clostridia","Eubacteriales","Clostridiaceae","Clostridium","Clostridium kluyveri","Clostridium kluyveri",106,1,1,0,0,0,0,0,0
NA,"Bacillota","Clostridia","Eubacteriales","Clostridiaceae","Clostridium","Clostridium lundense","Clostridium lundense",107,0,0,1,0,0,0,0,0
NA,"Bacillota","Clostridia","Eubacteriales","Clostridiaceae","Clostridium","Clostridium phoceensis","Clostridium phoceensis",108,8,8,6,5,2,1,7,27
NA,"Bacillota","Clostridia","Lachnospirales","Lachnospiraceae","Lachnoclostridium","Clostridium scindens","[Clostridium] scindens",109,0,0,1,3,0,0,0,0
NA,"Bacillota","Clostridia","Lachnospirales","Lachnospiraceae","Lachnoclostridium","Clostridium symbiosum","[Clostridium] symbiosum",110,12,12,28,47,139,122,21,25
NA,"Actinomycetota","Coriobacteriia","Coriobacteriales","Coriobacteriaceae","Collinsella","Collinsella aerofaciens","Collinsella aerofaciens",111,2963,4558,7026,2703,1301,1184,709,2100
NA,"Actinomycetota","Coriobacteriia","Coriobacteriales","Coriobacteriaceae","Collinsella","Collinsella bouchesdurhonensis","Collinsella bouchesdurhonensis",112,0,0,0,0,0,0,11,2
NA,"Actinomycetota","Coriobacteriia","Coriobacteriales","Coriobacteriaceae","Collinsella","Collinsella ihumii","Collinsella ihumii",113,0,1,0,0,0,1,0,0
NA,"Actinomycetota","Coriobacteriia","Coriobacteriales","Coriobacteriaceae","Collinsella","Collinsella intestinalis","Collinsella intestinalis",114,1,0,0,0,0,0,0,0
NA,"Actinomycetota","Coriobacteriia","Coriobacteriales","Coriobacteriaceae","Collinsella","Collinsella stercoris","Collinsella stercoris",115,17,0,62,0,0,0,0,0
NA,"Pseudomonadota","Betaproteobacteria","Burkholderiales","Comamonadaceae","Comamonas","Comamonas kerstersii","Comamonas kerstersii",116,0,0,0,0,1,1,2,0
NA,"Pseudomonadota","Betaproteobacteria","Burkholderiales","Comamonadaceae","Comamonas","Comamonas testosteroni","Comamonas testosteroni",117,0,0,0,0,1,0,0,0
NA,"Bacteroidota","Bacteroidia","Bacteroidales","Barnesiellaceae","Coprobacter","Coprobacter fastidiosus","Coprobacter fastidiosus",118,1,0,1,0,0,0,2,1
NA,"Bacillota","Clostridia","Lachnospirales","Lachnospiraceae","Coprococcus","Coprococcus eutactus","Coprococcus eutactus",119,7,9,16,6,496,1309,841,839
NA,"Actinomycetota","Actinomycetes","Mycobacteriales","Corynebacteriaceae","Corynebacterium","Corynebacterium aurimucosum","Corynebacterium aurimucosum",120,0,0,0,0,0,0,1,0
NA,"Pseudomonadota","Gammaproteobacteria","Enterobacterales","Enterobacteriaceae","Cronobacter","Cronobacter sakazakii","Cronobacter sakazakii",121,0,0,0,0,0,2,1,2
NA,"Uroviricota","Caudoviricetes",NA,NA,"Cuauhtlivirus","Cuauhtlivirus mEpX1","Cuauhtlivirus mEpX1",122,0,0,0,0,1,1,0,0
NA,"Bacteroidota","Bacteroidia","Bacteroidales","Odoribacteraceae","Culturomica","Culturomica massiliensis","Culturomica massiliensis",123,0,0,0,0,4,6,11,0
NA,"Pseudomonadota","Betaproteobacteria","Burkholderiales","Burkholderiaceae","Cupriavidus","Cupriavidus basilensis","Cupriavidus basilensis",124,0,0,0,0,4,1,31,8
NA,"Pseudomonadota","Betaproteobacteria","Burkholderiales","Burkholderiaceae","Cupriavidus","Cupriavidus metallidurans","Cupriavidus metallidurans",125,0,0,0,0,108,329,1514,453
NA,"Bacillota","Clostridia","Eubacteriales","Clostridiaceae","Desnuesiella","Desnuesiella massiliensis","Desnuesiella massiliensis",126,0,0,0,0,0,0,0,1
NA,"Bacillota","Clostridia","Eubacteriales","Desulfitobacteriaceae","Desulfitobacterium","Desulfitobacterium dichloroeliminans","Desulfitobacterium dichloroeliminans",127,0,0,0,0,0,0,11,1
NA,"Thermodesulfobacteriota","Desulfovibrionia","Desulfovibrionales","Desulfovibrionaceae","Desulfovibrio","Desulfovibrio piger","Desulfovibrio piger",128,0,0,0,0,32,79,350,106
NA,"Bacillota","Negativicutes","Veillonellales","Veillonellaceae","Dialister","Dialister invisus","Dialister invisus",129,0,0,0,0,46,119,536,172
NA,"Bacillota","Negativicutes","Veillonellales","Veillonellaceae","Dialister","Dialister succinatiphilus","Dialister succinatiphilus",130,2,0,0,0,5,6,6,2
NA,"Pseudomonadota","Gammaproteobacteria","Enterobacterales","Pectobacteriaceae","Dickeya","Dickeya parazeae","Dickeya parazeae",131,0,0,0,0,0,0,0,1
NA,"Uroviricota","Caudoviricetes",NA,NA,"Diegovirus","Diegovirus dv7502Stx","Diegovirus dv7502Stx",132,0,0,0,0,3,1,0,0
NA,"Pseudomonadota","Alphaproteobacteria","Rhodobacterales","Roseobacteraceae","Donghicola","Donghicola eburneus","Donghicola eburneus",133,0,0,0,0,0,1,0,0
NA,"Bacillota","Clostridia","Lachnospirales","Lachnospiraceae","Dorea","Dorea formicigenerans","Dorea formicigenerans",134,21,0,0,0,222,657,1222,425
NA,"Bacillota","Clostridia","Lachnospirales","Lachnospiraceae","Dorea","Dorea longicatena","Dorea longicatena",135,0,0,0,0,752,1943,895,1337
NA,"Pseudomonadota","Gammaproteobacteria","Enterobacterales","Hafniaceae","Edwardsiella","Edwardsiella anguillarum","Edwardsiella anguillarum",136,0,0,0,0,0,2,1,1
NA,"Actinomycetota","Coriobacteriia","Eggerthellales","Eggerthellaceae","Eggerthella","Eggerthella lenta","Eggerthella lenta",137,0,0,0,0,51,134,952,169
NA,"Bacillota","Clostridia","Lachnospirales","Lachnospiraceae","Eisenbergiella","Eisenbergiella tayi","Eisenbergiella tayi",138,0,0,0,0,0,0,2,0
NA,"Bacillota","Clostridia","Peptostreptococcales","Anaerovoracaceae","Emergencia","Emergencia timonensis","Emergencia timonensis",139,0,0,0,0,2,17,67,20
NA,"Actinomycetota","Coriobacteriia","Coriobacteriales","Coriobacteriaceae","Enorma","Enorma massiliensis","Enorma massiliensis",140,0,0,0,0,1,0,0,0
NA,"Pseudomonadota","Gammaproteobacteria","Enterobacterales","Enterobacteriaceae","Enterobacter","Enterobacter hormaechei","Enterobacter hormaechei",141,0,0,0,0,1,0,41,5
NA,"Pseudomonadota","Gammaproteobacteria","Enterobacterales","Enterobacteriaceae","Enterobacter","Enterobacter kobei","Enterobacter kobei",142,0,0,0,0,0,1,1,6
NA,"Pseudomonadota","Gammaproteobacteria","Enterobacterales","Enterobacteriaceae","Pluralibacter","Enterobacter lignolyticus","[Enterobacter] lignolyticus",143,0,0,0,0,1,4,6,5
NA,"Uroviricota","Caudoviricetes",NA,NA,NA,"Enterobacteria phage cdtI","Enterobacteria phage cdtI",144,0,0,0,0,6,7,3,1
NA,"Uroviricota","Caudoviricetes",NA,NA,NA,"Enterobacteria phage mEp460","Enterobacteria phage mEp460",145,0,0,0,0,0,1,0,0
NA,"Bacillota","Clostridia","Lachnospirales","Lachnospiraceae","Enterocloster","Enterocloster asparagiformis","Enterocloster asparagiformis",146,0,0,0,0,5,4,1,0
NA,"Bacillota","Clostridia","Lachnospirales","Lachnospiraceae","Enterocloster","Enterocloster bolteae","Enterocloster bolteae",147,0,0,0,0,6,5,16,15
NA,"Bacillota","Clostridia","Lachnospirales","Lachnospiraceae","Enterocloster","Enterocloster citroniae","Enterocloster citroniae",148,0,0,0,1,1,1,0,0
NA,"Bacillota","Bacilli","Lactobacillales","Enterococcaceae","Enterococcus","Enterococcus asini","Enterococcus asini",149,0,0,0,0,0,0,1,0
NA,"Bacillota","Bacilli","Lactobacillales","Enterococcaceae","Enterococcus","Enterococcus casseliflavus","Enterococcus casseliflavus",150,0,0,0,0,0,0,4,1
NA,"Bacillota","Bacilli","Lactobacillales","Enterococcaceae","Enterococcus","Enterococcus cecorum","Enterococcus cecorum",151,0,0,0,0,0,0,1,1
NA,"Bacillota","Bacilli","Lactobacillales","Enterococcaceae","Enterococcus","Enterococcus faecalis","Enterococcus faecalis",152,0,0,0,0,0,0,10,0
NA,"Bacillota","Bacilli","Lactobacillales","Enterococcaceae","Enterococcus","Enterococcus faecium","Enterococcus faecium",153,0,0,0,0,40,108,686,149
NA,"Bacillota","Bacilli","Lactobacillales","Enterococcaceae","Enterococcus","Enterococcus gilvus","Enterococcus gilvus",154,0,0,0,0,2,2,3,8
NA,"Bacillota","Bacilli","Lactobacillales","Enterococcaceae","Enterococcus","Enterococcus hirae","Enterococcus hirae",155,0,0,0,0,0,0,3,0
NA,"Bacillota","Bacilli","Lactobacillales","Enterococcaceae","Enterococcus","Enterococcus italicus","Enterococcus italicus",156,0,0,0,0,0,0,4,0
NA,"Bacillota","Bacilli","Lactobacillales","Enterococcaceae","Enterococcus","Enterococcus malodoratus","Enterococcus malodoratus",157,0,0,0,0,1,0,2,0
NA,"Bacillota","Bacilli","Lactobacillales","Enterococcaceae","Enterococcus","Enterococcus mundtii","Enterococcus mundtii",158,0,0,0,0,0,0,0,1
NA,"Pseudomonadota","Gammaproteobacteria","Enterobacterales","Enterobacteriaceae","Entomohabitans","Entomohabitans teleogrylli","Entomohabitans teleogrylli",159,0,0,0,0,0,0,1,0
NA,"Pseudomonadota","Gammaproteobacteria","Enterobacterales","Erwiniaceae","Erwinia","Erwinia oleae","Erwinia oleae",160,0,0,0,0,0,0,0,1
NA,"Pseudomonadota","Gammaproteobacteria","Enterobacterales","Erwiniaceae","Erwinia","Erwinia tracheiphila","Erwinia tracheiphila",161,0,0,0,0,0,0,3,3
NA,"Uroviricota","Caudoviricetes",NA,NA,"Traversvirus","Escherichia Stx1 converting phage","Escherichia Stx1 converting phage",162,0,0,0,0,0,64,2,6
NA,"Uroviricota","Caudoviricetes",NA,NA,"Lambdavirus","Escherichia virus DE3","Escherichia virus DE3",163,0,0,0,0,0,1,0,0
NA,"Bacillota","Clostridia","Lachnospirales","Lachnospiraceae","Eshraghiella","Eshraghiella crossota","Eshraghiella crossota",164,3,56,1,55,352,1077,698,743
NA,"Bacillota","Clostridia","Eubacteriales","Eubacteriaceae","Eubacterium","Eubacterium coprostanoligenes","Eubacterium coprostanoligenes",165,4,0,2,2,4,1,0,0
NA,"Bacillota","Clostridia","Eubacteriales","Eubacteriaceae","Eubacterium","Eubacterium oxidoreducens","Eubacterium oxidoreducens",166,0,0,0,0,0,1,0,0
NA,"Bacillota","Clostridia","Eubacteriales","Eubacteriaceae","Eubacterium","Eubacterium pyruvativorans","Eubacterium pyruvativorans",167,0,1,0,2,0,0,0,0
NA,"Bacillota","Clostridia","Eubacteriales","Eubacteriaceae","Eubacterium","Eubacterium ramulus","Eubacterium ramulus",168,2,1,0,0,83,205,921,307
NA,"Bacillota","Clostridia","Eubacteriales","Eubacteriaceae","Eubacterium","Eubacterium ventriosum","Eubacterium ventriosum",169,3,0,0,7,67,178,624,257
NA,"Bacillota","Tissierellia",NA,NA,"Ezakiella","Ezakiella massiliensis","Ezakiella massiliensis",170,0,0,0,0,0,0,5,0
NA,"Bacillota","Clostridia","Eubacteriales","Oscillospiraceae","Faecalibacterium","Faecalibacterium duncaniae","Faecalibacterium duncaniae",171,915,1372,1003,1782,477,429,210,752
NA,"Bacillota","Clostridia","Lachnospirales","Lachnospiraceae","Faecalicatena","Faecalicatena contorta","Faecalicatena contorta",172,11,5,10,9,12,3,1,6
NA,"Bacillota","Erysipelotrichia","Erysipelotrichales","Erysipelotrichaceae","Faecalicoccus","Faecalicoccus pleomorphus","Faecalicoccus pleomorphus",173,10,17,3,23,5,14,2,4
NA,"Bacillota","Bacilli","Lactobacillales","Aerococcaceae","Falseniella","Falseniella ignava","Falseniella ignava",174,0,0,0,0,0,2,1,0
NA,"Uroviricota","Caudoviricetes",NA,"Peduoviridae","Felsduovirus","Felsduovirus RE2010","Felsduovirus RE2010",175,0,0,0,0,0,0,0,2
NA,"Bacillota","Tissierellia","Tissierellales","Peptoniphilaceae","Finegoldia","Finegoldia magna","Finegoldia magna",176,0,0,0,0,13,30,106,37
NA,"Bacillota","Clostridia","Eubacteriales","Oscillospiraceae","Flavonifractor","Flavonifractor plautii","Flavonifractor plautii",177,22,15,17,51,98,266,824,355
NA,"Ascomycota","Sordariomycetes","Hypocreales","Nectriaceae","Fusarium","Fusarium proliferatum","Fusarium proliferatum",178,0,0,0,0,0,0,1,0
NA,"Bacillota","Clostridia","Lachnospirales","Lachnospiraceae","Fusicatenibacter","Fusicatenibacter saccharivorans","Fusicatenibacter saccharivorans",179,4,0,6,12,1313,2927,793,1801
NA,"Bacillota","Clostridia","Eubacteriales",NA,"Gemmiger","Gemmiger formicilis","Gemmiger formicilis",180,47,96,65,117,136,320,840,481
NA,"Bacteroidota","Bacteroidia","Marinilabiliales","Marinilabiliaceae","Geofilum","Geofilum rubicundum","Geofilum rubicundum",181,0,0,0,1,0,0,0,0
NA,"Actinomycetota","Coriobacteriia","Eggerthellales","Eggerthellaceae","Gordonibacter","Gordonibacter pamelaeae","Gordonibacter pamelaeae",182,44,0,0,35,44,114,876,165
NA,"Pseudomonadota","Gammaproteobacteria","Pasteurellales","Pasteurellaceae","Haemophilus","Haemophilus sputorum","Haemophilus sputorum",183,0,0,0,0,1,7,25,0
NA,"Bacteroidota","Bacteroidia","Bacteroidales","Prevotellaceae","Hallella","Hallella bergensis","Hallella bergensis",184,0,0,0,0,4,3,9,20
NA,"Bacillota","Tissierellia","Tissierellales","Peptoniphilaceae","Helcococcus","Helcococcus kunzii","Helcococcus kunzii",185,0,0,0,0,0,0,4,0
NA,"Bacillota","Tissierellia","Tissierellales","Peptoniphilaceae","Helcococcus","Helcococcus sueciensis","Helcococcus sueciensis",186,0,0,0,0,0,1,0,0
NA,"Bacillota","Clostridia","Lachnospirales","Lachnospiraceae","Hespellia","Hespellia stercorisuis","Hespellia stercorisuis",187,0,0,0,0,1,10,2,1
NA,"Bacillota","Bacilli","Bacillales","Bacillaceae","Heyndrickxia","Heyndrickxia acidiproducens","Heyndrickxia acidiproducens",188,0,2,0,0,0,0,1,0
NA,"Bacillota","Erysipelotrichia","Erysipelotrichales","Erysipelotrichaceae","Holdemanella","Holdemanella biformis","Holdemanella biformis",189,0,0,0,0,98,250,588,350
NA,"Bacillota","Erysipelotrichia","Erysipelotrichales","Erysipelotrichaceae","Holdemania","Holdemania massiliensis","Holdemania massiliensis",190,2,13,4,4,3,7,0,8
NA,"Bacteroidota","Bacteroidia","Bacteroidales","Prevotellaceae","Hoylesella","Hoylesella buccalis","Hoylesella buccalis",191,0,0,0,0,38,128,442,196
NA,"Bacteroidota","Bacteroidia","Bacteroidales","Prevotellaceae","Hoylesella","Hoylesella enoeca","Hoylesella enoeca",192,0,0,0,0,0,2,0,3
NA,"Bacteroidota","Bacteroidia","Bacteroidales","Prevotellaceae","Hoylesella","Hoylesella marshii","Hoylesella marshii",193,0,0,0,0,0,2,0,3
NA,"Bacteroidota","Bacteroidia","Bacteroidales","Prevotellaceae","Hoylesella","Hoylesella nanceiensis","Hoylesella nanceiensis",194,0,0,1,0,2,5,3,2
NA,"Bacteroidota","Bacteroidia","Bacteroidales","Prevotellaceae","Hoylesella","Hoylesella oralis","Hoylesella oralis",195,0,0,0,0,0,0,1,0
NA,"Bacteroidota","Bacteroidia","Bacteroidales","Prevotellaceae","Hoylesella","Hoylesella shahii","Hoylesella shahii",196,0,0,0,0,1,1,0,0
NA,"Bacteroidota","Bacteroidia","Bacteroidales","Prevotellaceae","Hoylesella","Hoylesella timonensis","Hoylesella timonensis",197,0,0,0,0,78,118,1148,132
NA,"Bacillota","Clostridia","Lachnospirales","Lachnospiraceae","Hungatella","Hungatella hathewayi","Hungatella hathewayi",198,4,1,1,0,0,23,9,15
NA,"Bacillota","Clostridia","Peptostreptococcales","Peptostreptococcaceae","Intestinibacter","Intestinibacter bartlettii","Intestinibacter bartlettii",199,0,0,0,0,66,167,845,250
NA,"Bacillota","Clostridia","Eubacteriales",NA,"Intestinimonas","Intestinimonas butyriciproducens","Intestinimonas butyriciproducens",200,0,1,2,0,1,0,0,0
NA,"Bacillota","Clostridia","Lachnospirales","Lachnospiraceae","Johnsonella","Johnsonella ignava","Johnsonella ignava",201,0,1,8,6,0,1,1,0
NA,"Pseudomonadota","Alphaproteobacteria","Hyphomicrobiales","Kaistiaceae","Kaistia","Kaistia adipata","Kaistia adipata",202,0,0,0,0,0,1,0,4
NA,"Bacillota","Erysipelotrichia","Erysipelotrichales","Coprobacillaceae","Kandleria","Kandleria vitulina","Kandleria vitulina",203,0,0,0,0,1,0,9,3
NA,"Pseudomonadota","Gammaproteobacteria","Enterobacterales","Enterobacteriaceae","Kluyvera","Kluyvera ascorbata","Kluyvera ascorbata",204,0,0,0,0,1,1,3,4
NA,"Pseudomonadota","Gammaproteobacteria","Enterobacterales","Enterobacteriaceae","Kluyvera","Kluyvera cryocrescens","Kluyvera cryocrescens",205,0,0,0,0,0,0,5,3
NA,"Pseudomonadota","Gammaproteobacteria","Enterobacterales","Enterobacteriaceae","Kosakonia","Kosakonia cowanii","Kosakonia cowanii",206,0,0,0,0,0,0,4,25
NA,"Pseudomonadota","Gammaproteobacteria","Enterobacterales","Enterobacteriaceae","Kosakonia","Kosakonia sacchari","Kosakonia sacchari",207,0,0,0,0,0,0,3,0
NA,"Uroviricota","Caudoviricetes",NA,NA,"Kwaitsingvirus","Kwaitsingvirus HK544","Kwaitsingvirus HK544",208,0,0,0,0,2,0,0,1
NA,"Bacillota","Clostridia","Lachnospirales","Lachnospiraceae","Lachnoanaerobaculum","Lachnoanaerobaculum saburreum","Lachnoanaerobaculum saburreum",209,5,5,0,6,0,0,2,1
NA,"Bacillota","Clostridia","Lachnospirales","Lachnospiraceae","Lachnobacterium","Lachnobacterium bovis","Lachnobacterium bovis",210,0,0,0,0,0,0,1,0
NA,"Bacillota","Clostridia","Lachnospirales","Lachnospiraceae","Lachnoclostridium","Lachnoclostridium phocaeense","Lachnoclostridium phocaeense",211,2,7,0,1,0,7,6,2
NA,"Bacillota","Clostridia","Lachnospirales","Lachnospiraceae","Lachnospira","Lachnospira eligens","Lachnospira eligens",212,0,0,0,0,537,1403,820,843
NA,"Bacillota","Clostridia","Lachnospirales","Lachnospiraceae","Lachnospira","Lachnospira multipara","Lachnospira multipara",213,0,0,0,0,260,684,530,411
NA,"Bacillota","Bacilli","Lactobacillales","Lactobacillaceae","Lactobacillus","Lactobacillus amylovorus","Lactobacillus amylovorus",214,3,0,0,8,0,0,0,0
NA,"Bacillota","Clostridia","Eubacteriales","Clostridiaceae","Lactonifactor","Lactonifactor longoviformis","Lactonifactor longoviformis",215,0,0,2,0,8,10,0,0
NA,"Uroviricota","Caudoviricetes",NA,NA,"Lambdavirus","Lambdavirus HK629","Lambdavirus HK629",216,0,0,0,0,0,0,5,0
NA,"Uroviricota","Caudoviricetes",NA,NA,"Lambdavirus","Lambdavirus HK630","Lambdavirus HK630",217,0,0,0,0,5,0,0,0
NA,"Uroviricota","Caudoviricetes",NA,NA,"Lambdavirus","Lambdavirus lambda","Lambdavirus lambda",218,0,0,0,0,0,11,0,0
NA,"Pseudomonadota","Gammaproteobacteria","Chromatiales","Chromatiaceae","Lamprocystis","Lamprocystis purpurea","Lamprocystis purpurea",219,0,0,0,0,1,0,0,0
NA,"Bacteroidota","Bacteroidia","Bacteroidales","Lentimicrobiaceae","Lentimicrobium","Lentimicrobium saccharophilum","Lentimicrobium saccharophilum",220,0,0,0,0,0,1,0,0
NA,"Bacillota","Clostridia","Eubacteriales",NA,"Levyella","Levyella massiliensis","Levyella massiliensis",221,0,0,0,0,6,0,0,0
NA,"Bacteroidota","Bacteroidia","Bacteroidales","Prevotellaceae","Leyella","Leyella stercorea","Leyella stercorea",222,12,16,31,8,248,677,713,473
NA,"Bacillota","Bacilli","Lactobacillales","Lactobacillaceae","Ligilactobacillus","Ligilactobacillus agilis","Ligilactobacillus agilis",223,0,0,0,0,0,0,4,0
NA,"Bacillota","Bacilli","Lactobacillales","Lactobacillaceae","Ligilactobacillus","Ligilactobacillus ruminis","Ligilactobacillus ruminis",224,0,0,0,0,51,133,580,193
NA,"Bacillota","Bacilli","Lactobacillales","Lactobacillaceae","Limosilactobacillus","Limosilactobacillus mucosae","Limosilactobacillus mucosae",225,0,0,0,0,0,2,0,0
NA,"Pseudomonadota","Gammaproteobacteria","Enterobacterales","Enterobacteriaceae","Mangrovibacter","Mangrovibacter phragmitis","Mangrovibacter phragmitis",226,0,0,0,0,0,3,0,0
NA,"Uroviricota","Caudoviricetes",NA,NA,"Marienburgvirus","Marienburgvirus BP4795","Marienburgvirus BP4795",227,0,0,0,0,0,21,7,2
NA,"Planctomycetota","Planctomycetia","Pirellulales","Pirellulaceae","Mariniblastus","Mariniblastus fucicola","Mariniblastus fucicola",228,0,0,0,0,2,0,0,0
NA,"Bacillota","Bacilli","Lactobacillales","Carnobacteriaceae","Marinilactibacillus","Marinilactibacillus piezotolerans","Marinilactibacillus piezotolerans",229,0,0,3,0,0,0,0,2
NA,"Bacillota","Clostridia","Lachnospirales","Lachnospiraceae","Marvinbryantia","Marvinbryantia formatexigens","Marvinbryantia formatexigens",230,0,2,0,2,0,2,5,3
NA,"Bacteroidota","Bacteroidia","Bacteroidales","Bacteroidaceae","Mediterranea","Mediterranea massiliensis","Mediterranea massiliensis",231,0,0,1,0,3,6,78,1
NA,"Bacillota","Clostridia","Lachnospirales","Lachnospiraceae","Mediterraneibacter","Mediterraneibacter gnavus","Mediterraneibacter gnavus",232,0,1,1,4,143,357,611,457
NA,"Bacillota","Negativicutes","Veillonellales","Veillonellaceae","Megasphaera","Megasphaera elsdenii","Megasphaera elsdenii",233,0,0,0,0,32,77,569,87
NA,"Bacillota","Erysipelotrichia","Erysipelotrichales","Erysipelotrichaceae","Merdibacter","Merdibacter massiliensis","Merdibacter massiliensis",234,0,1,0,0,1,5,13,3
NA,"Bacillota","Clostridia","Eubacteriales","Oscillospiraceae","Merdimmobilis","Merdimmobilis hominis","Merdimmobilis hominis",235,0,1,1,1,0,0,0,1
NA,"Bacillota","Clostridia","Lachnospirales","Lachnospiraceae","Merdimonas","Merdimonas faecis","Merdimonas faecis",236,0,1,1,0,0,19,4,24
NA,"Pseudomonadota","Gammaproteobacteria","Methylococcales","Methylococcaceae","Methyloglobulus","Methyloglobulus morosus","Methyloglobulus morosus",237,0,0,0,0,1,0,0,0
NA,"Bacillota","Tissierellia","Tissierellales","Peptoniphilaceae","Murdochiella","Murdochiella massiliensis","Murdochiella massiliensis",238,0,0,0,0,0,0,0,1
NA,"Bacteroidota","Bacteroidia","Bacteroidales","Muribaculaceae","Muribaculum","Muribaculum intestinale","Muribaculum intestinale",239,0,0,0,0,0,3,2,1
NA,"Pseudomonadota","Gammaproteobacteria","Enterobacterales","Pectobacteriaceae","Musicola","Musicola paradisiaca","Musicola paradisiaca",240,0,0,0,0,1,0,0,0
NA,"Bacillota",NA,NA,NA,"Negativibacillus","Negativibacillus massiliensis","Negativibacillus massiliensis",241,0,0,0,0,3,14,2,3
NA,"Bacillota","Clostridia","Eubacteriales","Oscillospiraceae","Neglectibacter","Neglectibacter timonensis","Neglectibacter timonensis",242,0,0,0,0,0,5,1,0
NA,"Bacillota","Clostridia","Eubacteriales",NA,"Neofamilia","Neofamilia massiliensis","Neofamilia massiliensis",243,0,0,0,0,0,1,0,3
NA,"Thermomicrobiota","Thermomicrobia","Sphaerobacterales","Sphaerobacteraceae","Nitrolancea","Nitrolancea hollandica","Nitrolancea hollandica",244,0,0,0,0,0,0,0,1
NA,"Pseudomonadota","Gammaproteobacteria","Enterobacterales","Hafniaceae","Obesumbacterium","Obesumbacterium proteus","Obesumbacterium proteus",245,0,0,0,0,0,0,0,1
NA,"Fusobacteriota","Fusobacteriia","Fusobacteriales","Leptotrichiaceae","Oceanivirga","Oceanivirga salmonicida","Oceanivirga salmonicida",246,0,0,0,0,0,0,3,1
NA,"Pseudomonadota","Gammaproteobacteria","Oceanospirillales","Oceanospirillaceae","Oceanospirillum","Oceanospirillum linum","Oceanospirillum linum",247,0,0,0,0,0,0,0,1
NA,"Bacteroidota","Bacteroidia","Bacteroidales","Odoribacteraceae","Odoribacter","Odoribacter laneus","Odoribacter laneus",248,0,0,0,0,2,0,1,1
NA,"Bacteroidota","Bacteroidia","Bacteroidales","Odoribacteraceae","Odoribacter","Odoribacter splanchnicus","Odoribacter splanchnicus",249,0,0,1,0,315,839,1245,519
NA,"Actinomycetota","Coriobacteriia","Coriobacteriales","Coriobacteriaceae","Olegusella","Olegusella massiliensis","Olegusella massiliensis",250,0,0,0,0,1,1,0,0
NA,"Bacillota","Clostridia","Lachnospirales","Lachnospiraceae","Oribacterium","Oribacterium parvum","Oribacterium parvum",251,0,1,0,1,1,0,0,0
NA,"Uroviricota","Caudoviricetes",NA,NA,"Oslovirus","Oslovirus ov191","Oslovirus ov191",252,0,0,0,0,0,0,0,1
NA,"Uroviricota","Caudoviricetes",NA,NA,"Oslovirus","Oslovirus PA2","Oslovirus PA2",253,0,0,0,0,0,0,0,38
NA,"Uroviricota","Caudoviricetes",NA,NA,"Oslovirus","Oslovirus TL2011","Oslovirus TL2011",254,0,0,0,0,10,1,0,0
NA,"Pseudomonadota","Betaproteobacteria","Burkholderiales","Oxalobacteraceae","Oxalobacter","Oxalobacter paraformigenes","Oxalobacter paraformigenes",255,3,1,1,3,1,0,0,0
NA,"Uroviricota","Caudoviricetes",NA,NA,"Pankowvirus","Pankowvirus pv1717","Pankowvirus pv1717",256,0,0,0,0,2,161,10,4
NA,"Uroviricota","Caudoviricetes",NA,NA,"Pankowvirus","Pankowvirus YYZ2008","Pankowvirus YYZ2008",257,0,0,0,0,17,80,0,46
NA,"Bacteroidota","Bacteroidia","Bacteroidales","Tannerellaceae","Parabacteroides","Parabacteroides distasonis","Parabacteroides distasonis",258,6,1,18,24,815,2056,1200,1221
NA,"Bacteroidota","Bacteroidia","Bacteroidales","Tannerellaceae","Parabacteroides","Parabacteroides goldsteinii","Parabacteroides goldsteinii",259,0,0,0,0,4,26,3,12
NA,"Bacteroidota","Bacteroidia","Bacteroidales","Tannerellaceae","Parabacteroides","Parabacteroides johnsonii","Parabacteroides johnsonii",260,26,39,87,21,199,286,231,228
NA,"Pseudomonadota","Betaproteobacteria","Burkholderiales","Burkholderiaceae","Paraburkholderia","Paraburkholderia kururiensis","Paraburkholderia kururiensis",261,0,0,0,0,1,0,0,0
NA,"Pseudomonadota","Alphaproteobacteria","Rhodobacterales","Paracoccaceae","Paracoccus","Paracoccus alcaliphilus","Paracoccus alcaliphilus",262,0,0,0,0,0,1,1,0
NA,"Actinomycetota","Coriobacteriia","Coriobacteriales","Atopobiaceae","Parafannyhessea","Parafannyhessea umbonata","Parafannyhessea umbonata",263,0,0,0,0,0,1,0,2
NA,"Bacteroidota","Sphingobacteriia","Sphingobacteriales","Sphingobacteriaceae","Parapedobacter","Parapedobacter indicus","Parapedobacter indicus",264,0,0,0,0,2,0,3,0
NA,"Bacteroidota","Bacteroidia","Bacteroidales","Prevotellaceae","Paraprevotella","Paraprevotella xylaniphila","Paraprevotella xylaniphila",265,7,5,1,5,86,169,910,263
NA,"Pseudomonadota","Betaproteobacteria","Burkholderiales","Sutterellaceae","Parasutterella","Parasutterella excrementihominis","Parasutterella excrementihominis",266,7,0,0,0,76,193,795,284
NA,"Actinomycetota","Coriobacteriia","Coriobacteriales","Atopobiaceae","Parolsenella","Parolsenella massiliensis","Parolsenella massiliensis",267,0,0,0,0,0,0,1,0
NA,"Bacillota","Tissierellia","Tissierellales","Peptoniphilaceae","Peptoniphilus","Peptoniphilus faecalis","Peptoniphilus faecalis",268,0,0,0,0,0,0,3,0
NA,"Bacillota","Tissierellia","Tissierellales","Peptoniphilaceae","Peptoniphilus","Peptoniphilus grossensis","Peptoniphilus grossensis",269,0,0,0,0,0,0,3,0
NA,"Bacillota","Tissierellia","Tissierellales","Peptoniphilaceae","Peptoniphilus","Peptoniphilus obesi","Peptoniphilus obesi",270,0,0,0,0,0,0,6,0
NA,"Bacillota","Tissierellia","Tissierellales","Peptoniphilaceae","Peptoniphilus","Peptoniphilus senegalensis","Peptoniphilus senegalensis",271,0,0,0,0,0,0,1,0
NA,"Bacillota","Clostridia","Peptostreptococcales","Peptostreptococcaceae","Peptostreptococcus","Peptostreptococcus anaerobius","Peptostreptococcus anaerobius",272,0,0,0,0,0,2,4,3
NA,"Bacteroidota","Bacteroidia","Bacteroidales","Dysgonomonadaceae","Petrimonas","Petrimonas mucosa","Petrimonas mucosa",273,0,0,0,0,0,0,1,0
NA,"Bacillota","Negativicutes","Acidaminococcales","Acidaminococcaceae","Phascolarctobacterium","Phascolarctobacterium succinatutens","Phascolarctobacterium succinatutens",274,0,0,0,0,168,452,542,291
NA,"Bacteroidota","Bacteroidia","Bacteroidales","Bacteroidaceae","Phocaeicola","Phocaeicola barnesiae","Phocaeicola barnesiae",275,3,3,6,3,4,1,3,3
NA,"Bacteroidota","Bacteroidia","Bacteroidales","Bacteroidaceae","Phocaeicola","Phocaeicola coprocola","Phocaeicola coprocola",276,19,34,0,0,120,311,974,420
NA,"Bacteroidota","Bacteroidia","Bacteroidales","Bacteroidaceae","Phocaeicola","Phocaeicola coprophilus","Phocaeicola coprophilus",277,1,2,4,1,122,4,266,9
NA,"Bacteroidota","Bacteroidia","Bacteroidales","Bacteroidaceae","Phocaeicola","Phocaeicola paurosaccharolyticus","Phocaeicola paurosaccharolyticus",278,0,0,0,0,0,1,3,0
NA,"Bacteroidota","Bacteroidia","Bacteroidales","Bacteroidaceae","Phocaeicola","Phocaeicola plebeius","Phocaeicola plebeius",279,92,162,275,64,815,2158,1177,1338
NA,"Bacteroidota","Bacteroidia","Bacteroidales","Bacteroidaceae","Phocaeicola","Phocaeicola salanitronis","Phocaeicola salanitronis",280,0,0,1,0,15,0,4,0
NA,"Bacteroidota","Bacteroidia","Bacteroidales","Bacteroidaceae","Phocaeicola","Phocaeicola vulgatus","Phocaeicola vulgatus",281,13946,20989,23586,24193,6094,5495,2640,9939
NA,"Actinomycetota","Coriobacteriia","Eggerthellales","Eggerthellaceae","Phoenicibacter","Phoenicibacter congonensis","Phoenicibacter congonensis",282,0,0,0,0,0,1,1,1
NA,"Pseudomonadota","Gammaproteobacteria","Enterobacterales","Enterobacteriaceae","Pluralibacter","Pluralibacter gergoviae","Pluralibacter gergoviae",283,0,0,0,0,14,3,0,4
NA,"Bacillota","Bacilli","Bacillales","Bacillaceae","Pontibacillus","Pontibacillus litoralis","Pontibacillus litoralis",284,0,0,0,0,0,0,0,3
NA,"Bacteroidota","Bacteroidia","Bacteroidales","Porphyromonadaceae","Porphyromonas","Porphyromonas bennonis","Porphyromonas bennonis",285,0,0,0,0,0,1,0,0
NA,"Bacteroidota","Bacteroidia","Bacteroidales","Porphyromonadaceae","Porphyromonas","Porphyromonas cangingivalis","Porphyromonas cangingivalis",286,0,0,0,0,0,1,1,0
NA,"Bacteroidota","Bacteroidia","Bacteroidales","Porphyromonadaceae","Porphyromonas","Porphyromonas circumdentaria","Porphyromonas circumdentaria",287,0,0,0,0,0,1,0,0
NA,"Bacteroidota","Bacteroidia","Bacteroidales","Porphyromonadaceae","Porphyromonas","Porphyromonas endodontalis","Porphyromonas endodontalis",288,0,0,0,0,1,0,0,0
NA,"Bacteroidota","Bacteroidia","Bacteroidales","Porphyromonadaceae","Porphyromonas","Porphyromonas gingivalis","Porphyromonas gingivalis",289,0,1,0,0,0,0,0,1
NA,"Bacteroidota","Bacteroidia","Bacteroidales","Porphyromonadaceae","Porphyromonas","Porphyromonas levii","Porphyromonas levii",290,0,0,0,0,0,5,2,2
NA,"Bacteroidota","Bacteroidia","Bacteroidales","Porphyromonadaceae","Porphyromonas","Porphyromonas somerae","Porphyromonas somerae",291,0,1,0,0,0,0,0,2
NA,"Bacteroidota","Bacteroidia","Bacteroidales","Prevotellaceae","Prevotella","Prevotella amnii","Prevotella amnii",292,0,11,1,0,1,11,0,23
NA,"Bacteroidota","Bacteroidia","Bacteroidales","Prevotellaceae","Prevotella","Prevotella bivia","Prevotella bivia",293,0,0,0,0,108,255,681,377
NA,"Bacteroidota","Bacteroidia","Bacteroidales","Prevotellaceae","Prevotella","Prevotella corporis","Prevotella corporis",294,0,0,0,0,40,166,680,282
NA,"Bacteroidota","Bacteroidia","Bacteroidales","Prevotellaceae","Prevotella","Prevotella dentalis","Prevotella dentalis",295,0,0,0,0,4,5,0,1
NA,"Bacteroidota","Bacteroidia","Bacteroidales","Prevotellaceae","Prevotella","Prevotella dentasini","Prevotella dentasini",296,0,0,0,0,3,1,0,0
NA,"Bacteroidota","Bacteroidia","Bacteroidales","Prevotellaceae","Prevotella","Prevotella disiens","Prevotella disiens",297,0,0,0,0,30,197,934,154
NA,"Bacteroidota","Bacteroidia","Bacteroidales","Prevotellaceae","Prevotella","Prevotella falsenii","Prevotella falsenii",298,0,0,0,0,0,9,1,8
NA,"Bacteroidota","Bacteroidia","Bacteroidales","Prevotellaceae","Prevotella","Prevotella ihumii","Prevotella ihumii",299,0,0,0,0,1,1,8,19
NA,"Bacteroidota","Bacteroidia","Bacteroidales","Prevotellaceae","Prevotella","Prevotella intermedia","Prevotella intermedia",300,0,0,0,0,0,0,8,2
NA,"Bacteroidota","Bacteroidia","Bacteroidales","Prevotellaceae","Prevotella","Prevotella micans","Prevotella micans",301,0,0,0,0,0,1,0,3
NA,"Bacteroidota","Bacteroidia","Bacteroidales","Prevotellaceae","Prevotella","Prevotella multiformis","Prevotella multiformis",302,0,0,0,0,1,0,0,5
NA,"Bacteroidota","Bacteroidia","Bacteroidales","Prevotellaceae","Prevotella","Prevotella nigrescens","Prevotella nigrescens",303,0,0,0,0,1,0,0,4
NA,"Bacteroidota","Bacteroidia","Bacteroidales","Prevotellaceae","Prevotella","Prevotella pallens","Prevotella pallens",304,0,0,0,0,3,3,0,1
NA,"Bacteroidota","Bacteroidia","Bacteroidales","Prevotellaceae","Prevotella","Prevotella scopos","Prevotella scopos",305,0,0,0,0,2,0,0,0
NA,"Bacteroidota","Bacteroidia","Bacteroidales","Prevotellaceae","Prevotella","Prevotella veroralis","Prevotella veroralis",306,0,0,0,0,0,0,1,3
NA,"Bacteroidota","Bacteroidia","Bacteroidales","Prevotellaceae","Prevotellamassilia","Prevotellamassilia timonensis","Prevotellamassilia timonensis",307,0,0,1,0,1,1,15,4
NA,"Bacillota","Clostridia","Eubacteriales","Oscillospiraceae","Provencibacterium","Provencibacterium massiliense","Provencibacterium massiliense",308,0,1,0,1,1,0,0,1
NA,"Bacillota","Clostridia","Eubacteriales","Oscillospiraceae","Pseudoflavonifractor","Pseudoflavonifractor capillosus","Pseudoflavonifractor capillosus",309,0,2,6,1,1,5,23,18
NA,"Pseudomonadota","Gammaproteobacteria","Pseudomonadales","Pseudomonadaceae","Pseudomonas","Pseudomonas saudimassiliensis","Pseudomonas saudimassiliensis",310,0,0,0,0,0,0,1,0
NA,"Uroviricota","Caudoviricetes",NA,NA,"Punavirus","Punavirus RCS47","Punavirus RCS47",311,0,0,0,0,2,0,6,5
NA,"Uroviricota","Caudoviricetes",NA,NA,"Punavirus","Punavirus SJ46","Punavirus SJ46",312,0,0,0,0,0,2,8,10
NA,"Pseudomonadota","Betaproteobacteria","Burkholderiales","Burkholderiaceae","Ralstonia","Ralstonia mannitolilytica","Ralstonia mannitolilytica",313,0,0,0,0,0,1,0,0
NA,"Actinomycetota","Actinomycetes","Mycobacteriales","Nocardiaceae","Rhodococcoides","Rhodococcoides kyotonense","Rhodococcoides kyotonense",314,0,0,0,0,1,0,0,0
NA,"Pseudomonadota","Alphaproteobacteria","Hyphomicrobiales","Nitrobacteraceae","Rhodopseudomonas","Rhodopseudomonas palustris","Rhodopseudomonas palustris",315,0,0,0,0,2,0,0,0
NA,"Bacteroidota","Flavobacteriia","Flavobacteriales","Weeksellaceae","Riemerella","Riemerella columbina","Riemerella columbina",316,0,0,2,0,0,0,0,0
NA,"Bacteroidota","Bacteroidia","Bacteroidales","Rikenellaceae","Rikenella","Rikenella microfusus","Rikenella microfusus",317,19,8,114,14,0,0,1,3
NA,"Bacillota","Clostridia","Lachnospirales","Lachnospiraceae","Robinsoniella","Robinsoniella peoriensis","Robinsoniella peoriensis",318,0,0,0,0,0,5,0,0
NA,"Bacillota","Clostridia","Lachnospirales","Lachnospiraceae","Roseburia","Roseburia faecis","Roseburia faecis",319,15,60,19,33,1241,3398,768,1688
NA,"Bacillota","Clostridia","Lachnospirales","Lachnospiraceae","Roseburia","Roseburia hominis","Roseburia hominis",320,50,49,49,33,201,883,961,771
NA,"Bacillota","Clostridia","Lachnospirales","Lachnospiraceae","Roseburia","Roseburia intestinalis","Roseburia intestinalis",321,2,12,0,25,437,1215,1420,1085
NA,"Bacillota","Clostridia","Lachnospirales","Lachnospiraceae","Roseburia","Roseburia inulinivorans","Roseburia inulinivorans",322,9,15,12,20,602,1194,875,713
NA,"Bacillota","Clostridia","Eubacteriales","Oscillospiraceae","Ruminiclostridium","Ruminiclostridium josui","Ruminiclostridium josui",323,3,0,3,0,0,2,0,4
NA,"Bacillota","Clostridia","Eubacteriales","Oscillospiraceae","Ruminococcus","Ruminococcus bicirculans (ex Wegman et al. 2014)","Ruminococcus bicirculans (ex Wegman et al. 2014)",324,0,0,0,0,1,4,2,3
NA,"Bacillota","Clostridia","Eubacteriales","Oscillospiraceae","Ruminococcus","Ruminococcus callidus","Ruminococcus callidus",325,23,7,3,10,0,4,3,0
NA,"Bacillota","Clostridia","Eubacteriales","Oscillospiraceae","Ruminococcus","Ruminococcus gauvreauii","Ruminococcus gauvreauii",326,0,3,1,4,0,0,0,0
NA,"Bacillota","Clostridia","Lachnospirales","Lachnospiraceae","Mediterraneibacter","Ruminococcus lactaris","[Ruminococcus] lactaris",327,0,0,0,0,196,629,745,345
NA,"Bacillota","Clostridia","Eubacteriales","Oscillospiraceae","Ruminococcus","Ruminococcus sp. YE282","Ruminococcus sp. YE282",328,3,3,7,5,1,1,0,1
NA,"Bacillota","Clostridia","Lachnospirales","Lachnospiraceae","Mediterraneibacter","Ruminococcus torques","[Ruminococcus] torques",329,0,0,0,0,485,1275,668,802
NA,"Bacillota","Clostridia","Eubacteriales","Oscillospiraceae","Ruthenibacterium","Ruthenibacterium lactatiformans","Ruthenibacterium lactatiformans",330,12,15,10,29,163,407,1092,591
NA,"Uroviricota","Caudoviricetes",NA,NA,"Saikungvirus","Saikungvirus HK633","Saikungvirus HK633",331,0,0,0,0,2,0,0,0
NA,"Pseudomonadota","Gammaproteobacteria","Enterobacterales","Enterobacteriaceae","Salmonella","Salmonella enterica","Salmonella enterica",332,0,0,0,0,4,16,11,2
NA,"Bacteroidota","Bacteroidia","Bacteroidales","Porphyromonadaceae","Sanguibacteroides","Sanguibacteroides justesenii","Sanguibacteroides justesenii",333,0,0,0,0,0,5,16,4
NA,"Actinomycetota","Actinomycetes","Actinomycetales","Actinomycetaceae","Schaalia","Schaalia turicensis","Schaalia turicensis",334,2,0,0,0,0,0,0,0
NA,"Bacteroidota","Bacteroidia","Bacteroidales","Prevotellaceae","Segatella","Segatella albensis","Segatella albensis",335,0,0,0,0,0,0,1,0
NA,"Bacteroidota","Bacteroidia","Bacteroidales","Prevotellaceae","Segatella","Segatella baroniae","Segatella baroniae",336,0,0,0,0,0,2,0,3
NA,"Bacteroidota","Bacteroidia","Bacteroidales","Prevotellaceae","Segatella","Segatella copri","Segatella copri",337,50307,25232,10259,23680,49684,4788,996,8468
NA,"Bacteroidota","Bacteroidia","Bacteroidales","Prevotellaceae","Segatella","Segatella salivae","Segatella salivae",338,0,0,0,0,3,2,0,0
NA,"Bacillota","Clostridia","Lachnospirales","Lachnospiraceae","Sellimonas","Sellimonas intestinalis","Sellimonas intestinalis",339,0,0,0,0,0,62,1,6
NA,"Actinomycetota","Coriobacteriia","Coriobacteriales","Coriobacteriaceae","Senegalimassilia","Senegalimassilia anaerobia","Senegalimassilia anaerobia",340,0,0,0,0,0,1,3,0
NA,"Pseudomonadota","Gammaproteobacteria","Enterobacterales","Yersiniaceae","Serratia","Serratia rubidaea","Serratia rubidaea",341,0,0,0,0,0,0,2,0
NA,"Uroviricota","Caudoviricetes",NA,NA,"Shamshuipovirus","Shamshuipovirus HK022","Shamshuipovirus HK022",342,0,0,0,0,0,4,0,0
NA,"Bacillota","Erysipelotrichia","Erysipelotrichales","Coprobacillaceae","Sharpea","Sharpea azabuensis","Sharpea azabuensis",343,0,0,0,0,1,7,0,1
NA,"Pseudomonadota","Gammaproteobacteria","Enterobacterales","Enterobacteriaceae","Shigella","Shigella dysenteriae","Shigella dysenteriae",344,0,0,0,0,1014,2585,88,1691
NA,"Pseudomonadota","Gammaproteobacteria","Enterobacterales","Enterobacteriaceae","Shigella","Shigella flexneri","Shigella flexneri",345,0,0,0,0,80,210,1233,129
NA,"Uroviricota","Caudoviricetes",NA,NA,NA,"Shigella phage SfII","Shigella phage SfII",346,0,0,0,0,0,1,0,0
NA,"Actinomycetota","Coriobacteriia","Eggerthellales","Eggerthellaceae","Slackia","Slackia exigua","Slackia exigua",347,0,0,0,0,0,0,0,1
NA,"Actinomycetota","Coriobacteriia","Eggerthellales","Eggerthellaceae","Slackia","Slackia piriformis","Slackia piriformis",348,0,0,0,0,0,1,0,0
NA,"Bacillota","Erysipelotrichia","Erysipelotrichales","Erysipelotrichaceae","Solobacterium","Solobacterium moorei","Solobacterium moorei",349,0,0,0,1,3,1,0,0
NA,"Bacillota","Bacilli","Bacillales","Planococcaceae","Sporosarcina","Sporosarcina koreensis","Sporosarcina koreensis",350,0,0,0,0,2,1,3,2
NA,"Bacillota","Clostridia","Lachnospirales","Lachnospiraceae","Stomatobaculum","Stomatobaculum longum","Stomatobaculum longum",351,6,7,8,15,3,0,1,1
NA,"Fusobacteriota","Fusobacteriia","Fusobacteriales","Leptotrichiaceae","Streptobacillus","Streptobacillus notomytis","Streptobacillus notomytis",352,0,0,0,0,2,0,1,0
NA,"Bacillota","Bacilli","Lactobacillales","Streptococcaceae","Streptococcus","Streptococcus cristatus","Streptococcus cristatus",353,0,0,0,0,0,0,0,1
NA,"Bacillota","Bacilli","Lactobacillales","Streptococcaceae","Streptococcus","Streptococcus parasanguinis","Streptococcus parasanguinis",354,0,0,0,0,42,110,615,155
NA,"Bacillota","Bacilli","Lactobacillales","Streptococcaceae","Streptococcus","Streptococcus plurextorum","Streptococcus plurextorum",355,0,1,0,0,0,0,0,0
NA,"Bacillota","Bacilli","Lactobacillales","Streptococcaceae","Streptococcus","Streptococcus pneumoniae","Streptococcus pneumoniae",356,0,0,0,0,0,0,1,0
NA,"Bacillota","Bacilli","Lactobacillales","Streptococcaceae","Streptococcus","Streptococcus salivarius","Streptococcus salivarius",357,0,0,0,0,81,239,366,347
NA,"Bacillota","Bacilli","Lactobacillales","Streptococcaceae","Streptococcus","Streptococcus suis","Streptococcus suis",358,0,0,0,0,2,0,0,0
NA,"Bacillota","Bacilli","Lactobacillales","Streptococcaceae","Streptococcus","Streptococcus thermophilus","Streptococcus thermophilus",359,0,0,0,0,100,230,501,335
NA,"Bacillota","Clostridia","Eubacteriales","Oscillospiraceae","Subdoligranulum","Subdoligranulum variabile","Subdoligranulum variabile",360,0,0,1,2,1,22,25,46
NA,"Bacillota","Negativicutes","Acidaminococcales","Acidaminococcaceae","Succiniclasticum","Succiniclasticum ruminis","Succiniclasticum ruminis",361,0,0,0,0,0,0,1,0
NA,"Bacillota","Negativicutes","Acidaminococcales","Acidaminococcaceae","Succinispira","Succinispira mobilis","Succinispira mobilis",362,0,0,0,0,0,0,2,0
NA,"Bacteroidota","Bacteroidia","Bacteroidales","Tannerellaceae","Tannerella","Tannerella forsythia","Tannerella forsythia",363,0,0,0,0,0,2,18,0
NA,"Pseudomonadota","Betaproteobacteria","Burkholderiales",NA,"Tepidimonas","Tepidimonas fonticaldi","Tepidimonas fonticaldi",364,0,0,0,0,0,0,2,0
NA,"Pseudomonadota","Betaproteobacteria","Rhodocyclales","Zoogloeaceae","Thauera","Thauera humireducens","Thauera humireducens",365,0,0,0,0,0,1,0,0
NA,"Pseudomonadota","Gammaproteobacteria","Thiotrichales","Thiolinaceae","Thiolinea","Thiolinea disciformis","Thiolinea disciformis",366,0,0,0,0,0,2,0,0
NA,"Bacillota","Erysipelotrichia","Erysipelotrichales","Coprobacillaceae","Thomasclavelia","Thomasclavelia saccharogumia","Thomasclavelia saccharogumia",367,0,0,0,0,2,8,1,0
NA,"Bacillota","Erysipelotrichia","Erysipelotrichales","Coprobacillaceae","Thomasclavelia","Thomasclavelia spiroformis","Thomasclavelia spiroformis",368,0,0,0,0,0,0,1,0
NA,"Pseudomonadota","Gammaproteobacteria","Enterobacterales","Enterobacteriaceae","Trabulsiella","Trabulsiella odontotermitis","Trabulsiella odontotermitis",369,0,0,0,0,20,0,4,0
NA,"Bacillota","Erysipelotrichia","Erysipelotrichales","Erysipelotrichaceae","Traorella","Traorella massiliensis","Traorella massiliensis",370,0,4,0,0,0,1,2,1
NA,"Uroviricota","Caudoviricetes",NA,NA,"Traversvirus","Traversvirus II","Traversvirus II",371,0,0,0,0,8,1,26,0
NA,"Uroviricota","Caudoviricetes",NA,NA,"Traversvirus","Traversvirus PA28","Traversvirus PA28",372,0,0,0,0,21,3,2,2
NA,"Uroviricota","Caudoviricetes",NA,NA,"Traversvirus","Traversvirus tv933W","Traversvirus tv933W",373,0,0,0,0,0,5,0,0
NA,"Spirochaetota","Spirochaetia","Spirochaetales","Treponemataceae","Treponema","Treponema porcinum","Treponema porcinum",374,0,0,0,0,1,0,0,0
NA,"Spirochaetota","Spirochaetia","Spirochaetales","Treponemataceae","Treponema","Treponema vincentii","Treponema vincentii",375,1,0,0,1,0,0,0,0
NA,"Bacillota","Tissierellia","Tissierellales","Peptoniphilaceae","Urinicoccus","Urinicoccus massiliensis","Urinicoccus massiliensis",376,0,0,0,0,0,1,5,2
NA,"Bacillota","Negativicutes","Veillonellales","Veillonellaceae","Veillonella","Veillonella parvula","Veillonella parvula",377,0,0,0,0,30,78,603,113
NA,"Uroviricota","Caudoviricetes",NA,NA,"Wanchaivirus","Wanchaivirus HK106","Wanchaivirus HK106",378,0,0,0,0,4,0,0,0
NA,"Ascomycota","Saccharomycetes","Phaffomycetales","Wickerhamomycetaceae","Wickerhamomyces","Wickerhamomyces ciferrii","Wickerhamomyces ciferrii",379,0,0,0,0,0,0,2,0
NA,"Pseudomonadota","Gammaproteobacteria","Enterobacterales","Erwiniaceae","Winslowiella","Winslowiella toletana","Winslowiella toletana",380,0,0,0,0,0,1,0,0
NA,"Uroviricota","Caudoviricetes",NA,NA,"Wongtaivirus","Wongtaivirus HK542","Wongtaivirus HK542",381,0,0,0,0,2,0,0,0
NA,"Pseudomonadota","Betaproteobacteria","Burkholderiales","Comamonadaceae","Xenophilus","Xenophilus azovorans","Xenophilus azovorans",382,0,0,0,0,0,0,1,0
NA,"Pseudomonadota","Gammaproteobacteria","Enterobacterales","Morganellaceae","Xenorhabdus","Xenorhabdus cabanillasii","Xenorhabdus cabanillasii",383,0,0,0,0,1,5,8,2
NA,"Pseudomonadota","Gammaproteobacteria","Enterobacterales","Morganellaceae","Xenorhabdus","Xenorhabdus hominickii","Xenorhabdus hominickii",384,0,0,0,0,0,1,0,0
NA,"Uroviricota","Caudoviricetes",NA,"Peduoviridae","Xuanwuvirus","Xuanwuvirus P88","Xuanwuvirus P88",385,0,0,0,0,1,5,0,4
NA,"Uroviricota","Caudoviricetes",NA,NA,"Yautsimvirus","Yautsimvirus HK140","Yautsimvirus HK140",386,0,0,0,0,0,1,0,0
NA,"Pseudomonadota","Gammaproteobacteria","Enterobacterales","Yersiniaceae","Yersinia","Yersinia pestis","Yersinia pestis",387,0,0,0,0,2,4,11,13
NA,"Pseudomonadota","Gammaproteobacteria","Enterobacterales","Enterobacteriaceae","Yokenella","Yokenella regensburgei","Yokenella regensburgei",388,0,0,0,0,0,0,15,3
