"TaxonomyID","superkingdom","kingdom","phylum","class","order","family","genus","species","read_count","Proportion","readsEM","EMProportion","uniqueness_score","species_percentage_hit","genus_percentage_hit","species_contaminant_score","genus_contaminant_score","best_hit_genus","best_hit_species"
28116,NA,NA,"Bacteroidota","Bacteroidia","Bacteroidales","Bacteroidaceae","Bacteroides","Bacteroides ovatus",2731,0.0366641158859935,2781.2,0.0373426042137585,0,0,0,0,0,NA,NA
435590,NA,NA,"Bacteroidota","Bacteroidia","Bacteroidales","Bacteroidaceae","Phocaeicola","Phocaeicola vulgatus",2640,0.035442426195175,2500.3,0.033570722428716,0,0,0,0,0,NA,NA
246787,NA,NA,"Bacteroidota","Bacteroidia","Bacteroidales","Bacteroidaceae","Bacteroides","Bacteroides cellulosilyticus",2518,0.0338045564997919,2372.6,0.0318563710904683,0,0,0,0,0,NA,NA
226186,NA,NA,"Bacteroidota","Bacteroidia","Bacteroidales","Bacteroidaceae","Bacteroides","Bacteroides thetaiotaomicron",2419,0.0324754655174728,2390.5,0.0320970306668679,0,0,0,0,0,NA,NA
40520,NA,NA,"Bacillota","Clostridia","Lachnospirales","Lachnospiraceae","Blautia","Blautia obeum",2090,0.0280585874045135,2055.5,0.0275991324775857,0,0,0,0,0,NA,NA
295405,NA,NA,"Bacteroidota","Bacteroidia","Bacteroidales","Bacteroidaceae","Bacteroides","Bacteroides fragilis",1646,0.0220978157262341,1578.9,0.0212000550815563,0,0,0,0,0,NA,NA
266264,NA,NA,"Pseudomonadota","Betaproteobacteria","Burkholderiales","Burkholderiaceae","Cupriavidus","Cupriavidus metallidurans",1514,0.0203256944164754,1513.6,0.020322437693626,0,0,0,0,0,NA,NA
536231,NA,NA,"Bacillota","Clostridia","Lachnospirales","Lachnospiraceae","Roseburia","Roseburia intestinalis",1420,0.0190637292413441,1344.4,0.0180509834886254,0,0,0,0,0,NA,NA
411479,NA,NA,"Bacteroidota","Bacteroidia","Bacteroidales","Bacteroidaceae","Bacteroides","Bacteroides uniformis",1411,0.018942902788406,1561.5,0.0209656669258814,0,0,0,0,0,NA,NA
1121101,NA,NA,"Bacteroidota","Bacteroidia","Bacteroidales","Bacteroidaceae","Bacteroides","Bacteroides salyersiae",1362,0.0182850698779653,1367.2,0.0183570639974226,0,0,0,0,0,NA,NA
47678,NA,NA,"Bacteroidota","Bacteroidia","Bacteroidales","Bacteroidaceae","Bacteroides","Bacteroides caccae",1327,0.0178151892276505,1380.8,0.0185394856909108,0,0,0,0,0,NA,NA
709991,NA,NA,"Bacteroidota","Bacteroidia","Bacteroidales","Odoribacteraceae","Odoribacter","Odoribacter splanchnicus",1245,0.01671432598977,1248.1,0.0167580900975828,0,0,0,0,0,NA,NA
198214,NA,NA,"Pseudomonadota","Gammaproteobacteria","Enterobacterales","Enterobacteriaceae","Shigella","Shigella flexneri",1233,0.0165532240525192,1201.4,0.0161310777194991,0,0,0,0,0,NA,NA
411461,NA,NA,"Bacillota","Clostridia","Lachnospirales","Lachnospiraceae","Dorea","Dorea formicigenerans",1222,0.016405547276706,1157.1,0.0155361609279784,0,0,0,0,0,NA,NA
435591,NA,NA,"Bacteroidota","Bacteroidia","Bacteroidales","Tannerellaceae","Parabacteroides","Parabacteroides distasonis",1200,0.0161101937250795,1230.7,0.016524408513285,0,0,0,0,0,NA,NA
484018,NA,NA,"Bacteroidota","Bacteroidia","Bacteroidales","Bacteroidaceae","Phocaeicola","Phocaeicola plebeius",1177,0.0158014150120155,1164,0.0156290940507442,0,0,0,0,0,NA,NA
449673,NA,NA,"Bacteroidota","Bacteroidia","Bacteroidales","Bacteroidaceae","Bacteroides","Bacteroides stercoris",1153,0.0154792111375139,1141,0.0153196164182512,0,0,0,0,0,NA,NA
1122992,NA,NA,"Bacteroidota","Bacteroidia","Bacteroidales","Prevotellaceae","Hoylesella","Hoylesella timonensis",1148,0.0154120853303261,967.9,0.0129955648830923,0,0,0,0,0,NA,NA
1550024,NA,NA,"Bacillota","Clostridia","Eubacteriales","Oscillospiraceae","Ruthenibacterium","Ruthenibacterium lactatiformans",1092,0.0146602762898224,1099,0.0147566241037445,0,0,0,0,0,NA,NA
515619,NA,NA,"Bacillota","Clostridia","Lachnospirales","Lachnospiraceae","Agathobacter","Agathobacter rectalis",1091,0.0146468511283848,1071.5,0.0143868711005993,0,0,0,0,0,NA,NA
679935,NA,NA,"Bacteroidota","Bacteroidia","Bacteroidales","Rikenellaceae","Alistipes","Alistipes finegoldii",1029,0.0138144911192557,1034.3,0.0138879035385997,0,0,0,0,0,NA,NA
537011,NA,NA,"Bacteroidota","Bacteroidia","Bacteroidales","Prevotellaceae","Segatella","Segatella copri",996,0.013371460791816,996.4,0.0133788562193757,0,0,0,0,0,NA,NA
470145,NA,NA,"Bacteroidota","Bacteroidia","Bacteroidales","Bacteroidaceae","Phocaeicola","Phocaeicola coprocola",974,0.0130761072401896,1039.3,0.0139548925339818,0,0,0,0,0,NA,NA
585394,NA,NA,"Bacillota","Clostridia","Lachnospirales","Lachnospiraceae","Roseburia","Roseburia hominis",961,0.0129015801415012,983,0.0131990515672148,0,0,0,0,0,NA,NA
479437,NA,NA,"Actinomycetota","Coriobacteriia","Eggerthellales","Eggerthellaceae","Eggerthella","Eggerthella lenta",952,0.0127807536885631,950.5,0.0127624568785909,0,0,0,0,0,NA,NA
717959,NA,NA,"Bacteroidota","Bacteroidia","Bacteroidales","Rikenellaceae","Alistipes","Alistipes shahii",940,0.0126196517513123,940.4,0.0126271987707823,0,0,0,0,0,NA,NA
1235811,NA,NA,"Bacteroidota","Bacteroidia","Bacteroidales","Prevotellaceae","Prevotella","Prevotella disiens",934,0.0125391007826869,886,0.0118964924016849,0,0,0,0,0,NA,NA
411469,NA,NA,"Bacillota","Clostridia","Lachnospirales","Lachnospiraceae","Anaerobutyricum","Anaerobutyricum hallii",926,0.0124316994911864,929.8,0.0124845499514831,0,0,0,0,0,NA,NA
1256908,NA,NA,"Bacillota","Clostridia","Eubacteriales","Eubacteriaceae","Eubacterium","Eubacterium ramulus",921,0.0123645736839986,900.4,0.0120891368628408,0,0,0,0,0,NA,NA
762982,NA,NA,"Bacteroidota","Bacteroidia","Bacteroidales","Prevotellaceae","Paraprevotella","Paraprevotella xylaniphila",910,0.0122168969081853,912.5,0.0122520745083302,0,0,0,0,0,NA,NA
411462,NA,NA,"Bacillota","Clostridia","Lachnospirales","Lachnospiraceae","Dorea","Dorea longicatena",895,0.0120155194866218,903.3,0.0121277602586225,0,0,0,0,0,NA,NA
657308,NA,NA,"Actinomycetota","Coriobacteriia","Eggerthellales","Eggerthellaceae","Gordonibacter","Gordonibacter pamelaeae",876,0.0117604414193081,875.6,0.0117559956903503,0,0,0,0,0,NA,NA
622312,NA,NA,"Bacillota","Clostridia","Lachnospirales","Lachnospiraceae","Roseburia","Roseburia inulinivorans",875,0.0117470162578705,929.8,0.0124847670263246,0,0,0,0,0,NA,NA
742726,NA,NA,"Bacteroidota","Bacteroidia","Bacteroidales","Barnesiellaceae","Barnesiella","Barnesiella intestinihominis",862,0.0115724891591821,872.9,0.0117203546885931,0,0,0,0,0,NA,NA
445973,NA,NA,"Bacillota","Clostridia","Peptostreptococcales","Peptostreptococcaceae","Intestinibacter","Intestinibacter bartlettii",845,0.0113442614147435,844,0.0113316500861466,0,0,0,0,0,NA,NA
411474,NA,NA,"Bacillota","Clostridia","Lachnospirales","Lachnospiraceae","Coprococcus","Coprococcus eutactus",841,0.0112905607689932,849.3,0.0114039827212276,0,0,0,0,0,NA,NA
745368,NA,NA,"Bacillota","Clostridia","Eubacteriales",NA,"Gemmiger","Gemmiger formicilis",840,0.0112771356075557,850.5,0.0114196606799862,0,0,0,0,0,NA,NA
292800,NA,NA,"Bacillota","Clostridia","Eubacteriales","Oscillospiraceae","Flavonifractor","Flavonifractor plautii",824,0.0110623330245546,825,0.0110768049757187,0,0,0,0,0,NA,NA
515620,NA,NA,"Bacillota","Clostridia","Lachnospirales","Lachnospiraceae","Lachnospira","Lachnospira eligens",820,0.0110086323788044,815.7,0.0109520497523544,0,0,0,0,0,NA,NA
1384484,NA,NA,"Actinomycetota","Coriobacteriia","Eggerthellales","Eggerthellaceae","Adlercreutzia","Adlercreutzia equolifaciens",810,0.0108743807644287,809.6,0.0108706550614461,0,0,0,0,0,NA,NA
762966,NA,NA,"Pseudomonadota","Betaproteobacteria","Burkholderiales","Sutterellaceae","Parasutterella","Parasutterella excrementihominis",795,0.0106730033428652,793.6,0.0106556959058218,0,0,0,0,0,NA,NA
1150298,NA,NA,"Bacillota","Clostridia","Lachnospirales","Lachnospiraceae","Fusicatenibacter","Fusicatenibacter saccharivorans",793,0.0106461530199901,805.1,0.0108101938087222,0,0,0,0,0,NA,NA
301302,NA,NA,"Bacillota","Clostridia","Lachnospirales","Lachnospiraceae","Roseburia","Roseburia faecis",768,0.0103105239840509,794.4,0.0106666040731776,0,0,0,0,0,NA,NA
471875,NA,NA,"Bacillota","Clostridia","Lachnospirales","Lachnospiraceae","Mediterraneibacter","[Ruminococcus] lactaris",745,0.0100017452709869,751.6,0.0100919125663803,0,0,0,0,0,NA,NA
1002367,NA,NA,"Bacteroidota","Bacteroidia","Bacteroidales","Prevotellaceae","Leyella","Leyella stercorea",713,0.00957214010498476,720.4,0.00967230572879372,0,0,0,0,0,NA,NA
411903,NA,NA,"Actinomycetota","Coriobacteriia","Coriobacteriales","Coriobacteriaceae","Collinsella","Collinsella aerofaciens",709,0.0095184394592345,707.9,0.00950492207963158,0,0,0,0,0,NA,NA
511680,NA,NA,"Bacillota","Clostridia","Lachnospirales","Lachnospiraceae","Eshraghiella","Eshraghiella crossota",698,0.00937076268342127,712.4,0.00956551031841789,0,0,0,0,0,NA,NA
349741,NA,NA,"Verrucomicrobiota","Verrucomicrobiia","Verrucomicrobiales","Akkermansiaceae","Akkermansia","Akkermansia muciniphila",697,0.0093573375219837,697,0.00935846827251,0,0,0,0,0,NA,NA
333849,NA,NA,"Bacillota","Bacilli","Lactobacillales","Enterococcaceae","Enterococcus","Enterococcus faecium",686,0.00920966074617047,683.8,0.00918144642980144,0,0,0,0,0,NA,NA
868129,NA,NA,"Bacteroidota","Bacteroidia","Bacteroidales","Prevotellaceae","Prevotella","Prevotella bivia",681,0.00914253493898264,757.9,0.0101767601749862,0,0,0,0,0,NA,NA
1122981,NA,NA,"Bacteroidota","Bacteroidia","Bacteroidales","Prevotellaceae","Prevotella","Prevotella corporis",680,0.00912910977754508,842.1,0.0113065158708192,0,0,0,0,0,NA,NA
411460,NA,NA,"Bacillota","Clostridia","Lachnospirales","Lachnospiraceae","Mediterraneibacter","[Ruminococcus] torques",668,0.00896800784029428,670.5,0.00900261271600961,0,0,0,0,0,NA,NA
367928,NA,NA,"Actinomycetota","Actinomycetes","Bifidobacteriales","Bifidobacteriaceae","Bifidobacterium","Bifidobacterium adolescentis",656,0.00880690590304348,674.3,0.00905341414625399,0,0,0,0,0,NA,NA
445970,NA,NA,"Bacteroidota","Bacteroidia","Bacteroidales","Rikenellaceae","Alistipes","Alistipes putredinis",650,0.00872635493441809,660.2,0.00886499673554753,0,0,0,0,0,NA,NA
1501391,NA,NA,"Bacteroidota","Bacteroidia","Bacteroidales","Rikenellaceae","Alistipes","Alistipes inops",647,0.00868607945010539,647.4,0.00869217513432663,0,0,0,0,0,NA,NA
649756,NA,NA,"Bacillota","Clostridia","Lachnospirales","Lachnospiraceae","Anaerostipes","Anaerostipes hadrus",646,0.00867265428866782,651.7,0.00875051681294177,0,0,0,0,0,NA,NA
568816,NA,NA,"Bacillota","Negativicutes","Acidaminococcales","Acidaminococcaceae","Acidaminococcus","Acidaminococcus intestini",637,0.00855182783572972,637.2,0.00855531756815566,0,0,0,0,0,NA,NA
411463,NA,NA,"Bacillota","Clostridia","Eubacteriales","Eubacteriaceae","Eubacterium","Eubacterium ventriosum",624,0.00837730073704136,641.2,0.0086086164546516,0,0,0,0,0,NA,NA
518635,NA,NA,"Actinomycetota","Actinomycetes","Bifidobacteriales","Bifidobacteriaceae","Bifidobacterium","Bifidobacterium angulatum",621,0.00833702525272866,598.6,0.00803671809650425,0,0,0,0,0,NA,NA
760570,NA,NA,"Bacillota","Bacilli","Lactobacillales","Streptococcaceae","Streptococcus","Streptococcus parasanguinis",615,0.00825647428410327,612,0.00821710340729471,0,0,0,0,0,NA,NA
1384063,NA,NA,"Bacillota","Clostridia","Lachnospirales","Lachnospiraceae","Mediterraneibacter","Mediterraneibacter gnavus",611,0.008202773638353,611.9,0.00821591824749106,0,0,0,0,0,NA,NA
479436,NA,NA,"Bacillota","Negativicutes","Veillonellales","Veillonellaceae","Veillonella","Veillonella parvula",603,0.00809537234685247,603.1,0.00809807312189821,0,0,0,0,0,NA,NA
518637,NA,NA,"Bacillota","Erysipelotrichia","Erysipelotrichales","Erysipelotrichaceae","Holdemanella","Holdemanella biformis",588,0.00789399492528898,583.4,0.00783308952067968,0,0,0,0,0,NA,NA
702459,NA,NA,"Actinomycetota","Actinomycetes","Bifidobacteriales","Bifidobacteriaceae","Bifidobacterium","Bifidobacterium bifidum",582,0.00781344395666358,581.5,0.00780744030420972,0,0,0,0,0,NA,NA
1069534,NA,NA,"Bacillota","Bacilli","Lactobacillales","Lactobacillaceae","Ligilactobacillus","Ligilactobacillus ruminis",580,0.00778659363378845,580.9,0.0077993599263944,0,0,0,0,0,NA,NA
1458465,NA,NA,"Bacillota","Negativicutes","Veillonellales","Veillonellaceae","Megasphaera","Megasphaera elsdenii",569,0.00763891685797522,563.9,0.00757197321498462,0,0,0,0,0,NA,NA
626939,NA,NA,"Bacillota","Negativicutes","Acidaminococcales","Acidaminococcaceae","Phascolarctobacterium","Phascolarctobacterium succinatutens",542,0.00727643749916093,543.4,0.00729631142947097,0,0,0,0,0,NA,NA
592028,NA,NA,"Bacillota","Negativicutes","Veillonellales","Veillonellaceae","Dialister","Dialister invisus",536,0.00719588653053553,536,0.00719650502242122,0,0,0,0,0,NA,NA
1282887,NA,NA,"Bacillota","Clostridia","Lachnospirales","Lachnospiraceae","Lachnospira","Lachnospira multipara",530,0.00711533556191013,530,0.0071161953865571,0,0,0,0,0,NA,NA
206672,NA,NA,"Actinomycetota","Actinomycetes","Bifidobacteriales","Bifidobacteriaceae","Bifidobacterium","Bifidobacterium longum",524,0.00703478459328473,525.4,0.00705473851580701,0,0,0,0,0,NA,NA
1051074,NA,NA,"Bacillota","Bacilli","Lactobacillales","Streptococcaceae","Streptococcus","Streptococcus thermophilus",501,0.00672600588022071,478.8,0.00642918114604361,0,0,0,0,0,NA,NA
679190,NA,NA,"Bacteroidota","Bacteroidia","Bacteroidales","Prevotellaceae","Hoylesella","Hoylesella buccalis",442,0.0059339213554043,450.6,0.00605012508369339,0,0,0,0,0,NA,NA
1304,NA,NA,"Bacillota","Bacilli","Lactobacillales","Streptococcaceae","Streptococcus","Streptococcus salivarius",366,0.00491360908614926,391.4,0.00525561577528668,0,0,0,0,0,NA,NA
901,NA,NA,"Thermodesulfobacteriota","Desulfovibrionia","Desulfovibrionales","Desulfovibrionaceae","Desulfovibrio","Desulfovibrio piger",350,0.0046988065031482,349.8,0.00469704029426361,0,0,0,0,0,NA,NA
547042,NA,NA,"Bacteroidota","Bacteroidia","Bacteroidales","Bacteroidaceae","Phocaeicola","Phocaeicola coprophilus",266,0.00357109294239263,259.6,0.00348565569069018,0,0,0,0,0,NA,NA
NA,"Unknown","Unknown","Unknown","Unknown","Unknown","Unknown","Unknown","Unknown",255,0.0034234161665794,269.3,0.00361636448526558,0,0,0,0,0,NA,NA
NA,"Unknown","Unknown","Unknown","Unknown","Unknown","Unknown","Unknown","Unknown",197,0.00264475680320056,198.2,0.00266074526363844,0,0,0,0,0,NA,NA
NA,"Unknown","Unknown","Unknown","Unknown","Unknown","Unknown","Unknown","Unknown",90,0.00120826452938097,92.7,0.00124509863900919,0,0,0,0,0,NA,NA
NA,"Unknown","Unknown","Unknown","Unknown","Unknown","Unknown","Unknown","Unknown",82,0.00110086323788044,81.7,0.00109677257036983,0,0,0,0,0,NA,NA
NA,"Unknown","Unknown","Unknown","Unknown","Unknown","Unknown","Unknown","Unknown",69,0.000926336139192074,69.3,0.000930075746368733,0,0,0,0,0,NA,NA
NA,"Unknown","Unknown","Unknown","Unknown","Unknown","Unknown","Unknown","Unknown",64,0.000859210332004242,64.1,0.00086021929231433,0,0,0,0,0,NA,NA
NA,"Unknown","Unknown","Unknown","Unknown","Unknown","Unknown","Unknown","Unknown",55,0.000738383879066146,55,0.000738144144149672,0,0,0,0,0,NA,NA
NA,"Unknown","Unknown","Unknown","Unknown","Unknown","Unknown","Unknown","Unknown",32,0.000429605166002121,32,0.00042965707994307,0,0,0,0,0,NA,NA
NA,"Unknown","Unknown","Unknown","Unknown","Unknown","Unknown","Unknown","Unknown",29,0.000389329681689422,29,0.000389376728698408,0,0,0,0,0,NA,NA
NA,"Unknown","Unknown","Unknown","Unknown","Unknown","Unknown","Unknown","Unknown",28,0.000375904520251856,28.8,0.000386150434203323,0,0,0,0,0,NA,NA
NA,"Unknown","Unknown","Unknown","Unknown","Unknown","Unknown","Unknown","Unknown",24,0.000322203874501591,24,0.000322242809957303,0,0,0,0,0,NA,NA
NA,"Unknown","Unknown","Unknown","Unknown","Unknown","Unknown","Unknown","Unknown",21,0.000281928390188892,21,0.00028196245871264,0,0,0,0,0,NA,NA
NA,"Unknown","Unknown","Unknown","Unknown","Unknown","Unknown","Unknown","Unknown",19,0.000255078067313759,19,0.000255108891216198,0,0,0,0,0,NA,NA
NA,"Unknown","Unknown","Unknown","Unknown","Unknown","Unknown","Unknown","Unknown",19,0.000255078067313759,19,0.000255108891216198,0,0,0,0,0,NA,NA
NA,"Unknown","Unknown","Unknown","Unknown","Unknown","Unknown","Unknown","Unknown",18,0.000241652905876193,18,0.000241682107467977,0,0,0,0,0,NA,NA
NA,"Unknown","Unknown","Unknown","Unknown","Unknown","Unknown","Unknown","Unknown",17,0.000228227744438627,17,0.000228255565727859,0,0,0,0,0,NA,NA
NA,"Unknown","Unknown","Unknown","Unknown","Unknown","Unknown","Unknown","Unknown",16,0.000214802583001061,16,0.000214828539971535,0,0,0,0,0,NA,NA
NA,"Unknown","Unknown","Unknown","Unknown","Unknown","Unknown","Unknown","Unknown",16,0.000214802583001061,16,0.000214828539971535,0,0,0,0,0,NA,NA
NA,"Unknown","Unknown","Unknown","Unknown","Unknown","Unknown","Unknown","Unknown",16,0.000214802583001061,16,0.000214828539971535,0,0,0,0,0,NA,NA
NA,"Unknown","Unknown","Unknown","Unknown","Unknown","Unknown","Unknown","Unknown",15,0.000201377421563494,15,0.000201401756223314,0,0,0,0,0,NA,NA
NA,"Unknown","Unknown","Unknown","Unknown","Unknown","Unknown","Unknown","Unknown",14,0.000187952260125928,14,0.000187974972475093,0,0,0,0,0,NA,NA
NA,"Unknown","Unknown","Unknown","Unknown","Unknown","Unknown","Unknown","Unknown",14,0.000187952260125928,14,0.000187974972475093,0,0,0,0,0,NA,NA
NA,"Unknown","Unknown","Unknown","Unknown","Unknown","Unknown","Unknown","Unknown",14,0.000187952260125928,14,0.000187974972475093,0,0,0,0,0,NA,NA
NA,"Unknown","Unknown","Unknown","Unknown","Unknown","Unknown","Unknown","Unknown",14,0.000187952260125928,14,0.000187974972475093,0,0,0,0,0,NA,NA
NA,"Unknown","Unknown","Unknown","Unknown","Unknown","Unknown","Unknown","Unknown",14,0.000187952260125928,14,0.000187974972475093,0,0,0,0,0,NA,NA
NA,"Unknown","Unknown","Unknown","Unknown","Unknown","Unknown","Unknown","Unknown",13,0.000174527098688362,13,0.000174548188726872,NA,NA,NA,NA,NA,NA,NA
NA,"Unknown","Unknown","Unknown","Unknown","Unknown","Unknown","Unknown","Unknown",13,0.000174527098688362,13,0.000174548188726872,NA,NA,NA,NA,NA,NA,NA
NA,"Unknown","Unknown","Unknown","Unknown","Unknown","Unknown","Unknown","Unknown",13,0.000174527098688362,13,0.000174548188726872,NA,NA,NA,NA,NA,NA,NA
NA,"Unknown","Unknown","Unknown","Unknown","Unknown","Unknown","Unknown","Unknown",12,0.000161101937250795,12,0.000161121404978651,NA,NA,NA,NA,NA,NA,NA
NA,"Unknown","Unknown","Unknown","Unknown","Unknown","Unknown","Unknown","Unknown",12,0.000161101937250795,12,0.000161121404978651,NA,NA,NA,NA,NA,NA,NA
NA,"Unknown","Unknown","Unknown","Unknown","Unknown","Unknown","Unknown","Unknown",11,0.000147676775813229,11,0.00014769462123043,NA,NA,NA,NA,NA,NA,NA
NA,"Unknown","Unknown","Unknown","Unknown","Unknown","Unknown","Unknown","Unknown",11,0.000147676775813229,11,0.00014769462123043,NA,NA,NA,NA,NA,NA,NA
NA,"Unknown","Unknown","Unknown","Unknown","Unknown","Unknown","Unknown","Unknown",11,0.000147676775813229,11,0.00014769462123043,NA,NA,NA,NA,NA,NA,NA
NA,"Unknown","Unknown","Unknown","Unknown","Unknown","Unknown","Unknown","Unknown",10,0.000134251614375663,10,0.00013426783748221,NA,NA,NA,NA,NA,NA,NA
NA,"Unknown","Unknown","Unknown","Unknown","Unknown","Unknown","Unknown","Unknown",10,0.000134251614375663,10,0.00013426783748221,NA,NA,NA,NA,NA,NA,NA
NA,"Unknown","Unknown","Unknown","Unknown","Unknown","Unknown","Unknown","Unknown",10,0.000134251614375663,10,0.00013426783748221,NA,NA,NA,NA,NA,NA,NA
NA,"Unknown","Unknown","Unknown","Unknown","Unknown","Unknown","Unknown","Unknown",9,0.000120826452938097,9,0.000120841053733989,NA,NA,NA,NA,NA,NA,NA
NA,"Unknown","Unknown","Unknown","Unknown","Unknown","Unknown","Unknown","Unknown",9,0.000120826452938097,9,0.000120841053733989,NA,NA,NA,NA,NA,NA,NA
NA,"Unknown","Unknown","Unknown","Unknown","Unknown","Unknown","Unknown","Unknown",9,0.000120826452938097,9,0.000120841053733989,NA,NA,NA,NA,NA,NA,NA
NA,"Unknown","Unknown","Unknown","Unknown","Unknown","Unknown","Unknown","Unknown",8,0.00010740129150053,8,0.000107414269985768,NA,NA,NA,NA,NA,NA,NA
NA,"Unknown","Unknown","Unknown","Unknown","Unknown","Unknown","Unknown","Unknown",8,0.00010740129150053,8,0.000107414269985768,NA,NA,NA,NA,NA,NA,NA
NA,"Unknown","Unknown","Unknown","Unknown","Unknown","Unknown","Unknown","Unknown",8,0.00010740129150053,8,0.000107414269985768,NA,NA,NA,NA,NA,NA,NA
NA,"Unknown","Unknown","Unknown","Unknown","Unknown","Unknown","Unknown","Unknown",8,0.00010740129150053,8,0.000107414269985768,NA,NA,NA,NA,NA,NA,NA
NA,"Unknown","Unknown","Unknown","Unknown","Unknown","Unknown","Unknown","Unknown",8,0.00010740129150053,8,0.000107414269985768,NA,NA,NA,NA,NA,NA,NA
NA,"Unknown","Unknown","Unknown","Unknown","Unknown","Unknown","Unknown","Unknown",8,0.00010740129150053,7.5,0.000100778831925656,NA,NA,NA,NA,NA,NA,NA
NA,"Unknown","Unknown","Unknown","Unknown","Unknown","Unknown","Unknown","Unknown",7,9.3976130062964e-05,7,9.39874862375467e-05,NA,NA,NA,NA,NA,NA,NA
NA,"Unknown","Unknown","Unknown","Unknown","Unknown","Unknown","Unknown","Unknown",7,9.3976130062964e-05,7,9.39874862375467e-05,NA,NA,NA,NA,NA,NA,NA
NA,"Unknown","Unknown","Unknown","Unknown","Unknown","Unknown","Unknown","Unknown",7,9.3976130062964e-05,7,9.39874862375467e-05,NA,NA,NA,NA,NA,NA,NA
NA,"Unknown","Unknown","Unknown","Unknown","Unknown","Unknown","Unknown","Unknown",7,9.3976130062964e-05,7,9.39874862375467e-05,NA,NA,NA,NA,NA,NA,NA
NA,"Unknown","Unknown","Unknown","Unknown","Unknown","Unknown","Unknown","Unknown",7,9.3976130062964e-05,7,9.39874862375467e-05,NA,NA,NA,NA,NA,NA,NA
NA,"Unknown","Unknown","Unknown","Unknown","Unknown","Unknown","Unknown","Unknown",7,9.3976130062964e-05,7,9.39874862375467e-05,NA,NA,NA,NA,NA,NA,NA
NA,"Unknown","Unknown","Unknown","Unknown","Unknown","Unknown","Unknown","Unknown",7,9.3976130062964e-05,7,9.39874862375467e-05,NA,NA,NA,NA,NA,NA,NA
NA,"Unknown","Unknown","Unknown","Unknown","Unknown","Unknown","Unknown","Unknown",7,9.3976130062964e-05,7,9.39874862375467e-05,NA,NA,NA,NA,NA,NA,NA
NA,"Unknown","Unknown","Unknown","Unknown","Unknown","Unknown","Unknown","Unknown",6,8.05509686253977e-05,6,8.05607024893257e-05,NA,NA,NA,NA,NA,NA,NA
NA,"Unknown","Unknown","Unknown","Unknown","Unknown","Unknown","Unknown","Unknown",6,8.05509686253977e-05,6,8.05607024893257e-05,NA,NA,NA,NA,NA,NA,NA
NA,"Unknown","Unknown","Unknown","Unknown","Unknown","Unknown","Unknown","Unknown",6,8.05509686253977e-05,6,8.05607024893257e-05,NA,NA,NA,NA,NA,NA,NA
NA,"Unknown","Unknown","Unknown","Unknown","Unknown","Unknown","Unknown","Unknown",6,8.05509686253977e-05,6,8.05607024893257e-05,NA,NA,NA,NA,NA,NA,NA
NA,"Unknown","Unknown","Unknown","Unknown","Unknown","Unknown","Unknown","Unknown",6,8.05509686253977e-05,6,8.05607024893257e-05,NA,NA,NA,NA,NA,NA,NA
NA,"Unknown","Unknown","Unknown","Unknown","Unknown","Unknown","Unknown","Unknown",5,6.71258071878314e-05,5,6.71339187411048e-05,NA,NA,NA,NA,NA,NA,NA
NA,"Unknown","Unknown","Unknown","Unknown","Unknown","Unknown","Unknown","Unknown",5,6.71258071878314e-05,5,6.71339187411048e-05,NA,NA,NA,NA,NA,NA,NA
NA,"Unknown","Unknown","Unknown","Unknown","Unknown","Unknown","Unknown","Unknown",5,6.71258071878314e-05,5,6.71339187411048e-05,NA,NA,NA,NA,NA,NA,NA
NA,"Unknown","Unknown","Unknown","Unknown","Unknown","Unknown","Unknown","Unknown",4,5.37006457502651e-05,4,5.37071349928838e-05,NA,NA,NA,NA,NA,NA,NA
NA,"Unknown","Unknown","Unknown","Unknown","Unknown","Unknown","Unknown","Unknown",4,5.37006457502651e-05,4,5.37071349928838e-05,NA,NA,NA,NA,NA,NA,NA
NA,"Unknown","Unknown","Unknown","Unknown","Unknown","Unknown","Unknown","Unknown",4,5.37006457502651e-05,4,5.37071349928838e-05,NA,NA,NA,NA,NA,NA,NA
NA,"Unknown","Unknown","Unknown","Unknown","Unknown","Unknown","Unknown","Unknown",4,5.37006457502651e-05,4,5.37071349928838e-05,NA,NA,NA,NA,NA,NA,NA
NA,"Unknown","Unknown","Unknown","Unknown","Unknown","Unknown","Unknown","Unknown",4,5.37006457502651e-05,4,5.37071349928838e-05,NA,NA,NA,NA,NA,NA,NA
NA,"Unknown","Unknown","Unknown","Unknown","Unknown","Unknown","Unknown","Unknown",4,5.37006457502651e-05,4,5.37071349928838e-05,NA,NA,NA,NA,NA,NA,NA
NA,"Unknown","Unknown","Unknown","Unknown","Unknown","Unknown","Unknown","Unknown",4,5.37006457502651e-05,4,5.37071349928838e-05,NA,NA,NA,NA,NA,NA,NA
NA,"Unknown","Unknown","Unknown","Unknown","Unknown","Unknown","Unknown","Unknown",4,5.37006457502651e-05,4,5.37071349928838e-05,NA,NA,NA,NA,NA,NA,NA
NA,"Unknown","Unknown","Unknown","Unknown","Unknown","Unknown","Unknown","Unknown",4,5.37006457502651e-05,4,5.37071349928838e-05,NA,NA,NA,NA,NA,NA,NA
NA,"Unknown","Unknown","Unknown","Unknown","Unknown","Unknown","Unknown","Unknown",4,5.37006457502651e-05,4,5.37071349928838e-05,NA,NA,NA,NA,NA,NA,NA
NA,"Unknown","Unknown","Unknown","Unknown","Unknown","Unknown","Unknown","Unknown",4,5.37006457502651e-05,4,5.37071349928838e-05,NA,NA,NA,NA,NA,NA,NA
NA,"Unknown","Unknown","Unknown","Unknown","Unknown","Unknown","Unknown","Unknown",4,5.37006457502651e-05,2.5,3.42354651775865e-05,NA,NA,NA,NA,NA,NA,NA
NA,"Unknown","Unknown","Unknown","Unknown","Unknown","Unknown","Unknown","Unknown",3,4.02754843126989e-05,2.5,3.3159972986443e-05,NA,NA,NA,NA,NA,NA,NA
NA,"Unknown","Unknown","Unknown","Unknown","Unknown","Unknown","Unknown","Unknown",3,4.02754843126989e-05,3,4.02803512446629e-05,NA,NA,NA,NA,NA,NA,NA
NA,"Unknown","Unknown","Unknown","Unknown","Unknown","Unknown","Unknown","Unknown",3,4.02754843126989e-05,3,4.02803512446629e-05,NA,NA,NA,NA,NA,NA,NA
NA,"Unknown","Unknown","Unknown","Unknown","Unknown","Unknown","Unknown","Unknown",3,4.02754843126989e-05,3,4.02803512446629e-05,NA,NA,NA,NA,NA,NA,NA
NA,"Unknown","Unknown","Unknown","Unknown","Unknown","Unknown","Unknown","Unknown",3,4.02754843126989e-05,3,4.02803512446629e-05,NA,NA,NA,NA,NA,NA,NA
NA,"Unknown","Unknown","Unknown","Unknown","Unknown","Unknown","Unknown","Unknown",3,4.02754843126989e-05,3,4.02803512446629e-05,NA,NA,NA,NA,NA,NA,NA
NA,"Unknown","Unknown","Unknown","Unknown","Unknown","Unknown","Unknown","Unknown",3,4.02754843126989e-05,3,4.02803512446629e-05,NA,NA,NA,NA,NA,NA,NA
NA,"Unknown","Unknown","Unknown","Unknown","Unknown","Unknown","Unknown","Unknown",3,4.02754843126989e-05,3,4.02803512446629e-05,NA,NA,NA,NA,NA,NA,NA
NA,"Unknown","Unknown","Unknown","Unknown","Unknown","Unknown","Unknown","Unknown",3,4.02754843126989e-05,3,4.02803512446629e-05,NA,NA,NA,NA,NA,NA,NA
NA,"Unknown","Unknown","Unknown","Unknown","Unknown","Unknown","Unknown","Unknown",3,4.02754843126989e-05,3,4.02803512446629e-05,NA,NA,NA,NA,NA,NA,NA
NA,"Unknown","Unknown","Unknown","Unknown","Unknown","Unknown","Unknown","Unknown",2,2.68503228751326e-05,2.2,2.99395401545059e-05,NA,NA,NA,NA,NA,NA,NA
NA,"Unknown","Unknown","Unknown","Unknown","Unknown","Unknown","Unknown","Unknown",2,2.68503228751326e-05,2,2.68535674964419e-05,NA,NA,NA,NA,NA,NA,NA
NA,"Unknown","Unknown","Unknown","Unknown","Unknown","Unknown","Unknown","Unknown",2,2.68503228751326e-05,2,2.68535674964419e-05,NA,NA,NA,NA,NA,NA,NA
NA,"Unknown","Unknown","Unknown","Unknown","Unknown","Unknown","Unknown","Unknown",2,2.68503228751326e-05,2,2.68535674964419e-05,NA,NA,NA,NA,NA,NA,NA
NA,"Unknown","Unknown","Unknown","Unknown","Unknown","Unknown","Unknown","Unknown",2,2.68503228751326e-05,2,2.68535674964419e-05,NA,NA,NA,NA,NA,NA,NA
NA,"Unknown","Unknown","Unknown","Unknown","Unknown","Unknown","Unknown","Unknown",2,2.68503228751326e-05,2,2.68535674964419e-05,NA,NA,NA,NA,NA,NA,NA
NA,"Unknown","Unknown","Unknown","Unknown","Unknown","Unknown","Unknown","Unknown",2,2.68503228751326e-05,2,2.68535674964419e-05,NA,NA,NA,NA,NA,NA,NA
NA,"Unknown","Unknown","Unknown","Unknown","Unknown","Unknown","Unknown","Unknown",2,2.68503228751326e-05,2,2.68535674964419e-05,NA,NA,NA,NA,NA,NA,NA
NA,"Unknown","Unknown","Unknown","Unknown","Unknown","Unknown","Unknown","Unknown",2,2.68503228751326e-05,2,2.68535674964419e-05,NA,NA,NA,NA,NA,NA,NA
NA,"Unknown","Unknown","Unknown","Unknown","Unknown","Unknown","Unknown","Unknown",2,2.68503228751326e-05,2,2.68535674964419e-05,NA,NA,NA,NA,NA,NA,NA
NA,"Unknown","Unknown","Unknown","Unknown","Unknown","Unknown","Unknown","Unknown",2,2.68503228751326e-05,2,2.68535674964419e-05,NA,NA,NA,NA,NA,NA,NA
NA,"Unknown","Unknown","Unknown","Unknown","Unknown","Unknown","Unknown","Unknown",2,2.68503228751326e-05,2,2.68535674964419e-05,NA,NA,NA,NA,NA,NA,NA
NA,"Unknown","Unknown","Unknown","Unknown","Unknown","Unknown","Unknown","Unknown",2,2.68503228751326e-05,2,2.68535674964419e-05,NA,NA,NA,NA,NA,NA,NA
NA,"Unknown","Unknown","Unknown","Unknown","Unknown","Unknown","Unknown","Unknown",2,2.68503228751326e-05,2,2.68536557554746e-05,NA,NA,NA,NA,NA,NA,NA
NA,"Unknown","Unknown","Unknown","Unknown","Unknown","Unknown","Unknown","Unknown",2,2.68503228751326e-05,2,2.68535773028039e-05,NA,NA,NA,NA,NA,NA,NA
NA,"Unknown","Unknown","Unknown","Unknown","Unknown","Unknown","Unknown","Unknown",1,1.34251614375663e-05,1.8,2.38790045665607e-05,NA,NA,NA,NA,NA,NA,NA
NA,"Unknown","Unknown","Unknown","Unknown","Unknown","Unknown","Unknown","Unknown",1,1.34251614375663e-05,1.4,1.90495702186109e-05,NA,NA,NA,NA,NA,NA,NA
NA,"Unknown","Unknown","Unknown","Unknown","Unknown","Unknown","Unknown","Unknown",1,1.34251614375663e-05,1,1.3426783748221e-05,NA,NA,NA,NA,NA,NA,NA
NA,"Unknown","Unknown","Unknown","Unknown","Unknown","Unknown","Unknown","Unknown",1,1.34251614375663e-05,1,1.3426783748221e-05,NA,NA,NA,NA,NA,NA,NA
NA,"Unknown","Unknown","Unknown","Unknown","Unknown","Unknown","Unknown","Unknown",1,1.34251614375663e-05,1,1.3426783748221e-05,NA,NA,NA,NA,NA,NA,NA
NA,"Unknown","Unknown","Unknown","Unknown","Unknown","Unknown","Unknown","Unknown",1,1.34251614375663e-05,1,1.3426783748221e-05,NA,NA,NA,NA,NA,NA,NA
NA,"Unknown","Unknown","Unknown","Unknown","Unknown","Unknown","Unknown","Unknown",1,1.34251614375663e-05,0.6,7.47017464499906e-06,NA,NA,NA,NA,NA,NA,NA
NA,"Unknown","Unknown","Unknown","Unknown","Unknown","Unknown","Unknown","Unknown",1,1.34251614375663e-05,1,1.3426783748221e-05,NA,NA,NA,NA,NA,NA,NA
NA,"Unknown","Unknown","Unknown","Unknown","Unknown","Unknown","Unknown","Unknown",1,1.34251614375663e-05,1,1.3426783748221e-05,NA,NA,NA,NA,NA,NA,NA
NA,"Unknown","Unknown","Unknown","Unknown","Unknown","Unknown","Unknown","Unknown",1,1.34251614375663e-05,1,1.3426783748221e-05,NA,NA,NA,NA,NA,NA,NA
NA,"Unknown","Unknown","Unknown","Unknown","Unknown","Unknown","Unknown","Unknown",1,1.34251614375663e-05,1,1.3426783748221e-05,NA,NA,NA,NA,NA,NA,NA
NA,"Unknown","Unknown","Unknown","Unknown","Unknown","Unknown","Unknown","Unknown",1,1.34251614375663e-05,1,1.3426783748221e-05,NA,NA,NA,NA,NA,NA,NA
NA,"Unknown","Unknown","Unknown","Unknown","Unknown","Unknown","Unknown","Unknown",1,1.34251614375663e-05,1,1.3426783748221e-05,NA,NA,NA,NA,NA,NA,NA
NA,"Unknown","Unknown","Unknown","Unknown","Unknown","Unknown","Unknown","Unknown",1,1.34251614375663e-05,1,1.3426783748221e-05,NA,NA,NA,NA,NA,NA,NA
NA,"Unknown","Unknown","Unknown","Unknown","Unknown","Unknown","Unknown","Unknown",1,1.34251614375663e-05,1,1.3426783748221e-05,NA,NA,NA,NA,NA,NA,NA
NA,"Unknown","Unknown","Unknown","Unknown","Unknown","Unknown","Unknown","Unknown",1,1.34251614375663e-05,1,1.3426783748221e-05,NA,NA,NA,NA,NA,NA,NA
NA,"Unknown","Unknown","Unknown","Unknown","Unknown","Unknown","Unknown","Unknown",1,1.34251614375663e-05,1,1.3426783748221e-05,NA,NA,NA,NA,NA,NA,NA
NA,"Unknown","Unknown","Unknown","Unknown","Unknown","Unknown","Unknown","Unknown",1,1.34251614375663e-05,1,1.3426783748221e-05,NA,NA,NA,NA,NA,NA,NA
NA,"Unknown","Unknown","Unknown","Unknown","Unknown","Unknown","Unknown","Unknown",1,1.34251614375663e-05,1,1.3426783748221e-05,NA,NA,NA,NA,NA,NA,NA
NA,"Unknown","Unknown","Unknown","Unknown","Unknown","Unknown","Unknown","Unknown",1,1.34251614375663e-05,1,1.3426783748221e-05,NA,NA,NA,NA,NA,NA,NA
NA,"Unknown","Unknown","Unknown","Unknown","Unknown","Unknown","Unknown","Unknown",1,1.34251614375663e-05,1,1.3426783748221e-05,NA,NA,NA,NA,NA,NA,NA
NA,"Unknown","Unknown","Unknown","Unknown","Unknown","Unknown","Unknown","Unknown",1,1.34251614375663e-05,1,1.3426783748221e-05,NA,NA,NA,NA,NA,NA,NA
NA,"Unknown","Unknown","Unknown","Unknown","Unknown","Unknown","Unknown","Unknown",1,1.34251614375663e-05,1,1.3426783748221e-05,NA,NA,NA,NA,NA,NA,NA
NA,"Unknown","Unknown","Unknown","Unknown","Unknown","Unknown","Unknown","Unknown",1,1.34251614375663e-05,1,1.3426783748221e-05,NA,NA,NA,NA,NA,NA,NA
NA,"Unknown","Unknown","Unknown","Unknown","Unknown","Unknown","Unknown","Unknown",1,1.34251614375663e-05,1,1.3426783748221e-05,NA,NA,NA,NA,NA,NA,NA
NA,"Unknown","Unknown","Unknown","Unknown","Unknown","Unknown","Unknown","Unknown",1,1.34251614375663e-05,1,1.3426783748221e-05,NA,NA,NA,NA,NA,NA,NA
NA,"Unknown","Unknown","Unknown","Unknown","Unknown","Unknown","Unknown","Unknown",1,1.34251614375663e-05,1,1.3426783748221e-05,NA,NA,NA,NA,NA,NA,NA
NA,"Unknown","Unknown","Unknown","Unknown","Unknown","Unknown","Unknown","Unknown",1,1.34251614375663e-05,1,1.34269207131496e-05,NA,NA,NA,NA,NA,NA,NA
NA,"Unknown","Unknown","Unknown","Unknown","Unknown","Unknown","Unknown","Unknown",1,1.34251614375663e-05,1,1.34267916308414e-05,NA,NA,NA,NA,NA,NA,NA
NA,"Unknown","Unknown","Unknown","Unknown","Unknown","Unknown","Unknown","Unknown",1,1.34251614375663e-05,1,1.34270206478324e-05,NA,NA,NA,NA,NA,NA,NA
NA,"Unknown","Unknown","Unknown","Unknown","Unknown","Unknown","Unknown","Unknown",1,1.34251614375663e-05,0.4,5.91594048840025e-06,NA,NA,NA,NA,NA,NA,NA
NA,"Unknown","Unknown","Unknown","Unknown","Unknown","Unknown","Unknown","Unknown",1,1.34251614375663e-05,1.1,1.44513806812033e-05,NA,NA,NA,NA,NA,NA,NA
NA,"Unknown","Unknown","Unknown","Unknown","Unknown","Unknown","Unknown","Unknown",1,1.34251614375663e-05,1,1.34269002999742e-05,NA,NA,NA,NA,NA,NA,NA
NA,"Unknown","Unknown","Unknown","Unknown","Unknown","Unknown","Unknown","Unknown",1,1.34251614375663e-05,1,1.32128955100087e-05,NA,NA,NA,NA,NA,NA,NA
NA,"Unknown","Unknown","Unknown","Unknown","Unknown","Unknown","Unknown","Unknown",1,1.34251614375663e-05,1.2,1.55399599091361e-05,NA,NA,NA,NA,NA,NA,NA
999419,NA,NA,"Bacteroidota","Bacteroidia","Bacteroidales","Tannerellaceae","Parabacteroides","Parabacteroides johnsonii",231,0.00310121229207781,227.3,0.00305233199989688,NA,NA,NA,NA,NA,NA,NA
411483,NA,NA,"Bacillota","Clostridia","Eubacteriales","Oscillospiraceae","Faecalibacterium","Faecalibacterium duncaniae",210,0.00281928390188892,198.7,0.00266835605000376,NA,NA,NA,NA,NA,NA,NA
334413,NA,NA,"Bacillota","Tissierellia","Tissierellales","Peptoniphilaceae","Finegoldia","Finegoldia magna",106,0.00142306711238203,101.8,0.00136632478176545,NA,NA,NA,NA,NA,NA,NA
300267,NA,NA,"Pseudomonadota","Gammaproteobacteria","Enterobacterales","Enterobacteriaceae","Shigella","Shigella dysenteriae",88,0.00118141420650583,95.1,0.00127649214045402,NA,NA,NA,NA,NA,NA,NA
537007,NA,NA,"Bacillota","Clostridia","Lachnospirales","Lachnospiraceae","Blautia","Blautia hansenii",79,0.00106058775356774,75.1,0.00100790424473462,NA,NA,NA,NA,NA,NA,NA
1841865,NA,NA,"Bacteroidota","Bacteroidia","Bacteroidales","Bacteroidaceae","Mediterranea","Mediterranea massiliensis",78,0.00104716259213017,55.3,0.000742600297382348,NA,NA,NA,NA,NA,NA,NA
1776384,NA,NA,"Bacillota","Clostridia","Peptostreptococcales","Anaerovoracaceae","Emergencia","Emergencia timonensis",67,0.000899485816316941,60.4,0.000811023484612025,NA,NA,NA,NA,NA,NA,NA
2585118,NA,NA,"Bacteroidota","Bacteroidia","Bacteroidales","Rikenellaceae","Alistipes","Alistipes communis",64,0.000859210332004242,50.3,0.000675887077701198,NA,NA,NA,NA,NA,NA,NA
1121323,NA,NA,"Bacillota","Clostridia","Lachnospirales","Anaerotignaceae","Anaerotignum","Anaerotignum lactatifermentans",50,0.000671258071878314,45.5,0.000611098355167335,NA,NA,NA,NA,NA,NA,NA
997884,NA,NA,"Bacteroidota","Bacteroidia","Bacteroidales","Bacteroidaceae","Bacteroides","Bacteroides nordii",42,0.000563856780377784,42,0.000563746025611373,NA,NA,NA,NA,NA,NA,NA
299766,NA,NA,"Pseudomonadota","Gammaproteobacteria","Enterobacterales","Enterobacteriaceae","Enterobacter","Enterobacter hormaechei",41,0.000550431618940218,28.7,0.000385447713660477,NA,NA,NA,NA,NA,NA,NA
68895,NA,NA,"Pseudomonadota","Betaproteobacteria","Burkholderiales","Burkholderiaceae","Cupriavidus","Cupriavidus basilensis",31,0.000416180004564555,31.3,0.000420839682813311,NA,NA,NA,NA,NA,NA,NA
97081,NA,NA,"Uroviricota","Caudoviricetes",NA,NA,"Traversvirus","Traversvirus II",26,0.000349054197376723,25.5,0.000342709603519614,NA,NA,NA,NA,NA,NA,NA
411471,NA,NA,"Bacillota","Clostridia","Eubacteriales","Oscillospiraceae","Subdoligranulum","Subdoligranulum variabile",25,0.000335629035939157,22.7,0.000304397751088115,NA,NA,NA,NA,NA,NA,NA
1035839,NA,NA,"Pseudomonadota","Gammaproteobacteria","Pasteurellales","Pasteurellaceae","Haemophilus","Haemophilus sputorum",25,0.000335629035939157,24.3,0.000326940732574221,NA,NA,NA,NA,NA,NA,NA
518634,NA,NA,"Actinomycetota","Actinomycetes","Bifidobacteriales","Bifidobacteriaceae","Bifidobacterium","Bifidobacterium breve",24,0.000322203874501591,27.9,0.000374628213047167,NA,NA,NA,NA,NA,NA,NA
411467,NA,NA,"Bacillota","Clostridia","Eubacteriales","Oscillospiraceae","Pseudoflavonifractor","Pseudoflavonifractor capillosus",23,0.000308778713064025,20.4,0.000274548029522344,NA,NA,NA,NA,NA,NA,NA
742740,NA,NA,"Bacillota","Clostridia","Lachnospirales","Lachnospiraceae","Lachnoclostridium","[Clostridium] symbiosum",21,0.000281928390188892,37.3,0.000501003700921096,NA,NA,NA,NA,NA,NA,NA
445972,NA,NA,"Bacillota","Clostridia","Eubacteriales","Oscillospiraceae","Anaerotruncus","Anaerotruncus colihominis",21,0.000281928390188892,25.9,0.000347865116429545,NA,NA,NA,NA,NA,NA,NA
1871018,NA,NA,"Bacillota","Clostridia","Eubacteriales","Oscillospiraceae","Angelakisella","Angelakisella massiliensis",20,0.000268503228751326,23.6,0.000316760351729621,NA,NA,NA,NA,NA,NA,NA
203275,NA,NA,"Bacteroidota","Bacteroidia","Bacteroidales","Tannerellaceae","Tannerella","Tannerella forsythia",18,0.000241652905876193,20.5,0.000274966430334654,NA,NA,NA,NA,NA,NA,NA
763034,NA,NA,"Bacteroidota","Bacteroidia","Bacteroidales","Bacteroidaceae","Bacteroides","Bacteroides fluxus",17,0.000228227744438627,17,0.000228645575389552,NA,NA,NA,NA,NA,NA,NA
1150423,NA,NA,"Actinomycetota","Actinomycetes","Bifidobacteriales","Bifidobacteriaceae","Bifidobacterium","Bifidobacterium dentium",16,0.000214802583001061,15.6,0.000209209915503694,NA,NA,NA,NA,NA,NA,NA
997894,NA,NA,"Bacillota","Clostridia","Lachnospirales","Lachnospiraceae","Enterocloster","Enterocloster bolteae",16,0.000214802583001061,16.6,0.000223143890796497,NA,NA,NA,NA,NA,NA,NA
1547597,NA,NA,"Bacteroidota","Bacteroidia","Bacteroidales","Porphyromonadaceae","Sanguibacteroides","Sanguibacteroides justesenii",16,0.000214802583001061,16,0.000214903915635902,NA,NA,NA,NA,NA,NA,NA
911023,NA,NA,"Pseudomonadota","Gammaproteobacteria","Enterobacterales","Enterobacteriaceae","Yokenella","Yokenella regensburgei",15,0.000201377421563494,18.6,0.000249160718121836,NA,NA,NA,NA,NA,NA,NA
1852370,NA,NA,"Bacteroidota","Bacteroidia","Bacteroidales","Prevotellaceae","Prevotellamassilia","Prevotellamassilia timonensis",15,0.000201377421563494,14.8,0.000198167083903285,NA,NA,NA,NA,NA,NA,NA
626937,NA,NA,"Bacillota","Clostridia","Christensenellales","Christensenellaceae","Christensenella","Christensenella minuta",13,0.000174527098688362,12.8,0.00017249065450106,NA,NA,NA,NA,NA,NA,NA
1236513,NA,NA,"Bacteroidota","Bacteroidia","Bacteroidales","Bacteroidaceae","Bacteroides","Bacteroides faecichinchillae",13,0.000174527098688362,12.7,0.000169908489773374,NA,NA,NA,NA,NA,NA,NA
1871030,NA,NA,"Bacillota","Erysipelotrichia","Erysipelotrichales","Erysipelotrichaceae","Merdibacter","Merdibacter massiliensis",13,0.000174527098688362,11.6,0.000155858482390574,NA,NA,NA,NA,NA,NA,NA
214092,NA,NA,"Pseudomonadota","Gammaproteobacteria","Enterobacterales","Yersiniaceae","Yersinia","Yersinia pestis",11,0.000147676775813229,11,0.000147702440516368,NA,NA,NA,NA,NA,NA,NA
99287,NA,NA,"Pseudomonadota","Gammaproteobacteria","Enterobacterales","Enterobacteriaceae","Salmonella","Salmonella enterica",11,0.000147676775813229,11,0.000147382974144691,NA,NA,NA,NA,NA,NA,NA
871963,NA,NA,"Bacillota","Clostridia","Eubacteriales","Desulfitobacteriaceae","Desulfitobacterium","Desulfitobacterium dichloroeliminans",11,0.000147676775813229,9.3,0.000124319355702481,NA,NA,NA,NA,NA,NA,NA
1841857,NA,NA,"Bacteroidota","Bacteroidia","Bacteroidales","Odoribacteraceae","Culturomica","Culturomica massiliensis",11,0.000147676775813229,28,0.000375833701806946,NA,NA,NA,NA,NA,NA,NA
1907654,NA,NA,"Actinomycetota","Coriobacteriia","Coriobacteriales","Coriobacteriaceae","Collinsella","Collinsella bouchesdurhonensis",11,0.000147676775813229,11.6,0.00015608391147694,NA,NA,NA,NA,NA,NA,NA
226185,NA,NA,"Bacillota","Bacilli","Lactobacillales","Enterococcaceae","Enterococcus","Enterococcus faecalis",10,0.000134251614375663,7.8,0.000105195686390337,NA,NA,NA,NA,NA,NA,NA
1437610,NA,NA,"Actinomycetota","Actinomycetes","Bifidobacteriales","Bifidobacteriaceae","Bifidobacterium","Bifidobacterium reuteri",10,0.000134251614375663,10,0.000134268373362592,NA,NA,NA,NA,NA,NA,NA
1745713,NA,NA,"Bacillota","Clostridia","Lachnospirales","Lachnospiraceae","Bariatricus","Bariatricus massiliensis",10,0.000134251614375663,8.7,0.000116338766714373,NA,NA,NA,NA,NA,NA,NA
563769,NA,NA,"Uroviricota","Caudoviricetes",NA,NA,"Pankowvirus","Pankowvirus pv1717",10,0.000134251614375663,10,0.000134335486449863,NA,NA,NA,NA,NA,NA,NA
1410657,NA,NA,"Bacillota","Erysipelotrichia","Erysipelotrichales","Coprobacillaceae","Kandleria","Kandleria vitulina",9,0.000120826452938097,9,0.000120841053733989,NA,NA,NA,NA,NA,NA,NA
428127,NA,NA,"Bacillota","Erysipelotrichia","Erysipelotrichales","Erysipelotrichaceae","Amedibacillus","Amedibacillus dolichus",9,0.000120826452938097,8.8,0.000117768132796909,NA,NA,NA,NA,NA,NA,NA
566550,NA,NA,"Bacillota","Clostridia","Lachnospirales","Lachnospiraceae","Hungatella","Hungatella hathewayi",9,0.000120826452938097,9,0.00012089162827884,NA,NA,NA,NA,NA,NA,NA
585502,NA,NA,"Bacteroidota","Bacteroidia","Bacteroidales","Prevotellaceae","Hallella","Hallella bergensis",9,0.000120826452938097,11.2,0.000150607787461242,NA,NA,NA,NA,NA,NA,NA
1447715,NA,NA,"Actinomycetota","Actinomycetes","Bifidobacteriales","Bifidobacteriaceae","Bifidobacterium","Bifidobacterium pseudolongum",8,0.00010740129150053,8,0.000107414687430242,NA,NA,NA,NA,NA,NA,NA
1122984,NA,NA,"Bacteroidota","Bacteroidia","Bacteroidales","Prevotellaceae","Prevotella","Prevotella intermedia",8,0.00010740129150053,5.2,6.94886551652601e-05,NA,NA,NA,NA,NA,NA,NA
1427517,NA,NA,"Pseudomonadota","Gammaproteobacteria","Enterobacterales","Morganellaceae","Xenorhabdus","Xenorhabdus cabanillasii",8,0.00010740129150053,7.5,0.000100408489403531,NA,NA,NA,NA,NA,NA,NA
1917878,NA,NA,"Bacteroidota","Bacteroidia","Bacteroidales","Prevotellaceae","Prevotella","Prevotella ihumii",8,0.00010740129150053,13,0.000174259435659249,NA,NA,NA,NA,NA,NA,NA
1815968,NA,NA,"Uroviricota","Caudoviricetes",NA,NA,"Punavirus","Punavirus SJ46",8,0.00010740129150053,8.9,0.000119948268270404,NA,NA,NA,NA,NA,NA,NA
1650661,NA,NA,"Bacillota","Clostridia","Eubacteriales","Clostridiaceae","Clostridium","Clostridium phoceensis",7,9.3976130062964e-05,5.5,7.4382067939046e-05,NA,NA,NA,NA,NA,NA,NA
196242,NA,NA,"Uroviricota","Caudoviricetes",NA,NA,"Marienburgvirus","Marienburgvirus BP4795",7,9.3976130062964e-05,8.6,0.000114877046498632,NA,NA,NA,NA,NA,NA,NA
742743,NA,NA,"Bacillota","Negativicutes","Veillonellales","Veillonellaceae","Dialister","Dialister succinatiphilus",6,8.05509686253977e-05,6,8.05610281030409e-05,NA,NA,NA,NA,NA,NA,NA
1445607,NA,NA,"Bacteroidota","Bacteroidia","Bacteroidales","Bacteroidaceae","Bacteroides","Bacteroides reticulotermitis",6,8.05509686253977e-05,6,8.07022979236669e-05,NA,NA,NA,NA,NA,NA,NA
701347,NA,NA,"Pseudomonadota","Gammaproteobacteria","Enterobacterales","Enterobacteriaceae","Pluralibacter","[Enterobacter] lignolyticus",6,8.05509686253977e-05,6.3,8.43207559052397e-05,NA,NA,NA,NA,NA,NA,NA
1118062,NA,NA,"Bacillota","Tissierellia","Tissierellales","Peptoniphilaceae","Peptoniphilus","Peptoniphilus obesi",6,8.05509686253977e-05,4.5,6.05860207819312e-05,NA,NA,NA,NA,NA,NA,NA
1871021,NA,NA,"Bacillota","Clostridia","Lachnospirales","Lachnospiraceae","Lachnoclostridium","Lachnoclostridium phocaeense",6,8.05509686253977e-05,7.2,9.67739137479304e-05,NA,NA,NA,NA,NA,NA,NA
1590550,NA,NA,"Uroviricota","Caudoviricetes",NA,NA,"Punavirus","Punavirus RCS47",6,8.05509686253977e-05,6.3,8.51462754562967e-05,NA,NA,NA,NA,NA,NA,NA
1218112,NA,NA,"Pseudomonadota","Gammaproteobacteria","Enterobacterales","Enterobacteriaceae","Kluyvera","Kluyvera cryocrescens",5,6.71258071878314e-05,5,6.71411632975249e-05,NA,NA,NA,NA,NA,NA,NA
1121114,NA,NA,"Bacillota","Clostridia","Lachnospirales","Lachnospiraceae","Blautia","Blautia producta",5,6.71258071878314e-05,5,6.71388266369978e-05,NA,NA,NA,NA,NA,NA,NA
1242245,NA,NA,"Pseudomonadota","Gammaproteobacteria","Moraxellales","Moraxellaceae","Acinetobacter","Acinetobacter johnsonii",5,6.71258071878314e-05,3.8,5.07184181906114e-05,NA,NA,NA,NA,NA,NA,NA
478749,NA,NA,"Bacillota","Clostridia","Lachnospirales","Lachnospiraceae","Marvinbryantia","Marvinbryantia formatexigens",5,6.71258071878314e-05,5.3,7.17086959367575e-05,NA,NA,NA,NA,NA,NA,NA
1723382,NA,NA,"Bacillota","Tissierellia","Tissierellales","Peptoniphilaceae","Urinicoccus","Urinicoccus massiliensis",5,6.71258071878314e-05,5.5,7.36983067601367e-05,NA,NA,NA,NA,NA,NA,NA
1852374,NA,NA,"Bacillota","Tissierellia",NA,NA,"Ezakiella","Ezakiella massiliensis",5,6.71258071878314e-05,5.3,7.11719759732593e-05,NA,NA,NA,NA,NA,NA,NA
1147148,NA,NA,"Uroviricota","Caudoviricetes",NA,NA,"Lambdavirus","Lambdavirus HK629",5,6.71258071878314e-05,2,2.72593998550627e-05,NA,NA,NA,NA,NA,NA,NA
1035196,NA,NA,"Bacillota","Clostridia","Peptostreptococcales","Peptostreptococcaceae","Peptostreptococcus","Peptostreptococcus anaerobius",4,5.37006457502651e-05,4.2,5.62414904027835e-05,NA,NA,NA,NA,NA,NA,NA
1601,NA,NA,"Bacillota","Bacilli","Lactobacillales","Lactobacillaceae","Ligilactobacillus","Ligilactobacillus agilis",4,5.37006457502651e-05,1.9,2.60902973104321e-05,NA,NA,NA,NA,NA,NA,NA
1234679,NA,NA,"Bacillota","Bacilli","Lactobacillales","Carnobacteriaceae","Carnobacterium","Carnobacterium maltaromaticum",4,5.37006457502651e-05,3.5,4.65803455114228e-05,NA,NA,NA,NA,NA,NA,NA
565655,NA,NA,"Bacillota","Bacilli","Lactobacillales","Enterococcaceae","Enterococcus","Enterococcus casseliflavus",4,5.37006457502651e-05,3.5,4.75189527262414e-05,NA,NA,NA,NA,NA,NA,NA
1408437,NA,NA,"Bacillota","Clostridia","Eubacteriales","Butyricicoccaceae","Agathobaculum","Agathobaculum desmolans",4,5.37006457502651e-05,4,5.37076383015763e-05,NA,NA,NA,NA,NA,NA,NA
883114,NA,NA,"Bacillota","Tissierellia","Tissierellales","Peptoniphilaceae","Helcococcus","Helcococcus kunzii",4,5.37006457502651e-05,3.6,4.87858123566967e-05,NA,NA,NA,NA,NA,NA,NA
40215,NA,NA,"Pseudomonadota","Gammaproteobacteria","Moraxellales","Moraxellaceae","Acinetobacter","Acinetobacter junii",4,5.37006457502651e-05,2,2.68503434248873e-05,NA,NA,NA,NA,NA,NA,NA
153730,NA,NA,"Actinomycetota","Actinomycetes","Micrococcales","Microbacteriaceae","Agrococcus","Agrococcus baldri",4,5.37006457502651e-05,2,2.68503434248873e-05,NA,NA,NA,NA,NA,NA,NA
1300165,NA,NA,"Pseudomonadota","Gammaproteobacteria","Enterobacterales","Enterobacteriaceae","Kosakonia","Kosakonia cowanii",4,5.37006457502651e-05,4.7,6.3583502445874e-05,NA,NA,NA,NA,NA,NA,NA
888064,NA,NA,"Bacillota","Bacilli","Lactobacillales","Enterococcaceae","Enterococcus","Enterococcus italicus",4,5.37006457502651e-05,1.9,2.60200605489834e-05,NA,NA,NA,NA,NA,NA,NA
667015,NA,NA,"Bacteroidota","Bacteroidia","Bacteroidales","Bacteroidaceae","Phocaeicola","Phocaeicola salanitronis",4,5.37006457502651e-05,4,5.37097847937302e-05,NA,NA,NA,NA,NA,NA,NA
379893,NA,NA,"Pseudomonadota","Gammaproteobacteria","Enterobacterales","Enterobacteriaceae","Trabulsiella","Trabulsiella odontotermitis",4,5.37006457502651e-05,6.2,8.28165143141695e-05,NA,NA,NA,NA,NA,NA,NA
1653435,NA,NA,"Bacillota","Clostridia","Lachnospirales","Lachnospiraceae","Merdimonas","Merdimonas faecis",4,5.37006457502651e-05,3.9,5.260071620543e-05,NA,NA,NA,NA,NA,NA,NA
768486,NA,NA,"Bacillota","Bacilli","Lactobacillales","Enterococcaceae","Enterococcus","Enterococcus hirae",3,4.02754843126989e-05,3.5,4.7047746263266e-05,NA,NA,NA,NA,NA,NA,NA
272563,NA,NA,"Bacillota","Clostridia","Peptostreptococcales","Peptostreptococcaceae","Clostridioides","Clostridioides difficile",3,4.02754843126989e-05,3,4.0282340595427e-05,NA,NA,NA,NA,NA,NA,NA
1688,NA,NA,"Actinomycetota","Actinomycetes","Bifidobacteriales","Bifidobacteriaceae","Bifidobacterium","Bifidobacterium cuniculi",3,4.02754843126989e-05,2.5,3.368049141737e-05,NA,NA,NA,NA,NA,NA,NA
525255,NA,NA,"Bacillota","Tissierellia","Tissierellales","Peptoniphilaceae","Anaerococcus","Anaerococcus tetradius",3,4.02754843126989e-05,3,4.02816575506052e-05,NA,NA,NA,NA,NA,NA,NA
36847,NA,NA,"Bacillota","Clostridia","Lachnospirales","Anaerotignaceae","Anaerotignum","Anaerotignum neopropionicum",3,4.02754843126989e-05,3.5,4.72694394514991e-05,NA,NA,NA,NA,NA,NA,NA
411473,NA,NA,"Bacillota","Clostridia","Eubacteriales","Oscillospiraceae","Ruminococcus","Ruminococcus callidus",3,4.02754843126989e-05,2.4,3.23311579492843e-05,NA,NA,NA,NA,NA,NA,NA
1006000,NA,NA,"Pseudomonadota","Gammaproteobacteria","Enterobacterales","Enterobacteriaceae","Kluyvera","Kluyvera ascorbata",3,4.02754843126989e-05,4,5.40974395816097e-05,NA,NA,NA,NA,NA,NA,NA
1044999,NA,NA,"Pseudomonadota","Gammaproteobacteria","Enterobacterales","Erwiniaceae","Erwinia","Erwinia tracheiphila",3,4.02754843126989e-05,3.3,4.43217287844972e-05,NA,NA,NA,NA,NA,NA,NA
626522,NA,NA,"Bacteroidota","Bacteroidia","Bacteroidales","Prevotellaceae","Alloprevotella","Alloprevotella tannerae",3,4.02754843126989e-05,3,3.98766505399351e-05,NA,NA,NA,NA,NA,NA,NA
1158614,NA,NA,"Bacillota","Bacilli","Lactobacillales","Enterococcaceae","Enterococcus","Enterococcus gilvus",3,4.02754843126989e-05,3,4.02811252295701e-05,NA,NA,NA,NA,NA,NA,NA
927665,NA,NA,"Bacteroidota","Bacteroidia","Bacteroidales","Tannerellaceae","Parabacteroides","Parabacteroides goldsteinii",3,4.02754843126989e-05,3.3,4.49271812481415e-05,NA,NA,NA,NA,NA,NA,NA
334735,NA,NA,"Bacillota","Bacilli","Bacillales","Planococcaceae","Sporosarcina","Sporosarcina koreensis",3,4.02754843126989e-05,3,4.02810967675136e-05,NA,NA,NA,NA,NA,NA,NA
1121094,NA,NA,"Bacteroidota","Bacteroidia","Bacteroidales","Bacteroidaceae","Phocaeicola","Phocaeicola barnesiae",3,4.02754843126989e-05,3,4.02814410320485e-05,NA,NA,NA,NA,NA,NA,NA
1122988,NA,NA,"Bacteroidota","Bacteroidia","Bacteroidales","Prevotellaceae","Hoylesella","Hoylesella nanceiensis",3,4.02754843126989e-05,2.5,3.39023239958266e-05,NA,NA,NA,NA,NA,NA,NA
1236498,NA,NA,"Bacteroidota","Bacteroidia","Bacteroidales","Bacteroidaceae","Phocaeicola","Phocaeicola paurosaccharolyticus",3,4.02754843126989e-05,3,4.02804032601356e-05,NA,NA,NA,NA,NA,NA,NA
1437608,NA,NA,"Actinomycetota","Actinomycetes","Bifidobacteriales","Bifidobacteriaceae","Bifidobacterium","Bifidobacterium biavatii",3,4.02754843126989e-05,3,4.02804140941349e-05,NA,NA,NA,NA,NA,NA,NA
1235834,NA,NA,"Pseudomonadota","Gammaproteobacteria","Enterobacterales","Enterobacteriaceae","Kosakonia","Kosakonia sacchari",3,4.02754843126989e-05,3.2,4.30102026235424e-05,NA,NA,NA,NA,NA,NA,NA
1033732,NA,NA,"Bacteroidota","Bacteroidia","Bacteroidales","Rikenellaceae","Alistipes","Alistipes senegalensis",3,4.02754843126989e-05,3,4.02869135186714e-05,NA,NA,NA,NA,NA,NA,NA
1118057,NA,NA,"Bacillota","Tissierellia","Tissierellales","Peptoniphilaceae","Peptoniphilus","Peptoniphilus grossensis",3,4.02754843126989e-05,3.8,5.1465900578367e-05,NA,NA,NA,NA,NA,NA,NA
2731255,NA,NA,"Bacillota","Tissierellia","Tissierellales","Peptoniphilaceae","Peptoniphilus","Peptoniphilus faecalis",3,4.02754843126989e-05,2.1,2.76176510055917e-05,NA,NA,NA,NA,NA,NA,NA
1034345,NA,NA,"Actinomycetota","Coriobacteriia","Coriobacteriales","Coriobacteriaceae","Senegalimassilia","Senegalimassilia anaerobia",3,4.02754843126989e-05,2.9,3.87120293679605e-05,NA,NA,NA,NA,NA,NA,NA
1477437,NA,NA,"Bacteroidota","Sphingobacteriia","Sphingobacteriales","Sphingobacteriaceae","Parapedobacter","Parapedobacter indicus",3,4.02754843126989e-05,3,4.02873192159657e-05,NA,NA,NA,NA,NA,NA,NA
1769291,NA,NA,"Fusobacteriota","Fusobacteriia","Fusobacteriales","Leptotrichiaceae","Oceanivirga","Oceanivirga salmonicida",3,4.02754843126989e-05,3,4.02796057218121e-05,NA,NA,NA,NA,NA,NA,NA
414970,NA,NA,"Uroviricota","Caudoviricetes",NA,NA,NA,"Enterobacteria phage cdtI",3,4.02754843126989e-05,3.3,4.49200135737786e-05,NA,NA,NA,NA,NA,NA,NA
652,NA,NA,"Pseudomonadota","Gammaproteobacteria","Aeromonadales","Aeromonadaceae","Aeromonas","Aeromonas schubertii",2,2.68503228751326e-05,1,1.3426783748221e-05,NA,NA,NA,NA,NA,NA,NA
1123313,NA,NA,"Bacillota","Erysipelotrichia","Erysipelotrichales","Erysipelotrichaceae","Faecalicoccus","Faecalicoccus pleomorphus",2,2.68503228751326e-05,1.9,2.60685865503602e-05,NA,NA,NA,NA,NA,NA,NA
1122973,NA,NA,"Bacteroidota","Bacteroidia","Bacteroidales","Porphyromonadaceae","Porphyromonas","Porphyromonas levii",2,2.68503228751326e-05,2,2.72297609113424e-05,NA,NA,NA,NA,NA,NA,NA
1408428,NA,NA,"Thermodesulfobacteriota","Desulfovibrionia","Desulfovibrionales","Desulfovibrionaceae","Bilophila","Bilophila wadsworthia",2,2.68503228751326e-05,2,2.72273849614912e-05,NA,NA,NA,NA,NA,NA,NA
61652,NA,NA,"Pseudomonadota","Gammaproteobacteria","Enterobacterales","Yersiniaceae","Serratia","Serratia rubidaea",2,2.68503228751326e-05,1,1.3426783748221e-05,NA,NA,NA,NA,NA,NA,NA
1158601,NA,NA,"Bacillota","Bacilli","Lactobacillales","Enterococcaceae","Enterococcus","Enterococcus malodoratus",2,2.68503228751326e-05,2,2.70430001530271e-05,NA,NA,NA,NA,NA,NA,NA
1069080,NA,NA,"Bacillota","Negativicutes","Acidaminococcales","Acidaminococcaceae","Succinispira","Succinispira mobilis",2,2.68503228751326e-05,0.9,1.27291320505566e-05,NA,NA,NA,NA,NA,NA,NA
1121950,NA,NA,"Bacillota","Clostridia","Lachnospirales","Lachnospiraceae","Hespellia","Hespellia stercorisuis",2,2.68503228751326e-05,2,2.68541782662593e-05,NA,NA,NA,NA,NA,NA,NA
225992,NA,NA,"Pseudomonadota","Betaproteobacteria","Burkholderiales","Comamonadaceae","Comamonas","Comamonas kerstersii",2,2.68503228751326e-05,1,1.39881450259913e-05,NA,NA,NA,NA,NA,NA,NA
467210,NA,NA,"Bacillota","Clostridia","Lachnospirales","Lachnospiraceae","Lachnoanaerobaculum","Lachnoanaerobaculum saburreum",2,2.68503228751326e-05,2,2.68540606195914e-05,NA,NA,NA,NA,NA,NA,NA
1349822,NA,NA,"Bacteroidota","Bacteroidia","Bacteroidales","Barnesiellaceae","Coprobacter","Coprobacter fastidiosus",2,2.68503228751326e-05,2.2,2.96005803959664e-05,NA,NA,NA,NA,NA,NA,NA
1101373,NA,NA,"Pseudomonadota","Betaproteobacteria","Burkholderiales",NA,"Tepidimonas","Tepidimonas fonticaldi",2,2.68503228751326e-05,2,2.68502725330981e-05,NA,NA,NA,NA,NA,NA,NA
1160721,NA,NA,"Bacillota","Clostridia","Eubacteriales","Oscillospiraceae","Ruminococcus","Ruminococcus bicirculans (ex Wegman et al. 2014)",2,2.68503228751326e-05,2,2.68561641110087e-05,NA,NA,NA,NA,NA,NA,NA
1432052,NA,NA,"Bacillota","Clostridia","Lachnospirales","Lachnospiraceae","Eisenbergiella","Eisenbergiella tayi",2,2.68503228751326e-05,2,2.68536327705565e-05,NA,NA,NA,NA,NA,NA,NA
1211813,NA,NA,"Bacteroidota","Bacteroidia","Bacteroidales","Rikenellaceae","Alistipes","Alistipes ihumii",2,2.68503228751326e-05,2.1,2.85173701980172e-05,NA,NA,NA,NA,NA,NA,NA
1796646,NA,NA,"Bacteroidota","Bacteroidia","Bacteroidales","Muribaculaceae","Muribaculum","Muribaculum intestinale",2,2.68503228751326e-05,2,2.71620613361453e-05,NA,NA,NA,NA,NA,NA,NA
1871035,NA,NA,"Bacillota",NA,NA,NA,"Negativibacillus","Negativibacillus massiliensis",2,2.68503228751326e-05,3.7,4.97289704001461e-05,NA,NA,NA,NA,NA,NA,NA
1903263,NA,NA,"Bacillota","Erysipelotrichia","Erysipelotrichales","Erysipelotrichaceae","Traorella","Traorella massiliensis",2,2.68503228751326e-05,2,2.68548541278569e-05,NA,NA,NA,NA,NA,NA,NA
1041607,NA,NA,"Ascomycota","Saccharomycetes","Phaffomycetales","Wickerhamomycetaceae","Wickerhamomyces","Wickerhamomyces ciferrii",2,2.68503228751326e-05,3.4,4.54310620764413e-05,NA,NA,NA,NA,NA,NA,NA
194948,NA,NA,"Uroviricota","Caudoviricetes",NA,NA,"Traversvirus","Escherichia Stx1 converting phage",2,2.68503228751326e-05,9.4,0.000126727911216459,NA,NA,NA,NA,NA,NA,NA
1660368,NA,NA,"Uroviricota","Caudoviricetes",NA,NA,"Traversvirus","Traversvirus PA28",2,2.68503228751326e-05,4.2,5.69581353124549e-05,NA,NA,NA,NA,NA,NA,NA
591001,NA,NA,"Bacillota","Negativicutes","Acidaminococcales","Acidaminococcaceae","Acidaminococcus","Acidaminococcus fermentans",1,1.34251614375663e-05,1,1.36739810603334e-05,NA,NA,NA,NA,NA,NA,NA
171101,NA,NA,"Bacillota","Bacilli","Lactobacillales","Streptococcaceae","Streptococcus","Streptococcus pneumoniae",1,1.34251614375663e-05,0.2,2.46499185186516e-06,NA,NA,NA,NA,NA,NA,NA
1423721,NA,NA,"Bacillota","Bacilli","Lactobacillales","Lactobacillaceae","Amylolactobacillus","Amylolactobacillus amylophilus",1,1.34251614375663e-05,1,1.34269382599536e-05,NA,NA,NA,NA,NA,NA,NA
873533,NA,NA,"Bacteroidota","Bacteroidia","Bacteroidales","Prevotellaceae","Hoylesella","Hoylesella oralis",1,1.34251614375663e-05,1,1.3426788618437e-05,NA,NA,NA,NA,NA,NA,NA
1122993,NA,NA,"Bacteroidota","Bacteroidia","Bacteroidales","Prevotellaceae","Prevotella","Prevotella veroralis",1,1.34251614375663e-05,1.5,1.98054386686857e-05,NA,NA,NA,NA,NA,NA,NA
880526,NA,NA,"Bacteroidota","Bacteroidia","Bacteroidales","Rikenellaceae","Rikenella","Rikenella microfusus",1,1.34251614375663e-05,1,1.34276114377871e-05,NA,NA,NA,NA,NA,NA,NA
28141,NA,NA,"Pseudomonadota","Gammaproteobacteria","Enterobacterales","Enterobacteriaceae","Cronobacter","Cronobacter sakazakii",1,1.34251614375663e-05,1,1.34270426208772e-05,NA,NA,NA,NA,NA,NA,NA
428126,NA,NA,"Bacillota","Erysipelotrichia","Erysipelotrichales","Coprobacillaceae","Thomasclavelia","Thomasclavelia spiroformis",1,1.34251614375663e-05,1,1.3426783748221e-05,NA,NA,NA,NA,NA,NA,NA
34002,NA,NA,"Pseudomonadota","Alphaproteobacteria","Rhodobacterales","Paracoccaceae","Paracoccus","Paracoccus alcaliphilus",1,1.34251614375663e-05,1.1,1.43011802712112e-05,NA,NA,NA,NA,NA,NA,NA
1236520,NA,NA,"Bacteroidota","Bacteroidia","Bacteroidales","Porphyromonadaceae","Porphyromonas","Porphyromonas cangingivalis",1,1.34251614375663e-05,0.8,1.13908583125571e-05,NA,NA,NA,NA,NA,NA,NA
39480,NA,NA,"Bacillota","Tissierellia","Tissierellales","Gottschalkiaceae","Andreesenia","Andreesenia angusta",1,1.34251614375663e-05,1,1.34299786430601e-05,NA,NA,NA,NA,NA,NA,NA
39482,NA,NA,"Bacillota","Clostridia","Lachnospirales","Lachnospiraceae","Faecalicatena","Faecalicatena contorta",1,1.34251614375663e-05,1,1.35189207202497e-05,NA,NA,NA,NA,NA,NA,NA
1123323,NA,NA,"Bacillota","Negativicutes","Acidaminococcales","Acidaminococcaceae","Succiniclasticum","Succiniclasticum ruminis",1,1.34251614375663e-05,0.6,8.38768481223462e-06,NA,NA,NA,NA,NA,NA,NA
679200,NA,NA,"Bacillota","Clostridia","Lachnospirales","Lachnospiraceae","Johnsonella","Johnsonella ignava",1,1.34251614375663e-05,1.7,2.34151086133388e-05,NA,NA,NA,NA,NA,NA,NA
44008,NA,NA,"Bacillota","Bacilli","Lactobacillales","Enterococcaceae","Enterococcus","Enterococcus cecorum",1,1.34251614375663e-05,1.7,2.21814772631095e-05,NA,NA,NA,NA,NA,NA,NA
476272,NA,NA,"Bacillota","Clostridia","Lachnospirales","Lachnospiraceae","Blautia","Blautia hydrogenotrophica",1,1.34251614375663e-05,1,1.3426828669179e-05,NA,NA,NA,NA,NA,NA,NA
1158606,NA,NA,"Bacillota","Bacilli","Lactobacillales","Enterococcaceae","Enterococcus","Enterococcus asini",1,1.34251614375663e-05,1,1.3426783748221e-05,NA,NA,NA,NA,NA,NA,NA
77635,NA,NA,"Actinomycetota","Actinomycetes","Bifidobacteriales","Bifidobacteriaceae","Bifidobacterium","Bifidobacterium subtile",1,1.34251614375663e-05,1,1.35238617904504e-05,NA,NA,NA,NA,NA,NA,NA
1122978,NA,NA,"Bacteroidota","Bacteroidia","Bacteroidales","Prevotellaceae","Segatella","Segatella albensis",1,1.34251614375663e-05,1.2,1.61881706252412e-05,NA,NA,NA,NA,NA,NA,NA
78344,NA,NA,"Actinomycetota","Actinomycetes","Bifidobacteriales","Bifidobacteriaceae","Bifidobacterium","Bifidobacterium pullorum",1,1.34251614375663e-05,1,1.3549435680082e-05,NA,NA,NA,NA,NA,NA,NA
108981,NA,NA,"Pseudomonadota","Gammaproteobacteria","Moraxellales","Moraxellaceae","Acinetobacter","Acinetobacter schindleri",1,1.34251614375663e-05,0.2,3.35639415077306e-06,NA,NA,NA,NA,NA,NA,NA
883112,NA,NA,"Bacillota","Bacilli","Lactobacillales","Aerococcaceae","Falseniella","Falseniella ignava",1,1.34251614375663e-05,2.3,3.03778308348481e-05,NA,NA,NA,NA,NA,NA,NA
1122142,NA,NA,"Bacillota","Clostridia","Lachnospirales","Lachnospiraceae","Lachnobacterium","Lachnobacterium bovis",1,1.34251614375663e-05,1,1.3426783748221e-05,NA,NA,NA,NA,NA,NA,NA
1123504,NA,NA,"Pseudomonadota","Betaproteobacteria","Burkholderiales","Comamonadaceae","Xenophilus","Xenophilus azovorans",1,1.34251614375663e-05,1,1.3426783748221e-05,NA,NA,NA,NA,NA,NA,NA
1150461,NA,NA,"Actinomycetota","Actinomycetes","Bifidobacteriales","Bifidobacteriaceae","Bifidobacterium","Bifidobacterium scardovii",1,1.34251614375663e-05,1.1,1.53636743379563e-05,NA,NA,NA,NA,NA,NA,NA
169292,NA,NA,"Actinomycetota","Actinomycetes","Mycobacteriales","Corynebacteriaceae","Corynebacterium","Corynebacterium aurimucosum",1,1.34251614375663e-05,0.2,3.35639415077306e-06,NA,NA,NA,NA,NA,NA,NA
596154,NA,NA,"Pseudomonadota","Betaproteobacteria","Burkholderiales","Comamonadaceae","Alicycliphilus","Alicycliphilus denitrificans",1,1.34251614375663e-05,1,1.3426783748221e-05,NA,NA,NA,NA,NA,NA,NA
208224,NA,NA,"Pseudomonadota","Gammaproteobacteria","Enterobacterales","Enterobacteriaceae","Enterobacter","Enterobacter kobei",1,1.34251614375663e-05,1.7,2.2568084977383e-05,NA,NA,NA,NA,NA,NA,NA
1121024,NA,NA,"Bacillota","Bacilli","Lactobacillales","Carnobacteriaceae","Atopococcus","Atopococcus tabaci",1,1.34251614375663e-05,1,1.34269535006524e-05,NA,NA,NA,NA,NA,NA,NA
518636,NA,NA,"Bacillota","Clostridia","Lachnospirales","Lachnospiraceae","Enterocloster","Enterocloster asparagiformis",1,1.34251614375663e-05,1,1.34269819851602e-05,NA,NA,NA,NA,NA,NA,NA
1121333,NA,NA,"Bacillota","Erysipelotrichia","Erysipelotrichales","Coprobacillaceae","Thomasclavelia","Thomasclavelia saccharogumia",1,1.34251614375663e-05,1,1.37155565309856e-05,NA,NA,NA,NA,NA,NA,NA
356829,NA,NA,"Actinomycetota","Actinomycetes","Bifidobacteriales","Bifidobacteriaceae","Bifidobacterium","Bifidobacterium tsurumiense",1,1.34251614375663e-05,1,1.34267854960529e-05,NA,NA,NA,NA,NA,NA,NA
1120979,NA,NA,"Actinomycetota","Actinomycetes","Bifidobacteriales","Bifidobacteriaceae","Alloscardovia","Alloscardovia omnicolens",1,1.34251614375663e-05,1,1.34267846322483e-05,NA,NA,NA,NA,NA,NA,NA
1203606,NA,NA,"Bacillota","Clostridia","Eubacteriales","Butyricicoccaceae","Butyricicoccus","Butyricicoccus pullicaecorum",1,1.34251614375663e-05,1.1,1.45342148756816e-05,NA,NA,NA,NA,NA,NA,NA
1122983,NA,NA,"Bacteroidota","Bacteroidia","Bacteroidales","Prevotellaceae","Prevotella","Prevotella falsenii",1,1.34251614375663e-05,1,1.34268077689183e-05,NA,NA,NA,NA,NA,NA,NA
1121129,NA,NA,"Bacteroidota","Bacteroidia","Bacteroidales","Odoribacteraceae","Butyricimonas","Butyricimonas synergistica",1,1.34251614375663e-05,1,1.34269047613415e-05,NA,NA,NA,NA,NA,NA,NA
742817,NA,NA,"Bacteroidota","Bacteroidia","Bacteroidales","Odoribacteraceae","Odoribacter","Odoribacter laneus",1,1.34251614375663e-05,1,1.34274796728422e-05,NA,NA,NA,NA,NA,NA,NA
1437607,NA,NA,"Actinomycetota","Actinomycetes","Bifidobacteriales","Bifidobacteriaceae","Bifidobacterium","Bifidobacterium saguini",1,1.34251614375663e-05,1,1.34267968483377e-05,NA,NA,NA,NA,NA,NA,NA
796942,NA,NA,"Bacillota","Clostridia","Lachnospirales","Lachnospiraceae","Stomatobaculum","Stomatobaculum longum",1,1.34251614375663e-05,1,1.34270320157412e-05,NA,NA,NA,NA,NA,NA,NA
444461,NA,NA,"Bacillota","Bacilli","Bacillales","Bacillaceae","Heyndrickxia","Heyndrickxia acidiproducens",1,1.34251614375663e-05,0.3,4.60042151139082e-06,NA,NA,NA,NA,NA,NA,NA
1118056,NA,NA,"Bacillota","Tissierellia","Tissierellales","Peptoniphilaceae","Anaerococcus","Anaerococcus obesiensis",1,1.34251614375663e-05,1,1.34283707701422e-05,NA,NA,NA,NA,NA,NA,NA
1384589,NA,NA,"Pseudomonadota","Gammaproteobacteria","Enterobacterales","Enterobacteriaceae","Entomohabitans","Entomohabitans teleogrylli",1,1.34251614375663e-05,1,1.34268011770602e-05,NA,NA,NA,NA,NA,NA,NA
947969,NA,NA,"Actinomycetota","Actinomycetes","Micrococcales","Cellulomonadaceae","Cellulomonas","Cellulomonas carbonis",1,1.34251614375663e-05,1,1.34267841667438e-05,NA,NA,NA,NA,NA,NA,NA
1461581,NA,NA,"Pseudomonadota","Gammaproteobacteria","Pseudomonadales","Pseudomonadaceae","Pseudomonas","Pseudomonas saudimassiliensis",1,1.34251614375663e-05,0.2,3.35639415077306e-06,NA,NA,NA,NA,NA,NA,NA
1033744,NA,NA,"Bacillota","Tissierellia","Tissierellales","Peptoniphilaceae","Peptoniphilus","Peptoniphilus senegalensis",1,1.34251614375663e-05,1,1.3426783748221e-05,NA,NA,NA,NA,NA,NA,NA
1642646,NA,NA,"Bacteroidota","Bacteroidia","Bacteroidales","Dysgonomonadaceae","Petrimonas","Petrimonas mucosa",1,1.34251614375663e-05,1,1.3426783748221e-05,NA,NA,NA,NA,NA,NA,NA
1653434,NA,NA,"Bacillota","Clostridia","Lachnospirales","Lachnospiraceae","Sellimonas","Sellimonas intestinalis",1,1.34251614375663e-05,1,1.34270462650157e-05,NA,NA,NA,NA,NA,NA,NA
1712031,NA,NA,"Fusobacteriota","Fusobacteriia","Fusobacteriales","Leptotrichiaceae","Streptobacillus","Streptobacillus notomytis",1,1.34251614375663e-05,1,1.3426783748221e-05,NA,NA,NA,NA,NA,NA,NA
1776382,NA,NA,"Bacillota","Clostridia","Eubacteriales","Oscillospiraceae","Neglectibacter","Neglectibacter timonensis",1,1.34251614375663e-05,1.7,2.30325210022905e-05,NA,NA,NA,NA,NA,NA,NA
1816678,NA,NA,"Bacillota","Clostridia","Christensenellales","Christensenellaceae","Christensenella","Christensenella timonensis",1,1.34251614375663e-05,3.4,4.61287885024638e-05,NA,NA,NA,NA,NA,NA,NA
667120,NA,NA,"Pseudomonadota","Gammaproteobacteria","Enterobacterales","Hafniaceae","Edwardsiella","Edwardsiella anguillarum",1,1.34251614375663e-05,2.7,3.644194510192e-05,NA,NA,NA,NA,NA,NA,NA
1871022,NA,NA,"Actinomycetota","Coriobacteriia","Coriobacteriales","Atopobiaceae","Parolsenella","Parolsenella massiliensis",1,1.34251614375663e-05,1.1,1.52247945823224e-05,NA,NA,NA,NA,NA,NA,NA
1871111,NA,NA,"Pseudomonadota","Gammaproteobacteria","Moraxellales","Moraxellaceae","Acinetobacter","Acinetobacter defluvii",1,1.34251614375663e-05,0.2,3.35639415077306e-06,NA,NA,NA,NA,NA,NA,NA
1944646,NA,NA,"Actinomycetota","Coriobacteriia","Eggerthellales","Eggerthellaceae","Phoenicibacter","Phoenicibacter congonensis",1,1.34251614375663e-05,1.3,1.75878568361509e-05,NA,NA,NA,NA,NA,NA,NA
1227346,NA,NA,"Ascomycota","Sordariomycetes","Hypocreales","Nectriaceae","Fusarium","Fusarium proliferatum",1,1.34251614375663e-05,0.4,4.91531965414312e-06,NA,NA,NA,NA,NA,NA,NA
