"","superkingdom","kingdom","phylum","class","order","family","genus","species","read_counts","Proportion","readsEM","EMProportion","IDs","TaxonomyIDs","read_proportions"
"1",NA,NA,"Bacteroidota","Bacteroidia","Bacteroidales","Bacteroidaceae","Bacteroides","Bacteroides ovatus",2731,0.0366641158859935,2781.2,0.0373426042137585,"1","28116","1"
"2",NA,NA,"Bacteroidota","Bacteroidia","Bacteroidales","Bacteroidaceae","Phocaeicola","Phocaeicola vulgatus",2640,0.035442426195175,2500.3,0.033570722428716,"2","435590","1"
"3",NA,NA,"Bacteroidota","Bacteroidia","Bacteroidales","Bacteroidaceae","Bacteroides","Bacteroides cellulosilyticus",2518,0.0338045564997919,2372.6,0.0318563710904683,"3","246787","1"
"4",NA,NA,"Bacteroidota","Bacteroidia","Bacteroidales","Bacteroidaceae","Bacteroides","Bacteroides thetaiotaomicron",2419,0.0324754655174728,2390.5,0.0320970306668679,"4","226186","1"
"5",NA,NA,"Bacillota","Clostridia","Lachnospirales","Lachnospiraceae","Blautia","Blautia obeum",2090,0.0280585874045135,2055.5,0.0275991324775857,"5","40520","1"
"6",NA,NA,"Bacteroidota","Bacteroidia","Bacteroidales","Bacteroidaceae","Bacteroides","Bacteroides fragilis",1646,0.0220978157262341,1578.9,0.0212000550815563,"6","295405","1"
"7","Unknown","Unknown","Unknown","Unknown","Unknown","Unknown","Unknown","Unknown",1597,0.0214399828157934,1614.3,0.0216730366374006,"76,77,78,79,80,81,82,83,84,85,86,87,88,89,90,91,92,93,94,95,96,97,98,99,100,101,102,103,104,105,106,107,108,109,110,111,112,113,114,115,116,117,118,119,120,121,122,123,124,125,126,127,128,129,130,131,132,133,134,135,136,137,138,139,140,141,142,143,144,145,146,147,148,149,150,151,152,153,154,155,156,157,158,159,160,161,162,163,164,165,166,167,168,169,170,171,172,173,174,175,176,177,178,179,180,181,182,183,184,185,186,187,188,189,190,191,192,193,194,195,196,197,198,199,200,201,202,203,204,205,206,207,208","NA,NA,NA,NA,NA,NA,NA,NA,NA,NA,NA,NA,NA,NA,NA,NA,NA,NA,NA,NA,NA,NA,NA,NA,NA,NA,NA,NA,NA,NA,NA,NA,NA,NA,NA,NA,NA,NA,NA,NA,NA,NA,NA,NA,NA,NA,NA,NA,NA,NA,NA,NA,NA,NA,NA,NA,NA,NA,NA,NA,NA,NA,NA,NA,NA,NA,NA,NA,NA,NA,NA,NA,NA,NA,NA,NA,NA,NA,NA,NA,NA,NA,NA,NA,NA,NA,NA,NA,NA,NA,NA,NA,NA,NA,NA,NA,NA,NA,NA,NA,NA,NA,NA,NA,NA,NA,NA,NA,NA,NA,NA,NA,NA,NA,NA,NA,NA,NA,NA,NA,NA,NA,NA,NA,NA,NA,NA,NA,NA,NA,NA,NA,NA","0.159674389480276,0.123356293049468,0.0563556668753914,0.0513462742642455,0.0432060112711334,0.0400751408891672,0.0344395742016281,0.0200375704445836,0.0181590482154039,0.0175328741390106,0.0150281778334377,0.013149655604258,0.0118973074514715,0.0118973074514715,0.0112711333750783,0.010644959298685,0.0100187852222918,0.0100187852222918,0.0100187852222918,0.00939261114589856,0.00876643706950532,0.00876643706950532,0.00876643706950532,0.00876643706950532,0.00876643706950532,0.00814026299311208,0.00814026299311208,0.00814026299311208,0.00751408891671885,0.00751408891671885,0.00688791484032561,0.00688791484032561,0.00688791484032561,0.00626174076393237,0.00626174076393237,0.00626174076393237,0.00563556668753914,0.00563556668753914,0.00563556668753914,0.0050093926111459,0.0050093926111459,0.0050093926111459,0.0050093926111459,0.0050093926111459,0.0050093926111459,0.00438321853475266,0.00438321853475266,0.00438321853475266,0.00438321853475266,0.00438321853475266,0.00438321853475266,0.00438321853475266,0.00438321853475266,0.00375704445835942,0.00375704445835942,0.00375704445835942,0.00375704445835942,0.00375704445835942,0.00313087038196619,0.00313087038196619,0.00313087038196619,0.00250469630557295,0.00250469630557295,0.00250469630557295,0.00250469630557295,0.00250469630557295,0.00250469630557295,0.00250469630557295,0.00250469630557295,0.00250469630557295,0.00250469630557295,0.00250469630557295,0.00250469630557295,0.00187852222917971,0.00187852222917971,0.00187852222917971,0.00187852222917971,0.00187852222917971,0.00187852222917971,0.00187852222917971,0.00187852222917971,0.00187852222917971,0.00187852222917971,0.00125234815278647,0.00125234815278647,0.00125234815278647,0.00125234815278647,0.00125234815278647,0.00125234815278647,0.00125234815278647,0.00125234815278647,0.00125234815278647,0.00125234815278647,0.00125234815278647,0.00125234815278647,0.00125234815278647,0.00125234815278647,0.00125234815278647,0.000626174076393237,0.000626174076393237,0.000626174076393237,0.000626174076393237,0.000626174076393237,0.000626174076393237,0.000626174076393237,0.000626174076393237,0.000626174076393237,0.000626174076393237,0.000626174076393237,0.000626174076393237,0.000626174076393237,0.000626174076393237,0.000626174076393237,0.000626174076393237,0.000626174076393237,0.000626174076393237,0.000626174076393237,0.000626174076393237,0.000626174076393237,0.000626174076393237,0.000626174076393237,0.000626174076393237,0.000626174076393237,0.000626174076393237,0.000626174076393237,0.000626174076393237,0.000626174076393237,0.000626174076393237,0.000626174076393237,0.000626174076393237,0.000626174076393237,0.000626174076393237,0.000626174076393237"
"8",NA,NA,"Pseudomonadota","Betaproteobacteria","Burkholderiales","Burkholderiaceae","Cupriavidus","Cupriavidus metallidurans",1514,0.0203256944164754,1513.6,0.020322437693626,"7","266264","1"
"9",NA,NA,"Bacillota","Clostridia","Lachnospirales","Lachnospiraceae","Roseburia","Roseburia intestinalis",1420,0.0190637292413441,1344.4,0.0180509834886254,"8","536231","1"
"10",NA,NA,"Bacteroidota","Bacteroidia","Bacteroidales","Bacteroidaceae","Bacteroides","Bacteroides uniformis",1411,0.018942902788406,1561.5,0.0209656669258814,"9","411479","1"
"11",NA,NA,"Bacteroidota","Bacteroidia","Bacteroidales","Bacteroidaceae","Bacteroides","Bacteroides salyersiae",1362,0.0182850698779653,1367.2,0.0183570639974226,"10","1121101","1"
"12",NA,NA,"Bacteroidota","Bacteroidia","Bacteroidales","Bacteroidaceae","Bacteroides","Bacteroides caccae",1327,0.0178151892276505,1380.8,0.0185394856909108,"11","47678","1"
"13",NA,NA,"Bacteroidota","Bacteroidia","Bacteroidales","Odoribacteraceae","Odoribacter","Odoribacter splanchnicus",1245,0.01671432598977,1248.1,0.0167580900975828,"12","709991","1"
"14",NA,NA,"Pseudomonadota","Gammaproteobacteria","Enterobacterales","Enterobacteriaceae","Shigella","Shigella flexneri",1233,0.0165532240525192,1201.4,0.0161310777194991,"13","198214","1"
"15",NA,NA,"Bacillota","Clostridia","Lachnospirales","Lachnospiraceae","Dorea","Dorea formicigenerans",1222,0.016405547276706,1157.1,0.0155361609279784,"14","411461","1"
"16",NA,NA,"Bacteroidota","Bacteroidia","Bacteroidales","Tannerellaceae","Parabacteroides","Parabacteroides distasonis",1200,0.0161101937250795,1230.7,0.016524408513285,"15","435591","1"
"17",NA,NA,"Bacteroidota","Bacteroidia","Bacteroidales","Bacteroidaceae","Phocaeicola","Phocaeicola plebeius",1177,0.0158014150120155,1164,0.0156290940507442,"16","484018","1"
"18",NA,NA,"Bacteroidota","Bacteroidia","Bacteroidales","Bacteroidaceae","Bacteroides","Bacteroides stercoris",1153,0.0154792111375139,1141,0.0153196164182512,"17","449673","1"
"19",NA,NA,"Bacteroidota","Bacteroidia","Bacteroidales","Prevotellaceae","Hoylesella","Hoylesella timonensis",1148,0.0154120853303261,967.9,0.0129955648830923,"18","1122992","1"
"20",NA,NA,"Bacillota","Clostridia","Eubacteriales","Oscillospiraceae","Ruthenibacterium","Ruthenibacterium lactatiformans",1092,0.0146602762898224,1099,0.0147566241037445,"19","1550024","1"
"21",NA,NA,"Bacillota","Clostridia","Lachnospirales","Lachnospiraceae","Agathobacter","Agathobacter rectalis",1091,0.0146468511283848,1071.5,0.0143868711005993,"20","515619","1"
"22",NA,NA,"Bacteroidota","Bacteroidia","Bacteroidales","Rikenellaceae","Alistipes","Alistipes finegoldii",1029,0.0138144911192557,1034.3,0.0138879035385997,"21","679935","1"
"23",NA,NA,"Bacteroidota","Bacteroidia","Bacteroidales","Prevotellaceae","Segatella","Segatella copri",996,0.013371460791816,996.4,0.0133788562193757,"22","537011","1"
"24",NA,NA,"Bacteroidota","Bacteroidia","Bacteroidales","Bacteroidaceae","Phocaeicola","Phocaeicola coprocola",974,0.0130761072401896,1039.3,0.0139548925339818,"23","470145","1"
"25",NA,NA,"Bacillota","Clostridia","Lachnospirales","Lachnospiraceae","Roseburia","Roseburia hominis",961,0.0129015801415012,983,0.0131990515672148,"24","585394","1"
"26",NA,NA,"Actinomycetota","Coriobacteriia","Eggerthellales","Eggerthellaceae","Eggerthella","Eggerthella lenta",952,0.0127807536885631,950.5,0.0127624568785909,"25","479437","1"
"27",NA,NA,"Bacteroidota","Bacteroidia","Bacteroidales","Rikenellaceae","Alistipes","Alistipes shahii",940,0.0126196517513123,940.4,0.0126271987707823,"26","717959","1"
"28",NA,NA,"Bacteroidota","Bacteroidia","Bacteroidales","Prevotellaceae","Prevotella","Prevotella disiens",934,0.0125391007826869,886,0.0118964924016849,"27","1235811","1"
"29",NA,NA,"Bacillota","Clostridia","Lachnospirales","Lachnospiraceae","Anaerobutyricum","Anaerobutyricum hallii",926,0.0124316994911864,929.8,0.0124845499514831,"28","411469","1"
"30",NA,NA,"Bacillota","Clostridia","Eubacteriales","Eubacteriaceae","Eubacterium","Eubacterium ramulus",921,0.0123645736839986,900.4,0.0120891368628408,"29","1256908","1"
"31",NA,NA,"Bacteroidota","Bacteroidia","Bacteroidales","Prevotellaceae","Paraprevotella","Paraprevotella xylaniphila",910,0.0122168969081853,912.5,0.0122520745083302,"30","762982","1"
"32",NA,NA,"Bacillota","Clostridia","Lachnospirales","Lachnospiraceae","Dorea","Dorea longicatena",895,0.0120155194866218,903.3,0.0121277602586225,"31","411462","1"
"33",NA,NA,"Actinomycetota","Coriobacteriia","Eggerthellales","Eggerthellaceae","Gordonibacter","Gordonibacter pamelaeae",876,0.0117604414193081,875.6,0.0117559956903503,"32","657308","1"
"34",NA,NA,"Bacillota","Clostridia","Lachnospirales","Lachnospiraceae","Roseburia","Roseburia inulinivorans",875,0.0117470162578705,929.8,0.0124847670263246,"33","622312","1"
"35",NA,NA,"Bacteroidota","Bacteroidia","Bacteroidales","Barnesiellaceae","Barnesiella","Barnesiella intestinihominis",862,0.0115724891591821,872.9,0.0117203546885931,"34","742726","1"
"36",NA,NA,"Bacillota","Clostridia","Peptostreptococcales","Peptostreptococcaceae","Intestinibacter","Intestinibacter bartlettii",845,0.0113442614147435,844,0.0113316500861466,"35","445973","1"
"37",NA,NA,"Bacillota","Clostridia","Lachnospirales","Lachnospiraceae","Coprococcus","Coprococcus eutactus",841,0.0112905607689932,849.3,0.0114039827212276,"36","411474","1"
"38",NA,NA,"Bacillota","Clostridia","Eubacteriales",NA,"Gemmiger","Gemmiger formicilis",840,0.0112771356075557,850.5,0.0114196606799862,"37","745368","1"
"39",NA,NA,"Bacillota","Clostridia","Eubacteriales","Oscillospiraceae","Flavonifractor","Flavonifractor plautii",824,0.0110623330245546,825,0.0110768049757187,"38","292800","1"
"40",NA,NA,"Bacillota","Clostridia","Lachnospirales","Lachnospiraceae","Lachnospira","Lachnospira eligens",820,0.0110086323788044,815.7,0.0109520497523544,"39","515620","1"
"41",NA,NA,"Actinomycetota","Coriobacteriia","Eggerthellales","Eggerthellaceae","Adlercreutzia","Adlercreutzia equolifaciens",810,0.0108743807644287,809.6,0.0108706550614461,"40","1384484","1"
"42",NA,NA,"Pseudomonadota","Betaproteobacteria","Burkholderiales","Sutterellaceae","Parasutterella","Parasutterella excrementihominis",795,0.0106730033428652,793.6,0.0106556959058218,"41","762966","1"
"43",NA,NA,"Bacillota","Clostridia","Lachnospirales","Lachnospiraceae","Fusicatenibacter","Fusicatenibacter saccharivorans",793,0.0106461530199901,805.1,0.0108101938087222,"42","1150298","1"
"44",NA,NA,"Bacillota","Clostridia","Lachnospirales","Lachnospiraceae","Roseburia","Roseburia faecis",768,0.0103105239840509,794.4,0.0106666040731776,"43","301302","1"
"45",NA,NA,"Bacillota","Clostridia","Lachnospirales","Lachnospiraceae","Mediterraneibacter","[Ruminococcus] lactaris",745,0.0100017452709869,751.6,0.0100919125663803,"44","471875","1"
"46",NA,NA,"Bacteroidota","Bacteroidia","Bacteroidales","Prevotellaceae","Leyella","Leyella stercorea",713,0.00957214010498476,720.4,0.00967230572879372,"45","1002367","1"
"47",NA,NA,"Actinomycetota","Coriobacteriia","Coriobacteriales","Coriobacteriaceae","Collinsella","Collinsella aerofaciens",709,0.0095184394592345,707.9,0.00950492207963158,"46","411903","1"
"48",NA,NA,"Bacillota","Clostridia","Lachnospirales","Lachnospiraceae","Eshraghiella","Eshraghiella crossota",698,0.00937076268342127,712.4,0.00956551031841789,"47","511680","1"
"49",NA,NA,"Verrucomicrobiota","Verrucomicrobiia","Verrucomicrobiales","Akkermansiaceae","Akkermansia","Akkermansia muciniphila",697,0.0093573375219837,697,0.00935846827251,"48","349741","1"
"50",NA,NA,"Bacillota","Bacilli","Lactobacillales","Enterococcaceae","Enterococcus","Enterococcus faecium",686,0.00920966074617047,683.8,0.00918144642980144,"49","333849","1"
"51",NA,NA,"Bacteroidota","Bacteroidia","Bacteroidales","Prevotellaceae","Prevotella","Prevotella bivia",681,0.00914253493898264,757.9,0.0101767601749862,"50","868129","1"
"52",NA,NA,"Bacteroidota","Bacteroidia","Bacteroidales","Prevotellaceae","Prevotella","Prevotella corporis",680,0.00912910977754508,842.1,0.0113065158708192,"51","1122981","1"
"53",NA,NA,"Bacillota","Clostridia","Lachnospirales","Lachnospiraceae","Mediterraneibacter","[Ruminococcus] torques",668,0.00896800784029428,670.5,0.00900261271600961,"52","411460","1"
"54",NA,NA,"Actinomycetota","Actinomycetes","Bifidobacteriales","Bifidobacteriaceae","Bifidobacterium","Bifidobacterium adolescentis",656,0.00880690590304348,674.3,0.00905341414625399,"53","367928","1"
"55",NA,NA,"Bacteroidota","Bacteroidia","Bacteroidales","Rikenellaceae","Alistipes","Alistipes putredinis",650,0.00872635493441809,660.2,0.00886499673554753,"54","445970","1"
"56",NA,NA,"Bacteroidota","Bacteroidia","Bacteroidales","Rikenellaceae","Alistipes","Alistipes inops",647,0.00868607945010539,647.4,0.00869217513432663,"55","1501391","1"
"57",NA,NA,"Bacillota","Clostridia","Lachnospirales","Lachnospiraceae","Anaerostipes","Anaerostipes hadrus",646,0.00867265428866782,651.7,0.00875051681294177,"56","649756","1"
"58",NA,NA,"Bacillota","Negativicutes","Acidaminococcales","Acidaminococcaceae","Acidaminococcus","Acidaminococcus intestini",637,0.00855182783572972,637.2,0.00855531756815566,"57","568816","1"
"59",NA,NA,"Bacillota","Clostridia","Eubacteriales","Eubacteriaceae","Eubacterium","Eubacterium ventriosum",624,0.00837730073704136,641.2,0.0086086164546516,"58","411463","1"
"60",NA,NA,"Actinomycetota","Actinomycetes","Bifidobacteriales","Bifidobacteriaceae","Bifidobacterium","Bifidobacterium angulatum",621,0.00833702525272866,598.6,0.00803671809650425,"59","518635","1"
"61",NA,NA,"Bacillota","Bacilli","Lactobacillales","Streptococcaceae","Streptococcus","Streptococcus parasanguinis",615,0.00825647428410327,612,0.00821710340729471,"60","760570","1"
"62",NA,NA,"Bacillota","Clostridia","Lachnospirales","Lachnospiraceae","Mediterraneibacter","Mediterraneibacter gnavus",611,0.008202773638353,611.9,0.00821591824749106,"61","1384063","1"
"63",NA,NA,"Bacillota","Negativicutes","Veillonellales","Veillonellaceae","Veillonella","Veillonella parvula",603,0.00809537234685247,603.1,0.00809807312189821,"62","479436","1"
"64",NA,NA,"Bacillota","Erysipelotrichia","Erysipelotrichales","Erysipelotrichaceae","Holdemanella","Holdemanella biformis",588,0.00789399492528898,583.4,0.00783308952067968,"63","518637","1"
"65",NA,NA,"Actinomycetota","Actinomycetes","Bifidobacteriales","Bifidobacteriaceae","Bifidobacterium","Bifidobacterium bifidum",582,0.00781344395666358,581.5,0.00780744030420972,"64","702459","1"
"66",NA,NA,"Bacillota","Bacilli","Lactobacillales","Lactobacillaceae","Ligilactobacillus","Ligilactobacillus ruminis",580,0.00778659363378845,580.9,0.0077993599263944,"65","1069534","1"
"67",NA,NA,"Bacillota","Negativicutes","Veillonellales","Veillonellaceae","Megasphaera","Megasphaera elsdenii",569,0.00763891685797522,563.9,0.00757197321498462,"66","1458465","1"
"68",NA,NA,"Bacillota","Negativicutes","Acidaminococcales","Acidaminococcaceae","Phascolarctobacterium","Phascolarctobacterium succinatutens",542,0.00727643749916093,543.4,0.00729631142947097,"67","626939","1"
"69",NA,NA,"Bacillota","Negativicutes","Veillonellales","Veillonellaceae","Dialister","Dialister invisus",536,0.00719588653053553,536,0.00719650502242122,"68","592028","1"
"70",NA,NA,"Bacillota","Clostridia","Lachnospirales","Lachnospiraceae","Lachnospira","Lachnospira multipara",530,0.00711533556191013,530,0.0071161953865571,"69","1282887","1"
"71",NA,NA,"Actinomycetota","Actinomycetes","Bifidobacteriales","Bifidobacteriaceae","Bifidobacterium","Bifidobacterium longum",524,0.00703478459328473,525.4,0.00705473851580701,"70","206672","1"
"72",NA,NA,"Bacillota","Bacilli","Lactobacillales","Streptococcaceae","Streptococcus","Streptococcus thermophilus",501,0.00672600588022071,478.8,0.00642918114604361,"71","1051074","1"
"73",NA,NA,"Bacteroidota","Bacteroidia","Bacteroidales","Prevotellaceae","Hoylesella","Hoylesella buccalis",442,0.0059339213554043,450.6,0.00605012508369339,"72","679190","1"
"74",NA,NA,"Bacillota","Bacilli","Lactobacillales","Streptococcaceae","Streptococcus","Streptococcus salivarius",366,0.00491360908614926,391.4,0.00525561577528668,"73","1304","1"
"75",NA,NA,"Thermodesulfobacteriota","Desulfovibrionia","Desulfovibrionales","Desulfovibrionaceae","Desulfovibrio","Desulfovibrio piger",350,0.0046988065031482,349.8,0.00469704029426361,"74","901","1"
"76",NA,NA,"Bacteroidota","Bacteroidia","Bacteroidales","Bacteroidaceae","Phocaeicola","Phocaeicola coprophilus",266,0.00357109294239263,259.6,0.00348565569069018,"75","547042","1"
"77",NA,NA,"Bacteroidota","Bacteroidia","Bacteroidales","Tannerellaceae","Parabacteroides","Parabacteroides johnsonii",231,0.00310121229207781,227.3,0.00305233199989688,"209","999419","1"
"78",NA,NA,"Bacillota","Clostridia","Eubacteriales","Oscillospiraceae","Faecalibacterium","Faecalibacterium duncaniae",210,0.00281928390188892,198.7,0.00266835605000376,"210","411483","1"
"79",NA,NA,"Bacillota","Tissierellia","Tissierellales","Peptoniphilaceae","Finegoldia","Finegoldia magna",106,0.00142306711238203,101.8,0.00136632478176545,"211","334413","1"
"80",NA,NA,"Pseudomonadota","Gammaproteobacteria","Enterobacterales","Enterobacteriaceae","Shigella","Shigella dysenteriae",88,0.00118141420650583,95.1,0.00127649214045402,"212","300267","1"
"81",NA,NA,"Bacillota","Clostridia","Lachnospirales","Lachnospiraceae","Blautia","Blautia hansenii",79,0.00106058775356774,75.1,0.00100790424473462,"213","537007","1"
"82",NA,NA,"Bacteroidota","Bacteroidia","Bacteroidales","Bacteroidaceae","Mediterranea","Mediterranea massiliensis",78,0.00104716259213017,55.3,0.000742600297382348,"214","1841865","1"
"83",NA,NA,"Bacillota","Clostridia","Peptostreptococcales","Anaerovoracaceae","Emergencia","Emergencia timonensis",67,0.000899485816316941,60.4,0.000811023484612025,"215","1776384","1"
"84",NA,NA,"Bacteroidota","Bacteroidia","Bacteroidales","Rikenellaceae","Alistipes","Alistipes communis",64,0.000859210332004242,50.3,0.000675887077701198,"216","2585118","1"
"85",NA,NA,"Bacillota","Clostridia","Lachnospirales","Anaerotignaceae","Anaerotignum","Anaerotignum lactatifermentans",50,0.000671258071878314,45.5,0.000611098355167335,"217","1121323","1"
"86",NA,NA,"Bacteroidota","Bacteroidia","Bacteroidales","Bacteroidaceae","Bacteroides","Bacteroides nordii",42,0.000563856780377784,42,0.000563746025611373,"218","997884","1"
"87",NA,NA,"Pseudomonadota","Gammaproteobacteria","Enterobacterales","Enterobacteriaceae","Enterobacter","Enterobacter hormaechei",41,0.000550431618940218,28.7,0.000385447713660477,"219","299766","1"
"88",NA,NA,"Pseudomonadota","Betaproteobacteria","Burkholderiales","Burkholderiaceae","Cupriavidus","Cupriavidus basilensis",31,0.000416180004564555,31.3,0.000420839682813311,"220","68895","1"
"89",NA,NA,"Uroviricota","Caudoviricetes",NA,NA,"Traversvirus","Traversvirus II",26,0.000349054197376723,25.5,0.000342709603519614,"221","97081","1"
"90",NA,NA,"Bacillota","Clostridia","Eubacteriales","Oscillospiraceae","Subdoligranulum","Subdoligranulum variabile",25,0.000335629035939157,22.7,0.000304397751088115,"222","411471","1"
"91",NA,NA,"Pseudomonadota","Gammaproteobacteria","Pasteurellales","Pasteurellaceae","Haemophilus","Haemophilus sputorum",25,0.000335629035939157,24.3,0.000326940732574221,"223","1035839","1"
"92",NA,NA,"Actinomycetota","Actinomycetes","Bifidobacteriales","Bifidobacteriaceae","Bifidobacterium","Bifidobacterium breve",24,0.000322203874501591,27.9,0.000374628213047167,"224","518634","1"
"93",NA,NA,"Bacillota","Clostridia","Eubacteriales","Oscillospiraceae","Pseudoflavonifractor","Pseudoflavonifractor capillosus",23,0.000308778713064025,20.4,0.000274548029522344,"225","411467","1"
"94",NA,NA,"Bacillota","Clostridia","Eubacteriales","Oscillospiraceae","Anaerotruncus","Anaerotruncus colihominis",21,0.000281928390188892,25.9,0.000347865116429545,"227","445972","1"
"95",NA,NA,"Bacillota","Clostridia","Lachnospirales","Lachnospiraceae","Lachnoclostridium","[Clostridium] symbiosum",21,0.000281928390188892,37.3,0.000501003700921096,"226","742740","1"
"96",NA,NA,"Bacillota","Clostridia","Eubacteriales","Oscillospiraceae","Angelakisella","Angelakisella massiliensis",20,0.000268503228751326,23.6,0.000316760351729621,"228","1871018","1"
"97",NA,NA,"Bacteroidota","Bacteroidia","Bacteroidales","Tannerellaceae","Tannerella","Tannerella forsythia",18,0.000241652905876193,20.5,0.000274966430334654,"229","203275","1"
"98",NA,NA,"Bacteroidota","Bacteroidia","Bacteroidales","Bacteroidaceae","Bacteroides","Bacteroides fluxus",17,0.000228227744438627,17,0.000228645575389552,"230","763034","1"
"99",NA,NA,"Actinomycetota","Actinomycetes","Bifidobacteriales","Bifidobacteriaceae","Bifidobacterium","Bifidobacterium dentium",16,0.000214802583001061,15.6,0.000209209915503694,"231","1150423","1"
"100",NA,NA,"Bacillota","Clostridia","Lachnospirales","Lachnospiraceae","Enterocloster","Enterocloster bolteae",16,0.000214802583001061,16.6,0.000223143890796497,"232","997894","1"
"101",NA,NA,"Bacteroidota","Bacteroidia","Bacteroidales","Porphyromonadaceae","Sanguibacteroides","Sanguibacteroides justesenii",16,0.000214802583001061,16,0.000214903915635902,"233","1547597","1"
"102",NA,NA,"Bacteroidota","Bacteroidia","Bacteroidales","Prevotellaceae","Prevotellamassilia","Prevotellamassilia timonensis",15,0.000201377421563494,14.8,0.000198167083903285,"235","1852370","1"
"103",NA,NA,"Pseudomonadota","Gammaproteobacteria","Enterobacterales","Enterobacteriaceae","Yokenella","Yokenella regensburgei",15,0.000201377421563494,18.6,0.000249160718121836,"234","911023","1"
"104",NA,NA,"Bacillota","Clostridia","Christensenellales","Christensenellaceae","Christensenella","Christensenella minuta",13,0.000174527098688362,12.8,0.00017249065450106,"236","626937","1"
"105",NA,NA,"Bacillota","Erysipelotrichia","Erysipelotrichales","Erysipelotrichaceae","Merdibacter","Merdibacter massiliensis",13,0.000174527098688362,11.6,0.000155858482390574,"238","1871030","1"
"106",NA,NA,"Bacteroidota","Bacteroidia","Bacteroidales","Bacteroidaceae","Bacteroides","Bacteroides faecichinchillae",13,0.000174527098688362,12.7,0.000169908489773374,"237","1236513","1"
"107",NA,NA,"Actinomycetota","Coriobacteriia","Coriobacteriales","Coriobacteriaceae","Collinsella","Collinsella bouchesdurhonensis",11,0.000147676775813229,11.6,0.00015608391147694,"243","1907654","1"
"108",NA,NA,"Bacillota","Clostridia","Eubacteriales","Desulfitobacteriaceae","Desulfitobacterium","Desulfitobacterium dichloroeliminans",11,0.000147676775813229,9.3,0.000124319355702481,"241","871963","1"
"109",NA,NA,"Bacteroidota","Bacteroidia","Bacteroidales","Odoribacteraceae","Culturomica","Culturomica massiliensis",11,0.000147676775813229,28,0.000375833701806946,"242","1841857","1"
"110",NA,NA,"Pseudomonadota","Gammaproteobacteria","Enterobacterales","Enterobacteriaceae","Salmonella","Salmonella enterica",11,0.000147676775813229,11,0.000147382974144691,"240","99287","1"
"111",NA,NA,"Pseudomonadota","Gammaproteobacteria","Enterobacterales","Yersiniaceae","Yersinia","Yersinia pestis",11,0.000147676775813229,11,0.000147702440516368,"239","214092","1"
"112",NA,NA,"Actinomycetota","Actinomycetes","Bifidobacteriales","Bifidobacteriaceae","Bifidobacterium","Bifidobacterium reuteri",10,0.000134251614375663,10,0.000134268373362592,"245","1437610","1"
"113",NA,NA,"Bacillota","Bacilli","Lactobacillales","Enterococcaceae","Enterococcus","Enterococcus faecalis",10,0.000134251614375663,7.8,0.000105195686390337,"244","226185","1"
"114",NA,NA,"Bacillota","Clostridia","Lachnospirales","Lachnospiraceae","Bariatricus","Bariatricus massiliensis",10,0.000134251614375663,8.7,0.000116338766714373,"246","1745713","1"
"115",NA,NA,"Uroviricota","Caudoviricetes",NA,NA,"Pankowvirus","Pankowvirus pv1717",10,0.000134251614375663,10,0.000134335486449863,"247","563769","1"
"116",NA,NA,"Bacillota","Clostridia","Lachnospirales","Lachnospiraceae","Hungatella","Hungatella hathewayi",9,0.000120826452938097,9,0.00012089162827884,"250","566550","1"
"117",NA,NA,"Bacillota","Erysipelotrichia","Erysipelotrichales","Coprobacillaceae","Kandleria","Kandleria vitulina",9,0.000120826452938097,9,0.000120841053733989,"248","1410657","1"
"118",NA,NA,"Bacillota","Erysipelotrichia","Erysipelotrichales","Erysipelotrichaceae","Amedibacillus","Amedibacillus dolichus",9,0.000120826452938097,8.8,0.000117768132796909,"249","428127","1"
"119",NA,NA,"Bacteroidota","Bacteroidia","Bacteroidales","Prevotellaceae","Hallella","Hallella bergensis",9,0.000120826452938097,11.2,0.000150607787461242,"251","585502","1"
"120",NA,NA,"Actinomycetota","Actinomycetes","Bifidobacteriales","Bifidobacteriaceae","Bifidobacterium","Bifidobacterium pseudolongum",8,0.00010740129150053,8,0.000107414687430242,"252","1447715","1"
"121",NA,NA,"Bacteroidota","Bacteroidia","Bacteroidales","Prevotellaceae","Prevotella","Prevotella ihumii",8,0.00010740129150053,13,0.000174259435659249,"255","1917878","1"
"122",NA,NA,"Bacteroidota","Bacteroidia","Bacteroidales","Prevotellaceae","Prevotella","Prevotella intermedia",8,0.00010740129150053,5.2,6.94886551652601e-05,"253","1122984","1"
"123",NA,NA,"Pseudomonadota","Gammaproteobacteria","Enterobacterales","Morganellaceae","Xenorhabdus","Xenorhabdus cabanillasii",8,0.00010740129150053,7.5,0.000100408489403531,"254","1427517","1"
"124",NA,NA,"Uroviricota","Caudoviricetes",NA,NA,"Punavirus","Punavirus SJ46",8,0.00010740129150053,8.9,0.000119948268270404,"256","1815968","1"
"125",NA,NA,"Bacillota","Clostridia","Eubacteriales","Clostridiaceae","Clostridium","Clostridium phoceensis",7,9.3976130062964e-05,5.5,7.4382067939046e-05,"257","1650661","1"
"126",NA,NA,"Uroviricota","Caudoviricetes",NA,NA,"Marienburgvirus","Marienburgvirus BP4795",7,9.3976130062964e-05,8.6,0.000114877046498632,"258","196242","1"
"127",NA,NA,"Bacillota","Clostridia","Lachnospirales","Lachnospiraceae","Lachnoclostridium","Lachnoclostridium phocaeense",6,8.05509686253977e-05,7.2,9.67739137479304e-05,"263","1871021","1"
"128",NA,NA,"Bacillota","Negativicutes","Veillonellales","Veillonellaceae","Dialister","Dialister succinatiphilus",6,8.05509686253977e-05,6,8.05610281030409e-05,"259","742743","1"
"129",NA,NA,"Bacillota","Tissierellia","Tissierellales","Peptoniphilaceae","Peptoniphilus","Peptoniphilus obesi",6,8.05509686253977e-05,4.5,6.05860207819312e-05,"262","1118062","1"
"130",NA,NA,"Bacteroidota","Bacteroidia","Bacteroidales","Bacteroidaceae","Bacteroides","Bacteroides reticulotermitis",6,8.05509686253977e-05,6,8.07022979236669e-05,"260","1445607","1"
"131",NA,NA,"Pseudomonadota","Gammaproteobacteria","Enterobacterales","Enterobacteriaceae","Pluralibacter","[Enterobacter] lignolyticus",6,8.05509686253977e-05,6.3,8.43207559052397e-05,"261","701347","1"
"132",NA,NA,"Uroviricota","Caudoviricetes",NA,NA,"Punavirus","Punavirus RCS47",6,8.05509686253977e-05,6.3,8.51462754562967e-05,"264","1590550","1"
"133",NA,NA,"Bacillota","Clostridia","Lachnospirales","Lachnospiraceae","Blautia","Blautia producta",5,6.71258071878314e-05,5,6.71388266369978e-05,"266","1121114","1"
"134",NA,NA,"Bacillota","Clostridia","Lachnospirales","Lachnospiraceae","Marvinbryantia","Marvinbryantia formatexigens",5,6.71258071878314e-05,5.3,7.17086959367575e-05,"268","478749","1"
"135",NA,NA,"Bacillota","Tissierellia","Tissierellales","Peptoniphilaceae","Urinicoccus","Urinicoccus massiliensis",5,6.71258071878314e-05,5.5,7.36983067601367e-05,"269","1723382","1"
"136",NA,NA,"Bacillota","Tissierellia",NA,NA,"Ezakiella","Ezakiella massiliensis",5,6.71258071878314e-05,5.3,7.11719759732593e-05,"270","1852374","1"
"137",NA,NA,"Pseudomonadota","Gammaproteobacteria","Enterobacterales","Enterobacteriaceae","Kluyvera","Kluyvera cryocrescens",5,6.71258071878314e-05,5,6.71411632975249e-05,"265","1218112","1"
"138",NA,NA,"Pseudomonadota","Gammaproteobacteria","Moraxellales","Moraxellaceae","Acinetobacter","Acinetobacter johnsonii",5,6.71258071878314e-05,3.8,5.07184181906114e-05,"267","1242245","1"
"139",NA,NA,"Uroviricota","Caudoviricetes",NA,NA,"Lambdavirus","Lambdavirus HK629",5,6.71258071878314e-05,2,2.72593998550627e-05,"271","1147148","1"
"140",NA,NA,"Actinomycetota","Actinomycetes","Micrococcales","Microbacteriaceae","Agrococcus","Agrococcus baldri",4,5.37006457502651e-05,2,2.68503434248873e-05,"279","153730","1"
"141",NA,NA,"Bacillota","Bacilli","Lactobacillales","Carnobacteriaceae","Carnobacterium","Carnobacterium maltaromaticum",4,5.37006457502651e-05,3.5,4.65803455114228e-05,"274","1234679","1"
"142",NA,NA,"Bacillota","Bacilli","Lactobacillales","Enterococcaceae","Enterococcus","Enterococcus casseliflavus",4,5.37006457502651e-05,3.5,4.75189527262414e-05,"275","565655","1"
"143",NA,NA,"Bacillota","Bacilli","Lactobacillales","Enterococcaceae","Enterococcus","Enterococcus italicus",4,5.37006457502651e-05,1.9,2.60200605489834e-05,"281","888064","1"
"144",NA,NA,"Bacillota","Bacilli","Lactobacillales","Lactobacillaceae","Ligilactobacillus","Ligilactobacillus agilis",4,5.37006457502651e-05,1.9,2.60902973104321e-05,"273","1601","1"
"145",NA,NA,"Bacillota","Clostridia","Eubacteriales","Butyricicoccaceae","Agathobaculum","Agathobaculum desmolans",4,5.37006457502651e-05,4,5.37076383015763e-05,"276","1408437","1"
"146",NA,NA,"Bacillota","Clostridia","Lachnospirales","Lachnospiraceae","Merdimonas","Merdimonas faecis",4,5.37006457502651e-05,3.9,5.260071620543e-05,"284","1653435","1"
"147",NA,NA,"Bacillota","Clostridia","Peptostreptococcales","Peptostreptococcaceae","Peptostreptococcus","Peptostreptococcus anaerobius",4,5.37006457502651e-05,4.2,5.62414904027835e-05,"272","1035196","1"
"148",NA,NA,"Bacillota","Tissierellia","Tissierellales","Peptoniphilaceae","Helcococcus","Helcococcus kunzii",4,5.37006457502651e-05,3.6,4.87858123566967e-05,"277","883114","1"
"149",NA,NA,"Bacteroidota","Bacteroidia","Bacteroidales","Bacteroidaceae","Phocaeicola","Phocaeicola salanitronis",4,5.37006457502651e-05,4,5.37097847937302e-05,"282","667015","1"
"150",NA,NA,"Pseudomonadota","Gammaproteobacteria","Enterobacterales","Enterobacteriaceae","Kosakonia","Kosakonia cowanii",4,5.37006457502651e-05,4.7,6.3583502445874e-05,"280","1300165","1"
"151",NA,NA,"Pseudomonadota","Gammaproteobacteria","Enterobacterales","Enterobacteriaceae","Trabulsiella","Trabulsiella odontotermitis",4,5.37006457502651e-05,6.2,8.28165143141695e-05,"283","379893","1"
"152",NA,NA,"Pseudomonadota","Gammaproteobacteria","Moraxellales","Moraxellaceae","Acinetobacter","Acinetobacter junii",4,5.37006457502651e-05,2,2.68503434248873e-05,"278","40215","1"
"153",NA,NA,"Actinomycetota","Actinomycetes","Bifidobacteriales","Bifidobacteriaceae","Bifidobacterium","Bifidobacterium biavatii",3,4.02754843126989e-05,3,4.02804140941349e-05,"300","1437608","1"
"154",NA,NA,"Actinomycetota","Actinomycetes","Bifidobacteriales","Bifidobacteriaceae","Bifidobacterium","Bifidobacterium cuniculi",3,4.02754843126989e-05,2.5,3.368049141737e-05,"287","1688","1"
"155",NA,NA,"Actinomycetota","Coriobacteriia","Coriobacteriales","Coriobacteriaceae","Senegalimassilia","Senegalimassilia anaerobia",3,4.02754843126989e-05,2.9,3.87120293679605e-05,"305","1034345","1"
"156",NA,NA,"Bacillota","Bacilli","Bacillales","Planococcaceae","Sporosarcina","Sporosarcina koreensis",3,4.02754843126989e-05,3,4.02810967675136e-05,"296","334735","1"
"157",NA,NA,"Bacillota","Bacilli","Lactobacillales","Enterococcaceae","Enterococcus","Enterococcus gilvus",3,4.02754843126989e-05,3,4.02811252295701e-05,"294","1158614","1"
"158",NA,NA,"Bacillota","Bacilli","Lactobacillales","Enterococcaceae","Enterococcus","Enterococcus hirae",3,4.02754843126989e-05,3.5,4.7047746263266e-05,"285","768486","1"
"159",NA,NA,"Bacillota","Clostridia","Eubacteriales","Oscillospiraceae","Ruminococcus","Ruminococcus callidus",3,4.02754843126989e-05,2.4,3.23311579492843e-05,"290","411473","1"
"160",NA,NA,"Bacillota","Clostridia","Lachnospirales","Anaerotignaceae","Anaerotignum","Anaerotignum neopropionicum",3,4.02754843126989e-05,3.5,4.72694394514991e-05,"289","36847","1"
"161",NA,NA,"Bacillota","Clostridia","Peptostreptococcales","Peptostreptococcaceae","Clostridioides","Clostridioides difficile",3,4.02754843126989e-05,3,4.0282340595427e-05,"286","272563","1"
"162",NA,NA,"Bacillota","Tissierellia","Tissierellales","Peptoniphilaceae","Anaerococcus","Anaerococcus tetradius",3,4.02754843126989e-05,3,4.02816575506052e-05,"288","525255","1"
"163",NA,NA,"Bacillota","Tissierellia","Tissierellales","Peptoniphilaceae","Peptoniphilus","Peptoniphilus faecalis",3,4.02754843126989e-05,2.1,2.76176510055917e-05,"304","2731255","1"
"164",NA,NA,"Bacillota","Tissierellia","Tissierellales","Peptoniphilaceae","Peptoniphilus","Peptoniphilus grossensis",3,4.02754843126989e-05,3.8,5.1465900578367e-05,"303","1118057","1"
"165",NA,NA,"Bacteroidota","Bacteroidia","Bacteroidales","Bacteroidaceae","Phocaeicola","Phocaeicola barnesiae",3,4.02754843126989e-05,3,4.02814410320485e-05,"297","1121094","1"
"166",NA,NA,"Bacteroidota","Bacteroidia","Bacteroidales","Bacteroidaceae","Phocaeicola","Phocaeicola paurosaccharolyticus",3,4.02754843126989e-05,3,4.02804032601356e-05,"299","1236498","1"
"167",NA,NA,"Bacteroidota","Bacteroidia","Bacteroidales","Prevotellaceae","Alloprevotella","Alloprevotella tannerae",3,4.02754843126989e-05,3,3.98766505399351e-05,"293","626522","1"
"168",NA,NA,"Bacteroidota","Bacteroidia","Bacteroidales","Prevotellaceae","Hoylesella","Hoylesella nanceiensis",3,4.02754843126989e-05,2.5,3.39023239958266e-05,"298","1122988","1"
"169",NA,NA,"Bacteroidota","Bacteroidia","Bacteroidales","Rikenellaceae","Alistipes","Alistipes senegalensis",3,4.02754843126989e-05,3,4.02869135186714e-05,"302","1033732","1"
"170",NA,NA,"Bacteroidota","Bacteroidia","Bacteroidales","Tannerellaceae","Parabacteroides","Parabacteroides goldsteinii",3,4.02754843126989e-05,3.3,4.49271812481415e-05,"295","927665","1"
"171",NA,NA,"Bacteroidota","Sphingobacteriia","Sphingobacteriales","Sphingobacteriaceae","Parapedobacter","Parapedobacter indicus",3,4.02754843126989e-05,3,4.02873192159657e-05,"306","1477437","1"
"172",NA,NA,"Fusobacteriota","Fusobacteriia","Fusobacteriales","Leptotrichiaceae","Oceanivirga","Oceanivirga salmonicida",3,4.02754843126989e-05,3,4.02796057218121e-05,"307","1769291","1"
"173",NA,NA,"Pseudomonadota","Gammaproteobacteria","Enterobacterales","Enterobacteriaceae","Kluyvera","Kluyvera ascorbata",3,4.02754843126989e-05,4,5.40974395816097e-05,"291","1006000","1"
"174",NA,NA,"Pseudomonadota","Gammaproteobacteria","Enterobacterales","Enterobacteriaceae","Kosakonia","Kosakonia sacchari",3,4.02754843126989e-05,3.2,4.30102026235424e-05,"301","1235834","1"
"175",NA,NA,"Pseudomonadota","Gammaproteobacteria","Enterobacterales","Erwiniaceae","Erwinia","Erwinia tracheiphila",3,4.02754843126989e-05,3.3,4.43217287844972e-05,"292","1044999","1"
"176",NA,NA,"Uroviricota","Caudoviricetes",NA,NA,NA,"Enterobacteria phage cdtI",3,4.02754843126989e-05,3.3,4.49200135737786e-05,"308","414970","1"
"177",NA,NA,"Ascomycota","Saccharomycetes","Phaffomycetales","Wickerhamomycetaceae","Wickerhamomyces","Wickerhamomyces ciferrii",2,2.68503228751326e-05,3.4,4.54310620764413e-05,"327","1041607","1"
"178",NA,NA,"Bacillota","Bacilli","Lactobacillales","Enterococcaceae","Enterococcus","Enterococcus malodoratus",2,2.68503228751326e-05,2,2.70430001530271e-05,"314","1158601","1"
"179",NA,NA,"Bacillota","Clostridia","Eubacteriales","Oscillospiraceae","Ruminococcus","Ruminococcus bicirculans (ex Wegman et al. 2014)",2,2.68503228751326e-05,2,2.68561641110087e-05,"321","1160721","1"
"180",NA,NA,"Bacillota","Clostridia","Lachnospirales","Lachnospiraceae","Eisenbergiella","Eisenbergiella tayi",2,2.68503228751326e-05,2,2.68536327705565e-05,"322","1432052","1"
"181",NA,NA,"Bacillota","Clostridia","Lachnospirales","Lachnospiraceae","Hespellia","Hespellia stercorisuis",2,2.68503228751326e-05,2,2.68541782662593e-05,"316","1121950","1"
"182",NA,NA,"Bacillota","Clostridia","Lachnospirales","Lachnospiraceae","Lachnoanaerobaculum","Lachnoanaerobaculum saburreum",2,2.68503228751326e-05,2,2.68540606195914e-05,"318","467210","1"
"183",NA,NA,"Bacillota","Erysipelotrichia","Erysipelotrichales","Erysipelotrichaceae","Faecalicoccus","Faecalicoccus pleomorphus",2,2.68503228751326e-05,1.9,2.60685865503602e-05,"310","1123313","1"
"184",NA,NA,"Bacillota","Erysipelotrichia","Erysipelotrichales","Erysipelotrichaceae","Traorella","Traorella massiliensis",2,2.68503228751326e-05,2,2.68548541278569e-05,"326","1903263","1"
"185",NA,NA,"Bacillota","Negativicutes","Acidaminococcales","Acidaminococcaceae","Succinispira","Succinispira mobilis",2,2.68503228751326e-05,0.9,1.27291320505566e-05,"315","1069080","1"
"186",NA,NA,"Bacillota",NA,NA,NA,"Negativibacillus","Negativibacillus massiliensis",2,2.68503228751326e-05,3.7,4.97289704001461e-05,"325","1871035","1"
"187",NA,NA,"Bacteroidota","Bacteroidia","Bacteroidales","Barnesiellaceae","Coprobacter","Coprobacter fastidiosus",2,2.68503228751326e-05,2.2,2.96005803959664e-05,"319","1349822","1"
"188",NA,NA,"Bacteroidota","Bacteroidia","Bacteroidales","Muribaculaceae","Muribaculum","Muribaculum intestinale",2,2.68503228751326e-05,2,2.71620613361453e-05,"324","1796646","1"
"189",NA,NA,"Bacteroidota","Bacteroidia","Bacteroidales","Porphyromonadaceae","Porphyromonas","Porphyromonas levii",2,2.68503228751326e-05,2,2.72297609113424e-05,"311","1122973","1"
"190",NA,NA,"Bacteroidota","Bacteroidia","Bacteroidales","Rikenellaceae","Alistipes","Alistipes ihumii",2,2.68503228751326e-05,2.1,2.85173701980172e-05,"323","1211813","1"
"191",NA,NA,"Pseudomonadota","Betaproteobacteria","Burkholderiales","Comamonadaceae","Comamonas","Comamonas kerstersii",2,2.68503228751326e-05,1,1.39881450259913e-05,"317","225992","1"
"192",NA,NA,"Pseudomonadota","Betaproteobacteria","Burkholderiales",NA,"Tepidimonas","Tepidimonas fonticaldi",2,2.68503228751326e-05,2,2.68502725330981e-05,"320","1101373","1"
"193",NA,NA,"Pseudomonadota","Gammaproteobacteria","Aeromonadales","Aeromonadaceae","Aeromonas","Aeromonas schubertii",2,2.68503228751326e-05,1,1.3426783748221e-05,"309","652","1"
"194",NA,NA,"Pseudomonadota","Gammaproteobacteria","Enterobacterales","Yersiniaceae","Serratia","Serratia rubidaea",2,2.68503228751326e-05,1,1.3426783748221e-05,"313","61652","1"
"195",NA,NA,"Thermodesulfobacteriota","Desulfovibrionia","Desulfovibrionales","Desulfovibrionaceae","Bilophila","Bilophila wadsworthia",2,2.68503228751326e-05,2,2.72273849614912e-05,"312","1408428","1"
"196",NA,NA,"Uroviricota","Caudoviricetes",NA,NA,"Traversvirus","Escherichia Stx1 converting phage",2,2.68503228751326e-05,9.4,0.000126727911216459,"328","194948","1"
"197",NA,NA,"Uroviricota","Caudoviricetes",NA,NA,"Traversvirus","Traversvirus PA28",2,2.68503228751326e-05,4.2,5.69581353124549e-05,"329","1660368","1"
"198",NA,NA,"Actinomycetota","Actinomycetes","Bifidobacteriales","Bifidobacteriaceae","Alloscardovia","Alloscardovia omnicolens",1,1.34251614375663e-05,1,1.34267846322483e-05,"362","1120979","1"
"199",NA,NA,"Actinomycetota","Actinomycetes","Bifidobacteriales","Bifidobacteriaceae","Bifidobacterium","Bifidobacterium pullorum",1,1.34251614375663e-05,1,1.3549435680082e-05,"349","78344","1"
"200",NA,NA,"Actinomycetota","Actinomycetes","Bifidobacteriales","Bifidobacteriaceae","Bifidobacterium","Bifidobacterium saguini",1,1.34251614375663e-05,1,1.34267968483377e-05,"367","1437607","1"
"201",NA,NA,"Actinomycetota","Actinomycetes","Bifidobacteriales","Bifidobacteriaceae","Bifidobacterium","Bifidobacterium scardovii",1,1.34251614375663e-05,1.1,1.53636743379563e-05,"354","1150461","1"
"202",NA,NA,"Actinomycetota","Actinomycetes","Bifidobacteriales","Bifidobacteriaceae","Bifidobacterium","Bifidobacterium subtile",1,1.34251614375663e-05,1,1.35238617904504e-05,"347","77635","1"
"203",NA,NA,"Actinomycetota","Actinomycetes","Bifidobacteriales","Bifidobacteriaceae","Bifidobacterium","Bifidobacterium tsurumiense",1,1.34251614375663e-05,1,1.34267854960529e-05,"361","356829","1"
"204",NA,NA,"Actinomycetota","Actinomycetes","Micrococcales","Cellulomonadaceae","Cellulomonas","Cellulomonas carbonis",1,1.34251614375663e-05,1,1.34267841667438e-05,"372","947969","1"
"205",NA,NA,"Actinomycetota","Actinomycetes","Mycobacteriales","Corynebacteriaceae","Corynebacterium","Corynebacterium aurimucosum",1,1.34251614375663e-05,0.2,3.35639415077306e-06,"355","169292","1"
"206",NA,NA,"Actinomycetota","Coriobacteriia","Coriobacteriales","Atopobiaceae","Parolsenella","Parolsenella massiliensis",1,1.34251614375663e-05,1.1,1.52247945823224e-05,"381","1871022","1"
"207",NA,NA,"Actinomycetota","Coriobacteriia","Eggerthellales","Eggerthellaceae","Phoenicibacter","Phoenicibacter congonensis",1,1.34251614375663e-05,1.3,1.75878568361509e-05,"383","1944646","1"
"208",NA,NA,"Ascomycota","Sordariomycetes","Hypocreales","Nectriaceae","Fusarium","Fusarium proliferatum",1,1.34251614375663e-05,0.4,4.91531965414312e-06,"384","1227346","1"
"209",NA,NA,"Bacillota","Bacilli","Bacillales","Bacillaceae","Heyndrickxia","Heyndrickxia acidiproducens",1,1.34251614375663e-05,0.3,4.60042151139082e-06,"369","444461","1"
"210",NA,NA,"Bacillota","Bacilli","Lactobacillales","Aerococcaceae","Falseniella","Falseniella ignava",1,1.34251614375663e-05,2.3,3.03778308348481e-05,"351","883112","1"
"211",NA,NA,"Bacillota","Bacilli","Lactobacillales","Carnobacteriaceae","Atopococcus","Atopococcus tabaci",1,1.34251614375663e-05,1,1.34269535006524e-05,"358","1121024","1"
"212",NA,NA,"Bacillota","Bacilli","Lactobacillales","Enterococcaceae","Enterococcus","Enterococcus asini",1,1.34251614375663e-05,1,1.3426783748221e-05,"346","1158606","1"
"213",NA,NA,"Bacillota","Bacilli","Lactobacillales","Enterococcaceae","Enterococcus","Enterococcus cecorum",1,1.34251614375663e-05,1.7,2.21814772631095e-05,"344","44008","1"
"214",NA,NA,"Bacillota","Bacilli","Lactobacillales","Lactobacillaceae","Amylolactobacillus","Amylolactobacillus amylophilus",1,1.34251614375663e-05,1,1.34269382599536e-05,"332","1423721","1"
"215",NA,NA,"Bacillota","Bacilli","Lactobacillales","Streptococcaceae","Streptococcus","Streptococcus pneumoniae",1,1.34251614375663e-05,0.2,2.46499185186516e-06,"331","171101","1"
"216",NA,NA,"Bacillota","Clostridia","Christensenellales","Christensenellaceae","Christensenella","Christensenella timonensis",1,1.34251614375663e-05,3.4,4.61287885024638e-05,"379","1816678","1"
"217",NA,NA,"Bacillota","Clostridia","Eubacteriales","Butyricicoccaceae","Butyricicoccus","Butyricicoccus pullicaecorum",1,1.34251614375663e-05,1.1,1.45342148756816e-05,"363","1203606","1"
"218",NA,NA,"Bacillota","Clostridia","Eubacteriales","Oscillospiraceae","Neglectibacter","Neglectibacter timonensis",1,1.34251614375663e-05,1.7,2.30325210022905e-05,"378","1776382","1"
"219",NA,NA,"Bacillota","Clostridia","Lachnospirales","Lachnospiraceae","Blautia","Blautia hydrogenotrophica",1,1.34251614375663e-05,1,1.3426828669179e-05,"345","476272","1"
"220",NA,NA,"Bacillota","Clostridia","Lachnospirales","Lachnospiraceae","Enterocloster","Enterocloster asparagiformis",1,1.34251614375663e-05,1,1.34269819851602e-05,"359","518636","1"
"221",NA,NA,"Bacillota","Clostridia","Lachnospirales","Lachnospiraceae","Faecalicatena","Faecalicatena contorta",1,1.34251614375663e-05,1,1.35189207202497e-05,"341","39482","1"
"222",NA,NA,"Bacillota","Clostridia","Lachnospirales","Lachnospiraceae","Johnsonella","Johnsonella ignava",1,1.34251614375663e-05,1.7,2.34151086133388e-05,"343","679200","1"
"223",NA,NA,"Bacillota","Clostridia","Lachnospirales","Lachnospiraceae","Lachnobacterium","Lachnobacterium bovis",1,1.34251614375663e-05,1,1.3426783748221e-05,"352","1122142","1"
"224",NA,NA,"Bacillota","Clostridia","Lachnospirales","Lachnospiraceae","Sellimonas","Sellimonas intestinalis",1,1.34251614375663e-05,1,1.34270462650157e-05,"376","1653434","1"
"225",NA,NA,"Bacillota","Clostridia","Lachnospirales","Lachnospiraceae","Stomatobaculum","Stomatobaculum longum",1,1.34251614375663e-05,1,1.34270320157412e-05,"368","796942","1"
"226",NA,NA,"Bacillota","Erysipelotrichia","Erysipelotrichales","Coprobacillaceae","Thomasclavelia","Thomasclavelia saccharogumia",1,1.34251614375663e-05,1,1.37155565309856e-05,"360","1121333","1"
"227",NA,NA,"Bacillota","Erysipelotrichia","Erysipelotrichales","Coprobacillaceae","Thomasclavelia","Thomasclavelia spiroformis",1,1.34251614375663e-05,1,1.3426783748221e-05,"337","428126","1"
"228",NA,NA,"Bacillota","Negativicutes","Acidaminococcales","Acidaminococcaceae","Acidaminococcus","Acidaminococcus fermentans",1,1.34251614375663e-05,1,1.36739810603334e-05,"330","591001","1"
"229",NA,NA,"Bacillota","Negativicutes","Acidaminococcales","Acidaminococcaceae","Succiniclasticum","Succiniclasticum ruminis",1,1.34251614375663e-05,0.6,8.38768481223462e-06,"342","1123323","1"
"230",NA,NA,"Bacillota","Tissierellia","Tissierellales","Gottschalkiaceae","Andreesenia","Andreesenia angusta",1,1.34251614375663e-05,1,1.34299786430601e-05,"340","39480","1"
"231",NA,NA,"Bacillota","Tissierellia","Tissierellales","Peptoniphilaceae","Anaerococcus","Anaerococcus obesiensis",1,1.34251614375663e-05,1,1.34283707701422e-05,"370","1118056","1"
"232",NA,NA,"Bacillota","Tissierellia","Tissierellales","Peptoniphilaceae","Peptoniphilus","Peptoniphilus senegalensis",1,1.34251614375663e-05,1,1.3426783748221e-05,"374","1033744","1"
"233",NA,NA,"Bacteroidota","Bacteroidia","Bacteroidales","Dysgonomonadaceae","Petrimonas","Petrimonas mucosa",1,1.34251614375663e-05,1,1.3426783748221e-05,"375","1642646","1"
"234",NA,NA,"Bacteroidota","Bacteroidia","Bacteroidales","Odoribacteraceae","Butyricimonas","Butyricimonas synergistica",1,1.34251614375663e-05,1,1.34269047613415e-05,"365","1121129","1"
"235",NA,NA,"Bacteroidota","Bacteroidia","Bacteroidales","Odoribacteraceae","Odoribacter","Odoribacter laneus",1,1.34251614375663e-05,1,1.34274796728422e-05,"366","742817","1"
"236",NA,NA,"Bacteroidota","Bacteroidia","Bacteroidales","Porphyromonadaceae","Porphyromonas","Porphyromonas cangingivalis",1,1.34251614375663e-05,0.8,1.13908583125571e-05,"339","1236520","1"
"237",NA,NA,"Bacteroidota","Bacteroidia","Bacteroidales","Prevotellaceae","Hoylesella","Hoylesella oralis",1,1.34251614375663e-05,1,1.3426788618437e-05,"333","873533","1"
"238",NA,NA,"Bacteroidota","Bacteroidia","Bacteroidales","Prevotellaceae","Prevotella","Prevotella falsenii",1,1.34251614375663e-05,1,1.34268077689183e-05,"364","1122983","1"
"239",NA,NA,"Bacteroidota","Bacteroidia","Bacteroidales","Prevotellaceae","Prevotella","Prevotella veroralis",1,1.34251614375663e-05,1.5,1.98054386686857e-05,"334","1122993","1"
"240",NA,NA,"Bacteroidota","Bacteroidia","Bacteroidales","Prevotellaceae","Segatella","Segatella albensis",1,1.34251614375663e-05,1.2,1.61881706252412e-05,"348","1122978","1"
"241",NA,NA,"Bacteroidota","Bacteroidia","Bacteroidales","Rikenellaceae","Rikenella","Rikenella microfusus",1,1.34251614375663e-05,1,1.34276114377871e-05,"335","880526","1"
"242",NA,NA,"Fusobacteriota","Fusobacteriia","Fusobacteriales","Leptotrichiaceae","Streptobacillus","Streptobacillus notomytis",1,1.34251614375663e-05,1,1.3426783748221e-05,"377","1712031","1"
"243",NA,NA,"Pseudomonadota","Alphaproteobacteria","Rhodobacterales","Paracoccaceae","Paracoccus","Paracoccus alcaliphilus",1,1.34251614375663e-05,1.1,1.43011802712112e-05,"338","34002","1"
"244",NA,NA,"Pseudomonadota","Betaproteobacteria","Burkholderiales","Comamonadaceae","Alicycliphilus","Alicycliphilus denitrificans",1,1.34251614375663e-05,1,1.3426783748221e-05,"356","596154","1"
"245",NA,NA,"Pseudomonadota","Betaproteobacteria","Burkholderiales","Comamonadaceae","Xenophilus","Xenophilus azovorans",1,1.34251614375663e-05,1,1.3426783748221e-05,"353","1123504","1"
"246",NA,NA,"Pseudomonadota","Gammaproteobacteria","Enterobacterales","Enterobacteriaceae","Cronobacter","Cronobacter sakazakii",1,1.34251614375663e-05,1,1.34270426208772e-05,"336","28141","1"
"247",NA,NA,"Pseudomonadota","Gammaproteobacteria","Enterobacterales","Enterobacteriaceae","Enterobacter","Enterobacter kobei",1,1.34251614375663e-05,1.7,2.2568084977383e-05,"357","208224","1"
"248",NA,NA,"Pseudomonadota","Gammaproteobacteria","Enterobacterales","Enterobacteriaceae","Entomohabitans","Entomohabitans teleogrylli",1,1.34251614375663e-05,1,1.34268011770602e-05,"371","1384589","1"
"249",NA,NA,"Pseudomonadota","Gammaproteobacteria","Enterobacterales","Hafniaceae","Edwardsiella","Edwardsiella anguillarum",1,1.34251614375663e-05,2.7,3.644194510192e-05,"380","667120","1"
"250",NA,NA,"Pseudomonadota","Gammaproteobacteria","Moraxellales","Moraxellaceae","Acinetobacter","Acinetobacter defluvii",1,1.34251614375663e-05,0.2,3.35639415077306e-06,"382","1871111","1"
"251",NA,NA,"Pseudomonadota","Gammaproteobacteria","Moraxellales","Moraxellaceae","Acinetobacter","Acinetobacter schindleri",1,1.34251614375663e-05,0.2,3.35639415077306e-06,"350","108981","1"
"252",NA,NA,"Pseudomonadota","Gammaproteobacteria","Pseudomonadales","Pseudomonadaceae","Pseudomonas","Pseudomonas saudimassiliensis",1,1.34251614375663e-05,0.2,3.35639415077306e-06,"373","1461581","1"
