Total Number of Aligned Reads:	88096	Total Number of Mapped Genomes:	4708
Genome	Final Guess	Final Best Hit	Final Best Hit Read Numbers	Final High Confidence Hits	Final Low Confidence Hits	Initial Guess	Initial Best Hit	Initial Best Hit Read Numbers	Initial High Confidence Hits	Initial Low Confidence Hits
ti|435590|org|Bacteroides_vulgatus_ATCC_8482|accession|NC_009614.1	0.24826570212020094	0.2520432255721032	22204.0	0.2520432255721032	0.0	0.23848922011133605	0.244806250740114	21566.451465201084	0.24441518343625135	0.0059367054122775155
ti|537011|org|Prevotella_copri_DSM_18205|accession|NZ_GG703852.1	0.12239318625060025	0.12838267344714857	11310.0	0.12820105339629495	0.00018162005085361425	0.07342621343885394	0.0699978973154825	6166.534761904747	0.1097212132219397	0.011566926988739557
ti|515619|org|[Eubacterium]_rectale_ATCC_33656|accession|NC_012781.1	0.10548418545807575	0.09057164911006176	7979.0	0.09057164911006176	0.0	0.10319838010518555	0.0838763210299658	7389.168377455867	0.08318198329095532	0.00216808935706502
ti|367928|org|Bifidobacterium_adolescentis_ATCC_15703|accession|NC_008618.1	0.06005193655331179	0.04826552851434798	4252.0	0.04826552851434798	0.0	0.05981420920095713	0.04814113769826856	4241.041666666667	0.048186069742099526	6.810751907010534e-05
ti|537011|org|Prevotella_copri_DSM_18205|accession|NZ_GG703853.1	0.05011444626907095	0.05263576098801308	4637.0	0.05218171086087904	0.0004540501271340356	0.04021181474918023	0.039161674817947544	3449.9869047619068	0.06390755539411551	0.007242099527787868
ti|537011|org|Prevotella_copri_DSM_18205|accession|NZ_GG703854.1	0.0458370725822415	0.042022339266254996	3702.0	0.04188612422811478	0.00013621503814021069	0.037517602633406616	0.03677612771390535	3239.829747084206	0.058708681438430804	0.010670177987649836
ti|537011|org|Prevotella_copri_DSM_18205|accession|NZ_GG703855.1	0.02415546228698333	0.021011169633127498	1851.0	0.020965764620414093	4.540501271340356e-05	0.02565859817204732	0.02517195827720774	2217.548836388893	0.03821966945150745	0.01020477660733745
ti|445970|org|Alistipes_putredinis_DSM_17216|accession|NZ_DS499579.1	0.021089885748394602	0.02525653832183073	2225.0	0.02525653832183073	0.0	0.010493243884541006	0.011948437202705293	1052.6095238095254	0.01773065746458409	0.005550762804213585
ti|445970|org|Alistipes_putredinis_DSM_17216|accession|NZ_DS499577.1	0.01964320662271549	0.021226843443516163	1870.0	0.021226843443516163	0.0	0.02234671411223628	0.022874423788767192	2015.1452380952344	0.024541409371594623	0.0024405194333454415
ti|411479|org|Bacteroides_uniformis_ATCC_8492|accession|NZ_DS362249.1	0.01915628040699946	0.015744188158372686	1387.0	0.015085815474028333	0.0006583726843443516	0.020938246883579984	0.016726260745853025	1473.516666666668	0.01774200871776244	0.0008853977479113695
ti|411479|org|Bacteroides_uniformis_ATCC_8492|accession|NZ_DS362248.1	0.018649295346335693	0.014983654195423175	1320.0	0.014960951689066472	2.270250635670178e-05	0.018696906527222754	0.01508203172296886	1328.6666666666647	0.014972302942244824	0.0003291863421721758
ti|411479|org|Bacteroides_uniformis_ATCC_8492|accession|NZ_DS362220.1	0.017441285969231366	0.013666908826734471	1204.0	0.013666908826734471	0.0	0.017198659497296327	0.013715908402954368	1208.316666666668	0.01351934253541591	0.0007378314565928078
ti|411479|org|Bacteroides_uniformis_ATCC_8492|accession|NZ_DS362247.1	0.015711548964074718	0.01287232110424991	1134.0	0.01287232110424991	0.0	0.015035831953065803	0.012298731470430528	1083.4690476190478	0.01199827460951689	0.000930802760624773
ti|411903|org|Collinsella_aerofaciens_ATCC_25986|accession|NZ_AAVN02000001.1	0.013133509445342462	0.010783690519433346	950.0	0.01060207046857973	0.00018162005085361425	0.01226029992277743	0.009891103644509017	871.3666666666664	0.009682618961133309	0.001044315292408282
ti|411479|org|Bacteroides_uniformis_ATCC_8492|accession|NZ_DS362246.1	0.012185726848224209	0.009546403922993099	841.0	0.009546403922993099	0.0	0.011005560005512113	0.008824013774295305	777.3603174603193	0.008445332364693062	0.0022929531420268798
ti|537011|org|Prevotella_copri_DSM_18205|accession|NZ_GG703856.1	0.011423572012870187	0.011033418089357065	972.0	0.010999364329822013	3.405375953505267e-05	0.016975232848815948	0.0160658880788058	1415.3404761904756	0.02756084271703596	0.0032351071558300035
ti|537011|org|Prevotella_copri_DSM_18205|accession|NZ_GG703857.1	0.011174980116188013	0.009739375227025063	858.0	0.009716672720668363	2.270250635670178e-05	0.016014474674811444	0.015921524462491142	1402.6226190476195	0.025426807119505995	0.006969669451507446
ti|411479|org|Bacteroides_uniformis_ATCC_8492|accession|NZ_DS362244.1	0.011111142972222638	0.008967490010897203	790.0	0.008967490010897203	0.0	0.011108798437297557	0.008967490010897203	790.0	0.008967490010897203	0.0
ti|411903|org|Collinsella_aerofaciens_ATCC_25986|accession|NZ_AAVN02000002.1	0.010981906035900407	0.009046948783145659	797.0	0.009001543770432255	4.540501271340356e-05	0.010133471063369238	0.008301716489659192	731.3480158730163	0.008025335997094079	0.0010783690519433346
ti|411479|org|Bacteroides_uniformis_ATCC_8492|accession|NZ_DS362243.1	0.009869214343432376	0.008025335997094079	707.0	0.008025335997094079	0.0	0.009926553166526485	0.008058633006417244	709.9333333333335	0.008048038503450781	0.0002383763167453687
ti|411479|org|Bacteroides_uniformis_ATCC_8492|accession|NZ_DS362239.1	0.009466871000847931	0.007480475844533236	659.0	0.007480475844533236	0.0	0.00946877839259993	0.00752588085724664	663.0	0.007571285869960044	0.0
ti|411479|org|Bacteroides_uniformis_ATCC_8492|accession|NZ_DS362240.1	0.009069889291010946	0.0073896658191064295	651.0	0.0073896658191064295	0.0	0.009077837463825771	0.007402152197602617	652.1000000000001	0.00740101707228478	3.405375953505267e-05
ti|411479|org|Bacteroides_uniformis_ATCC_8492|accession|NZ_DS362242.1	0.008945110062688064	0.007219397021431166	636.0	0.007219397021431166	0.0	0.008647351220522853	0.00704953362565513	621.0357142857143	0.006946966945150745	0.00043134762077733384
ti|411479|org|Bacteroides_uniformis_ATCC_8492|accession|NZ_DS362241.1	0.008615939746247702	0.006958318198329095	613.0	0.006958318198329095	0.0	0.007884568973351862	0.006387917726116982	562.7500000000017	0.00611832546313113	0.000828641482019615
ti|411479|org|Bacteroides_uniformis_ATCC_8492|accession|NZ_DS362245.1	0.008499493799659677	0.006606429349800218	582.0	0.006595078096621867	1.135125317835089e-05	0.011146924094963229	0.008769978205593994	772.6000000000085	0.007446422084998184	0.005153468942971304
ti|411903|org|Collinsella_aerofaciens_ATCC_25986|accession|NZ_AAVN02000003.1	0.007884787545306282	0.006050217944061025	533.0	0.006016164184525972	3.405375953505267e-05	0.007798362313898521	0.006110397603768474	538.3015873015875	0.005959407918634217	0.0007832364693062114
ti|537011|org|Prevotella_copri_DSM_18205|accession|NZ_GG703858.1	0.007505526246887979	0.006345350526698147	559.0	0.006333999273519797	1.135125317835089e-05	0.01346715247913983	0.01292293778360116	1138.4591269841278	0.022259807482746096	0.003155648383581547
ti|537011|org|Prevotella_copri_DSM_18205|accession|NZ_GG703859.1	0.00571402741244022	0.005039956411187795	444.0	0.005028605158009444	1.135125317835089e-05	0.011962508147462789	0.01219929989794683	1074.709523809524	0.020091718125681075	0.0027924082818743187
ti|411479|org|Bacteroides_uniformis_ATCC_8492|accession|NZ_DS362238.1	0.005111417646328005	0.004097802397384671	361.0	0.004097802397384671	0.0	0.005128770599293753	0.004233071497760019	372.9166666666666	0.0040637486378496184	0.0005789139120958954
ti|411903|org|Collinsella_aerofaciens_ATCC_25986|accession|NZ_AAVN02000004.1	0.005101384379235486	0.004018343625136215	354.0	0.003995641118779513	2.270250635670178e-05	0.00516898279717562	0.004040478568833998	355.9499999999999	0.0039615873592444605	0.00028378132945877226
ti|411479|org|Bacteroides_uniformis_ATCC_8492|accession|NZ_DS362234.1	0.004707423145796983	0.0037459135488557937	330.0	0.0037459135488557937	0.0	0.004703192792785619	0.0037572648020341446	331.0	0.0037572648020341446	1.135125317835089e-05
ti|411903|org|Collinsella_aerofaciens_ATCC_25986|accession|NZ_AAVN02000006.1	0.004643593990393508	0.0036778060297856883	324.0	0.0036778060297856883	0.0	0.004743646717591776	0.00374294510606035	329.7384920634926	0.0035642934980021795	0.0008967490010897203
ti|411903|org|Collinsella_aerofaciens_ATCC_25986|accession|NZ_AAVN02000005.1	0.004564004942290259	0.003507537232110425	309.0	0.003496185978932074	1.135125317835089e-05	0.004770247564969839	0.00373432355900345	328.97896825396793	0.003507537232110425	0.0008513439883763167
ti|445970|org|Alistipes_putredinis_DSM_17216|accession|NZ_DS499581.1	0.004297943746837663	0.004404286233200145	388.0	0.004404286233200145	0.0	0.004290306065321505	0.004413475342915951	388.8095238095236	0.004347529967308391	0.0002497275699237196
ti|411479|org|Bacteroides_uniformis_ATCC_8492|accession|NZ_DS362237.1	0.0036249557509256997	0.0028378132945877225	250.0	0.0028378132945877225	0.0	0.0036761409270831785	0.002878677806029784	253.59999999999985	0.002860515800944424	0.00014756629131856158
ti|411903|org|Collinsella_aerofaciens_ATCC_25986|accession|NZ_AAVN02000007.1	0.0035508219980846653	0.002905920813657828	256.0	0.002905920813657828	0.0	0.003550037943775238	0.002797493823476839	246.44801587301563	0.0025086269524155465	0.0012486378496185978
ti|411479|org|Bacteroides_uniformis_ATCC_8492|accession|NZ_DS362235.1	0.003419139872140517	0.0027356520159825645	241.0	0.0027356520159825645	0.0	0.003415718553285445	0.0027356520159825645	241.0	0.0027356520159825645	0.0
ti|411479|org|Bacteroides_uniformis_ATCC_8492|accession|NZ_DS362223.1	0.003246655314846077	0.0025540319651289503	225.0	0.0025540319651289503	0.0	0.0033161873488742073	0.00261646385760988	230.5	0.002667544496912459	0.0
ti|411479|org|Bacteroides_uniformis_ATCC_8492|accession|NZ_DS362236.1	0.003148345920515118	0.0025199782055938974	222.0	0.0025199782055938974	0.0	0.0032683883180443865	0.0026107882310207045	230.0	0.00267889575009081	0.0
ti|411479|org|Bacteroides_uniformis_ATCC_8492|accession|NZ_DS362232.1	0.0029496282595364654	0.0024064656738103886	212.0	0.0024064656738103886	0.0	0.002949628259532305	0.0024064656738103886	212.0	0.0024064656738103886	0.0
ti|411479|org|Bacteroides_uniformis_ATCC_8492|accession|NZ_DS362233.1	0.0028928012305344908	0.0023497094079186344	207.0	0.0023497094079186344	0.0	0.0028927900475621336	0.0023497094079186344	207.0	0.0023497094079186344	0.0
ti|411903|org|Collinsella_aerofaciens_ATCC_25986|accession|NZ_AAVN02000009.1	0.002837147534184718	0.002077279331638213	183.0	0.002077279331638213	0.0	0.002983523021014886	0.002365011077381669	208.3480158730155	0.002088630584816564	0.0013735016345804577
ti|411903|org|Collinsella_aerofaciens_ATCC_25986|accession|NZ_AAVN02000008.1	0.0026628913353660645	0.0021567381038866693	190.0	0.0021567381038866693	0.0	0.002916062725718018	0.0024435779654518263	215.2694444444441	0.002190791863421722	0.0011464765710134399
ti|537011|org|Prevotella_copri_DSM_18205|accession|NZ_GG703861.1	0.002596629380558342	0.002905920813657828	256.0	0.002883218307301126	2.270250635670178e-05	0.009234189678659266	0.009308673792305286	820.0569264069264	0.015312840537595351	0.0024291681801670907
ti|537011|org|Prevotella_copri_DSM_18205|accession|NZ_GG703862.1	0.002548152341480878	0.0022475481293134764	198.0	0.0022248456229567743	2.270250635670178e-05	0.007904088023949995	0.007446795955638584	656.0329365079367	0.012997184889211769	0.0013848528877588085
ti|537011|org|Prevotella_copri_DSM_18205|accession|NZ_GG703860.1	0.002424619036867513	0.002054576825281511	181.0	0.002054576825281511	0.0	0.00880157432120652	0.009587320183061101	844.6045588469507	0.014756629131856156	0.005005902651652743
ti|411903|org|Collinsella_aerofaciens_ATCC_25986|accession|NZ_AAVN02000010.1	0.0020395655802045902	0.0016913367235742826	149.0	0.0016913367235742826	0.0	0.0020385814062679757	0.0016686342172175807	147.0	0.0016799854703959318	1.135125317835089e-05
ti|411903|org|Collinsella_aerofaciens_ATCC_25986|accession|NZ_AAVN02000011.1	0.0019858543193238248	0.0015778241917907736	139.0	0.0015778241917907736	0.0	0.002024598438489846	0.0016289048310933528	143.5	0.0016686342172175807	1.135125317835089e-05
ti|1002367|org|Prevotella_stercorea_DSM_18206|accession|NZ_JH379375.1	0.0018016158624304147	0.0015210679258990192	134.0	0.0015210679258990192	0.0	0.000684991458358119	0.0006526970577551772	57.50000000000009	0.00028378132945877226	0.0012145840900835453
ti|537011|org|Prevotella_copri_DSM_18205|accession|NZ_GG703863.1	0.0017625152985549343	0.001237286596440247	109.0	0.001237286596440247	0.0	0.007498381702056357	0.0072928153053811425	642.4678571428572	0.012554486015256085	0.0014756629131856156
ti|411479|org|Bacteroides_uniformis_ATCC_8492|accession|NZ_DS362231.1	0.0016491871507646812	0.0012713403559752997	112.0	0.0012713403559752997	0.0	0.0017512928953143292	0.0013394478750454047	117.99999999999999	0.0012826916091536506	0.0002383763167453687
ti|411903|org|Collinsella_aerofaciens_ATCC_25986|accession|NZ_AAVN02000013.1	0.0010956665976700176	0.0008513439883763167	75.0	0.0008513439883763167	0.0	0.0011984057195700488	0.0009364783872139481	82.49999999999997	0.0008513439883763167	0.00030648383581547404
ti|411479|org|Bacteroides_uniformis_ATCC_8492|accession|NZ_DS362229.1	0.0010699170695714464	0.0008399927351979659	74.0	0.0008399927351979659	0.0	0.0010699170696176997	0.0008399927351979659	74.0	0.0008399927351979659	0.0
ti|411903|org|Collinsella_aerofaciens_ATCC_25986|accession|NZ_AAVN02000012.1	0.0010483670271408936	0.0008172902288412641	72.0	0.0008172902288412641	0.0	0.0012101814612514726	0.0009694510750177287	85.40476190476183	0.000828641482019615	0.0006697239375227025
ti|1841857|org|Culturomica_massiliensis|accession|NZ_LT594621.1	0.0009746527751271425	0.0008059389756629132	71.0	0.0008059389756629132	0.0	0.0005881912366592838	0.00042261620461386866	37.230797161663375	0.0002383763167453687	0.001441609153650563
ti|411903|org|Collinsella_aerofaciens_ATCC_25986|accession|NZ_AAVN02000014.1	0.0009154973386950287	0.0007378314565928078	65.0	0.0007378314565928078	0.0	0.0011342157161923605	0.0009048300122809749	79.71190476190476	0.0007378314565928078	0.000726480203414457
ti|411903|org|Collinsella_aerofaciens_ATCC_25986|accession|NZ_AAVN02000016.1	0.0008194203576110511	0.0006356701779876499	56.0	0.0006356701779876499	0.0	0.0008906105801171445	0.000703214638864385	61.95039682539686	0.0006470214311660007	0.0003632401017072285
ti|411479|org|Bacteroides_uniformis_ATCC_8492|accession|NZ_DS362228.1	0.0007807103804447319	0.0006470214311660007	57.0	0.0006470214311660007	0.0	0.0005542376249941852	0.00048432013560963805	42.66666666666667	0.0005562114057391936	9.081002542680712e-05
ti|537011|org|Prevotella_copri_DSM_18205|accession|NZ_GG703865.1	0.0007594774561187565	0.0006243189248092989	55.0	0.0006243189248092989	0.0	0.004348712885381931	0.00440270066132762	387.860317460318	0.007083181983290956	0.0029853795859062842
ti|411903|org|Collinsella_aerofaciens_ATCC_25986|accession|NZ_AAVN02000015.1	0.0007380931316334419	0.0006129676716309481	54.0	0.0006129676716309481	0.0	0.0007824480653843354	0.0006499943784269977	57.261904761904795	0.0006129676716309481	0.00020432255721031603
ti|537011|org|Prevotella_copri_DSM_18205|accession|NZ_GG703864.1	0.0007142016030452664	0.00051080639302579	45.0	0.00051080639302579	0.0	0.006282351186771308	0.006965358930798807	613.6202603676517	0.01071558300036324	0.004551852524518707
ti|411479|org|Bacteroides_uniformis_ATCC_8492|accession|NZ_DS362225.1	0.0006836372063898144	0.0004994551398474392	44.0	0.0004994551398474392	0.0	0.0006866128951331012	0.0005391845259716673	47.5	0.0005789139120958954	0.0
ti|226186|org|Bacteroides_thetaiotaomicron_VPI-5482|accession|NC_004663.1	0.0005763735230844236	0.0006129676716309481	54.0	0.0006129676716309481	0.0	0.0014054845105684437	0.0012473856081965421	109.88968253968258	0.0006810751907010534	0.0024291681801670907
ti|411903|org|Collinsella_aerofaciens_ATCC_25986|accession|NZ_AAVN02000017.1	0.0005483609202743547	0.00041999636759898295	37.0	0.00041999636759898295	0.0	0.0006146634680140019	0.0004761850708318202	41.95000000000003	0.00041999636759898295	0.0002497275699237196
ti|411479|org|Bacteroides_uniformis_ATCC_8492|accession|NZ_DS362230.1	0.0004536854799410134	0.00040864511442063206	36.0	0.00040864511442063206	0.0	0.0004506996506255019	0.0003689157282964039	32.5	0.00040864511442063206	0.0
ti|537011|org|Prevotella_copri_DSM_18205|accession|NZ_GG703873.1	0.0002505116848416731	0.0002270250635670178	20.0	0.0002270250635670178	0.0	0.0003100945847021592	0.00029740283327279326	26.199999999999996	0.00027243007628042137	9.081002542680712e-05
ti|537011|org|Prevotella_copri_DSM_18205|accession|NZ_GG703866.1	0.0002232669300514506	0.00017026879767526336	15.0	0.00017026879767526336	0.0	0.0029610542047149684	0.003672387157732688	323.5226190476189	0.005255630221576462	0.0022134943697784235
ti|763034|org|Bacteroides_fluxus_YIT_12057|accession|NZ_GL882693.1	0.0001263714393022324	0.0001135125317835089	10.0	0.0001135125317835089	0.0	0.00033390509922670835	0.0002762138273398715	24.33333333333332	0.0001135125317835089	0.0004767526334907374
ti|411903|org|Collinsella_aerofaciens_ATCC_25986|accession|NZ_AAVN02000018.1	0.00010136609659864163	6.810751907010534e-05	6.0	6.810751907010534e-05	0.0	0.00011325234855756082	7.945877224845623e-05	7.0	6.810751907010534e-05	2.270250635670178e-05
ti|537011|org|Prevotella_copri_DSM_18205|accession|NZ_GG703867.1	9.144676856799429e-05	9.081002542680712e-05	8.0	9.081002542680712e-05	0.0	0.0023729388372128756	0.0025611400117620605	225.62619047619046	0.0038594260806393025	0.0013507991282237558
ti|411903|org|Collinsella_aerofaciens_ATCC_25986|accession|NZ_AAVN02000020.1	8.984475731935765e-05	5.675626589175445e-05	5.0	5.675626589175445e-05	0.0	8.984475731935765e-05	5.675626589175445e-05	5.0	5.675626589175445e-05	0.0
ti|411479|org|Bacteroides_uniformis_ATCC_8492|accession|NZ_DS362221.1	8.339714513477013e-05	5.675626589175445e-05	5.0	5.675626589175445e-05	0.0	0.00017939880605514032	0.0001343231626104855	11.833333333333332	0.00018162005085361425	2.270250635670178e-05
ti|411479|org|Bacteroides_uniformis_ATCC_8492|accession|NZ_DS362227.1	7.573996380762755e-05	5.675626589175445e-05	5.0	5.675626589175445e-05	0.0	9.613437066933946e-05	7.226964523550069e-05	6.366666666666668	5.675626589175445e-05	9.081002542680712e-05
ti|1871018|org|Angelakisella_massiliensis|accession|NZ_LT629945.1	6.929037031853554e-05	0.0024518706865237923	216.0	0.0024518706865237923	0.0	2.1492440864231335e-05	0.0003539857467576993	31.184728346366278	0.00013621503814021069	0.00043134762077733384
ti|411903|org|Collinsella_aerofaciens_ATCC_25986|accession|NZ_AAVN02000021.1	6.216331287447044e-05	4.540501271340356e-05	4.0	4.540501271340356e-05	0.0	6.262810677528093e-05	4.540501271340356e-05	4.0	4.540501271340356e-05	0.0
ti|537011|org|Prevotella_copri_DSM_18205|accession|NZ_GG703868.1	5.635132140998265e-05	5.675626589175445e-05	5.0	5.675626589175445e-05	0.0	0.0016370228207766154	0.0017565451371186027	154.74460039960042	0.0027243007628042137	0.0007037776970577552
ti|445970|org|Alistipes_putredinis_DSM_17216|accession|NZ_DS499580.1	5.4045260429841695e-05	0.00014756629131856158	13.0	0.00014756629131856158	0.0	0.007768014992251292	0.009271442337075287	816.7769841269845	0.013303668725027243	0.005051307664366146
ti|537011|org|Prevotella_copri_DSM_18205|accession|NZ_GG703875.1	5.3906854391614595e-05	3.405375953505267e-05	3.0	3.405375953505267e-05	0.0	9.830831908612987e-05	8.418846107276909e-05	7.416666666666666	4.540501271340356e-05	0.0001135125317835089
ti|411903|org|Collinsella_aerofaciens_ATCC_25986|accession|NZ_AAVN02000019.1	4.745924220702706e-05	3.405375953505267e-05	3.0	3.405375953505267e-05	0.0	5.258985637912527e-05	3.632401017072285e-05	3.2	3.405375953505267e-05	1.135125317835089e-05
ti|537011|org|Prevotella_copri_DSM_18205|accession|NZ_GG703872.1	3.614011431357496e-05	3.405375953505267e-05	3.0	3.405375953505267e-05	0.0	0.0006660531426874216	0.0006714266254994551	59.15	0.0011010715583000363	0.00020432255721031603
ti|484018|org|Bacteroides_plebeius_DSM_17135|accession|NZ_DS990127.1	2.957940645774297e-05	2.270250635670178e-05	2.0	2.270250635670178e-05	0.0	8.27216525004621e-05	0.0001679340985325366	14.794322344322344	3.405375953505267e-05	0.0005902651652742463
ti|411483|org|Faecalibacterium_prausnitzii_A2-165|accession|NZ_GG697149.2	2.631234840396232e-05	0.013212858699600436	1164.0	0.013212858699600436	0.0	2.3659290965893145e-05	0.010106193969110578	890.3152639027654	0.00995504903741373	0.001770795495822739
ti|295405|org|Bacteroides_fragilis_YCH46|accession|NC_006347.1	2.178765744826082e-05	0.00017026879767526336	15.0	0.00017026879767526336	0.0	0.00032404635381470744	0.0004858453874966119	42.80103525690152	0.00018162005085361425	0.002190791863421722
ti|411483|org|Faecalibacterium_prausnitzii_A2-165|accession|NZ_GG697154.2	1.9886852772050897e-05	0.006390755539411551	563.0	0.006390755539411551	0.0	1.2210524670340008e-05	0.0040480460709529	356.6166666666667	0.004234017435524882	0.00031783508899382493
ti|547042|org|Bacteroides_coprophilus_DSM_18228_=_JCM_13818|accession|NZ_EQ973646.1	1.8130874354536704e-05	1.135125317835089e-05	1.0	1.135125317835089e-05	0.0	0.0005683942970147152	0.00044837450054486025	39.50000000000001	9.081002542680712e-05	0.0011578278241917907
ti|411903|org|Collinsella_aerofaciens_ATCC_25986|accession|NZ_AAVN02000025.1	1.7968951463871532e-05	1.135125317835089e-05	1.0	1.135125317835089e-05	0.0	4.7134549976355717e-05	3.364835763582585e-05	2.964285714285714	2.270250635670178e-05	7.945877224845623e-05
ti|411903|org|Collinsella_aerofaciens_ATCC_25986|accession|NZ_AAVN02000024.1	1.7968951463871532e-05	1.135125317835089e-05	1.0	1.135125317835089e-05	0.0	3.73346445134057e-05	2.270250635670178e-05	2.0	2.270250635670178e-05	0.0
ti|411903|org|Collinsella_aerofaciens_ATCC_25986|accession|NZ_AAVN02000023.1	1.7968951463871532e-05	1.135125317835089e-05	1.0	1.135125317835089e-05	0.0	2.6278678477101722e-05	1.8648487364433605e-05	1.6428571428571428	1.135125317835089e-05	5.675626589175445e-05
ti|246787|org|Bacteroides_cellulosilyticus|accession|NZ_CP012801.1	1.3567972707399664e-05	0.00027243007628042137	24.0	0.00027243007628042137	0.0	8.078904676638094e-05	0.0002813517556799226	24.785964268378464	0.0002497275699237196	0.0004540501271340356
ti|1410653|org|Clostridium_lundense_DSM_17049|accession|NZ_JHVC01000015.1	1.1522952400868278e-05	1.135125317835089e-05	1.0	1.135125317835089e-05	0.0	7.981928617151198e-06	8.513439883763168e-06	0.75	0.0	2.270250635670178e-05
ti|411903|org|Collinsella_aerofaciens_ATCC_25986|accession|NZ_AAVN02000022.1	1.1521339279284003e-05	1.135125317835089e-05	1.0	1.135125317835089e-05	0.0	4.84426146132072e-05	4.1598739326218435e-05	3.664682539682539	1.135125317835089e-05	0.0002270250635670178
ti|999419|org|Parabacteroides_johnsonii_CL02T12C29|accession|NZ_JH976467.1	1.0992671893062445e-05	0.0006810751907010534	60.0	0.0006810751907010534	0.0	1.0088370846940515e-05	0.0005243738432532477	46.1952380952381	0.000522157646204141	0.0001135125317835089
ti|537011|org|Prevotella_copri_DSM_18205|accession|NZ_GG703871.1	1.0693186824555339e-05	1.135125317835089e-05	1.0	1.135125317835089e-05	0.0	0.0004090000779166455	0.0006663816240868549	58.70555555555556	0.0008172902288412641	0.0005902651652742463
ti|258723|org|Marinilactibacillus_piezotolerans|accession|NZ_FWDP01000002.1	8.740483812984017e-06	1.135125317835089e-05	1.0	2.270250635670178e-05	0.0	5.8190352211262234e-06	7.567502118900593e-06	0.6666666666666666	0.0	2.270250635670178e-05
ti|1499680|org|Bacillus_rubiinfantis|accession|NZ_CCFE01000031.1	8.740483812984017e-06	1.135125317835089e-05	1.0	2.270250635670178e-05	0.0	5.8190352211262234e-06	7.567502118900593e-06	0.6666666666666666	0.0	2.270250635670178e-05
ti|411483|org|Faecalibacterium_prausnitzii_A2-165|accession|NZ_GG697150.2	6.315266021290616e-06	0.011975572103160189	1055.0	0.011964220849981838	1.135125317835089e-05	3.2511420513464186e-05	0.010455828490131979	921.1166666666668	0.010965310570286959	0.00040864511442063206
ti|717959|org|Alistipes_shahii_WAL_8301|accession|NC_021030.1	4.489973757915241e-06	0.00021567381038866692	19.0	0.00021567381038866692	0.0	0.00012018067049327504	0.000647519379357375	57.04386724386731	0.0004540501271340356	0.0015778241917907736
ti|1236513|org|Bacteroides_faecichinchillae_JCM_17102|accession|NZ_BAKK01000003.1	1.34255459035563e-06	9.081002542680712e-05	8.0	9.081002542680712e-05	0.0	1.3446961963438162e-06	9.081002542680712e-05	8.0	9.081002542680712e-05	0.0
ti|411483|org|Faecalibacterium_prausnitzii_A2-165|accession|NZ_GG697156.2	7.982466557981705e-07	0.003098892117689793	273.0	0.003087540864511442	1.135125317835089e-05	6.2263349572131445e-06	0.0032805121685434073	289.0	0.003598347257537232	4.540501271340356e-05
ti|411483|org|Faecalibacterium_prausnitzii_A2-165|accession|NZ_GG697159.2	4.656028399710738e-07	0.0004767526334907374	42.0	0.0004767526334907374	0.0	9.305211198847709e-07	0.0004426988739556847	39.0	0.000522157646204141	0.0
ti|999419|org|Parabacteroides_johnsonii_CL02T12C29|accession|NZ_JH976466.1	2.2016815955064176e-07	0.00019297130403196514	17.0	0.00019297130403196514	0.0	4.157932675752742e-06	0.00020432255721031603	18.0	0.00018162005085361425	3.405375953505267e-05
ti|40520|org|Blautia_obeum|accession|NZ_CYZA01000015.1	6.856681621450566e-08	0.0003859426080639303	34.0	0.0003859426080639303	0.0	2.1297568211370286e-06	0.0003916182346531057	34.5	0.0004426988739556847	0.0
ti|1121101|org|Bacteroides_salyersiae_WAL_10018_=_DSM_18765_=_JCM_12988|accession|NZ_KB905466.1	3.297425468519523e-08	7.945877224845623e-05	7.0	7.945877224845623e-05	0.0	2.020185666396024e-06	0.00013810691366993583	12.166666666666668	0.0001248637849618598	3.405375953505267e-05
ti|745368|org|Gemmiger_formicilis|accession|NZ_FUYF01000007.1	1.8311197873836945e-08	0.0001248637849618598	11.0	0.0001248637849618598	0.0	1.983247302062829e-08	0.0005429682770311176	47.833333333333336	0.0005448601525608427	4.540501271340356e-05
ti|1871016|org|Collinsella_phocaeensis|accession|NZ_FQLR01000004.1	6.0279120530162284e-09	1.135125317835089e-05	1.0	1.135125317835089e-05	0.0	4.325544885723001e-06	2.8378132945877226e-06	0.25	0.0	2.270250635670178e-05
ti|411483|org|Faecalibacterium_prausnitzii_A2-165|accession|NZ_GG697152.2	4.995902082623532e-09	0.006822103160188885	601.0	0.006822103160188885	0.0	1.7631997743624737e-05	0.006031704590663001	531.3690476190477	0.006345350526698147	0.00021567381038866692
ti|1236513|org|Bacteroides_faecichinchillae_JCM_17102|accession|NZ_BAKK01000002.1	2.7700452611208855e-09	9.081002542680712e-05	8.0	9.081002542680712e-05	0.0	2.776542395786293e-09	5.675626589175445e-05	5.0	5.675626589175445e-05	0.0
ti|1121129|org|Butyricimonas_synergistica_DSM_23225|accession|NZ_KB903359.1	1.3246845886917084e-09	0.00013621503814021069	12.0	0.00013621503814021069	0.0	5.279735545834356e-09	0.0001135125317835089	10.0	0.0001135125317835089	0.0
ti|411483|org|Faecalibacterium_prausnitzii_A2-165|accession|NZ_GG697151.2	9.952251955648896e-10	0.007889120958953869	695.0	0.007889120958953869	0.0	4.3880851214779264e-07	0.00795074620560454	700.4289377289376	0.008513439883763168	0.0002497275699237196
ti|763034|org|Bacteroides_fluxus_YIT_12057|accession|NZ_GL882607.1	9.116599137255939e-10	1.135125317835089e-05	1.0	1.135125317835089e-05	0.0	3.0770049150214936e-08	3.405375953505267e-05	3.0	3.405375953505267e-05	0.0
ti|1121101|org|Bacteroides_salyersiae_WAL_10018_=_DSM_18765_=_JCM_12988|accession|NZ_KB905467.1	4.200451705230829e-10	7.945877224845623e-05	7.0	7.945877224845623e-05	0.0	5.341127681182056e-06	9.648565201598257e-05	8.5	0.00010216127860515801	0.0
ti|411483|org|Faecalibacterium_prausnitzii_A2-165|accession|NZ_GG697153.2	1.1448116525017324e-10	0.0023497094079186344	207.0	0.0023497094079186344	0.0	7.941402629567147e-06	0.002690247003269162	237.00000000000009	0.002815110788231021	0.00019297130403196514
ti|411483|org|Faecalibacterium_prausnitzii_A2-165|accession|NZ_GG697155.2	3.139445818627819e-11	0.0028491645477660733	251.0	0.0028491645477660733	0.0	2.0088979242466588e-07	0.004323881523186826	380.91666666666663	0.004347529967308391	0.0006016164184525971
ti|745368|org|Gemmiger_formicilis|accession|NZ_FUYF01000012.1	2.9108328172497054e-11	0.0005675626589175445	50.0	0.0005675626589175445	0.0	1.7381855161570146e-05	0.0018029830773315157	158.8355971805972	0.0014870141663639665	0.0011010715583000363
ti|411467|org|Pseudoflavonifractor_capillosus_ATCC_29799|accession|NZ_AAXG02000024.1	3.5244044210965593e-12	0.00019297130403196514	17.0	0.00019297130403196514	0.0	5.25481295611746e-09	0.00013621503814021069	12.0	0.0001248637849618598	4.540501271340356e-05
ti|796942|org|Stomatobaculum_longum|accession|NZ_JH590861.1	2.0221390925086723e-12	0.0002497275699237196	22.0	0.0002497275699237196	0.0	6.107927766528998e-08	0.000255403196512895	22.5	0.0002610788231020705	0.0
ti|411483|org|Faecalibacterium_prausnitzii_A2-165|accession|NZ_GG697158.2	1.1126755394210776e-12	0.0011124228114783872	98.0	0.0011124228114783872	0.0	5.428034862051987e-10	0.0013262047463373284	116.83333333333329	0.0013848528877588085	0.00019297130403196514
ti|511680|org|Butyrivibrio_crossotus_DSM_2876|accession|NZ_GG663519.1	3.417684322371016e-13	6.810751907010534e-05	6.0	6.810751907010534e-05	0.0	1.7104422382332476e-13	6.24318924809299e-05	5.5	6.810751907010534e-05	0.0
ti|999419|org|Parabacteroides_johnsonii_CL02T12C29|accession|NZ_JH976465.1	3.3236597768798785e-13	4.540501271340356e-05	4.0	4.540501271340356e-05	0.0	1.980457057787331e-06	7.599934270838739e-05	6.695238095238095	5.675626589175445e-05	0.0001135125317835089
ti|1445607|org|Bacteroides_reticulotermitis_JCM_10512|accession|NZ_BAIV01000014.1	3.27028976218151e-13	2.270250635670178e-05	2.0	2.270250635670178e-05	0.0	1.2079593652084933e-05	2.8378132945877226e-05	2.5	2.270250635670178e-05	1.135125317835089e-05
ti|40518|org|Ruminococcus_bromii|accession|NZ_FMUV01000042.1	1.2244390161512188e-13	0.0004994551398474392	44.0	0.0004994551398474392	0.0	1.2244389133180032e-13	0.0004937795132582638	43.5	0.0004994551398474392	0.0
ti|40518|org|Ruminococcus_bromii|accession|NZ_FMUV01000034.1	1.2244388104847873e-13	3.405375953505267e-05	3.0	3.405375953505267e-05	0.0	1.224438913318003e-13	3.9729386124228117e-05	3.5	4.540501271340356e-05	0.0
ti|997884|org|Bacteroides_nordii_CL02T12C05|accession|NZ_JH724314.1	7.201996544241991e-14	7.945877224845623e-05	7.0	7.945877224845623e-05	0.0	8.108264343870991e-05	8.498367249048322e-05	7.4867216117216095	3.405375953505267e-05	0.00019297130403196514
ti|763034|org|Bacteroides_fluxus_YIT_12057|accession|NZ_GL882637.1	2.6538004918447493e-14	1.135125317835089e-05	1.0	1.135125317835089e-05	0.0	1.1168249448582499e-09	0.0	0.0	0.0	0.0
ti|449673|org|Bacteroides_stercoris_ATCC_43183|accession|NZ_DS499676.1	2.124997313700595e-14	2.270250635670178e-05	2.0	2.270250635670178e-05	0.0	0.001986483699418981	0.0014162850483455222	124.76904761904713	0.00021567381038866692	0.0036664547766073374
ti|880526|org|Rikenella_microfusus_DSM_15922|accession|NZ_KE386488.1	5.601463276084111e-15	1.135125317835089e-05	1.0	1.135125317835089e-05	0.0	4.703209527703325e-05	7.758540488024453e-05	6.8349638283300225	2.270250635670178e-05	0.0008853977479113695
ti|880074|org|Barnesiella_viscericola_DSM_18177|accession|NZ_CP007034.1	3.683302212805714e-15	4.540501271340356e-05	4.0	4.540501271340356e-05	0.0	5.132742917900593e-05	8.561807604386617e-05	7.542610027160435	5.675626589175445e-05	0.0008513439883763167
ti|1236513|org|Bacteroides_faecichinchillae_JCM_17102|accession|NZ_BAKK01000016.1	6.578113745598425e-17	2.270250635670178e-05	2.0	2.270250635670178e-05	0.0	1.508930389294658e-11	3.405375953505267e-05	3.0	3.405375953505267e-05	0.0
ti|1121129|org|Butyricimonas_synergistica_DSM_23225|accession|NZ_KB903370.1	5.886354810038575e-17	1.135125317835089e-05	1.0	1.135125317835089e-05	0.0	5.886354810038575e-17	1.135125317835089e-05	1.0	1.135125317835089e-05	0.0
ti|667015|org|Bacteroides_salanitronis_DSM_18170|accession|NC_015164.1	2.4199528087455172e-17	5.675626589175445e-05	5.0	5.675626589175445e-05	0.0	2.6368081843608702e-05	7.02114068489681e-05	6.185344097766694	3.405375953505267e-05	0.00040864511442063206
ti|1650663|org|Fournierella_massiliensis|accession|NZ_LN908964.1	6.113656501906084e-26	0.00040864511442063206	36.0	0.00040864511442063206	0.0	3.09683871696737e-06	0.0006436604519154685	56.703911171945116	0.00027243007628042137	0.0009648565201598256
ti|39482|org|Faecalicatena_contorta|accession|NZ_CYZU01000001.1	3.9902754795716217e-26	0.00013621503814021069	12.0	0.00013621503814021069	0.0	2.8722694462825537e-05	0.0003721319166969367	32.78333333333334	0.00021567381038866692	0.00029513258263712315
ti|411471|org|Subdoligranulum_variabile_DSM_15176|accession|NZ_GG704769.1	2.9890805163128565e-26	0.00041999636759898295	37.0	0.00041999636759898295	0.0	3.3786722916537226e-06	0.00041049360605749087	36.16284471924072	0.00027243007628042137	0.0006697239375227025
ti|428125|org|[Clostridium]_leptum_DSM_753|accession|NZ_DS480350.1	1.2583836391777195e-26	6.810751907010534e-05	6.0	6.810751907010534e-05	0.0	1.7817247269574715e-05	0.0001349718056492484	11.890476190476189	6.810751907010534e-05	0.00029513258263712315
ti|745368|org|Gemmiger_formicilis|accession|NZ_FUYF01000006.1	1.1303878256062857e-26	0.0004881038866690883	43.0	0.0004881038866690883	0.0	4.152204735815099e-06	0.0005958583821937442	52.49274003774009	0.0005789139120958954	0.0004426988739556847
ti|476272|org|Blautia_hydrogenotrophica_DSM_10507|accession|NZ_GG657680.1	1.0723711999432403e-26	7.945877224845623e-05	7.0	7.945877224845623e-05	0.0	1.8583841073445467e-12	0.0002412141300399564	21.25	0.00019297130403196514	5.675626589175445e-05
ti|411483|org|Faecalibacterium_prausnitzii_A2-165|accession|NZ_GG697157.2	8.445508461457155e-27	0.0004881038866690883	43.0	0.0004881038866690883	0.0	6.509767223293047e-12	0.0009421540138031241	83.00000000000001	0.0009194515074464221	0.00013621503814021069
ti|411474|org|Coprococcus_eutactus_ATCC_27759|accession|NZ_DS483527.1	7.521468669172886e-27	0.00018162005085361425	16.0	0.00018162005085361425	0.0	6.9379964367229055e-15	0.00018162005085361425	16.0	0.00018162005085361425	0.0
ti|40520|org|Blautia_obeum|accession|NZ_CYZA01000001.1	6.931522480802645e-27	2.270250635670178e-05	2.0	2.270250635670178e-05	0.0	8.591825891126579e-06	5.9594079186342175e-05	5.25	4.540501271340356e-05	2.270250635670178e-05
ti|36847|org|Anaerotignum_neopropionicum|accession|NZ_LRVM01000002.1	6.852494300043828e-27	5.675626589175445e-05	5.0	5.675626589175445e-05	0.0	2.04651331306401e-06	0.0002639166363966582	23.25	0.00018162005085361425	0.00014756629131856158
ti|1150298|org|Fusicatenibacter_saccharivorans|accession|NZ_CYYV01000010.1	2.8003071736567068e-27	2.270250635670178e-05	2.0	2.270250635670178e-05	0.0	1.0853064581479323e-06	5.675626589175445e-06	0.5	1.135125317835089e-05	0.0
ti|622312|org|Roseburia_inulinivorans_DSM_16841|accession|NZ_ACFY01000080.1	2.776387237206565e-27	4.540501271340356e-05	4.0	4.540501271340356e-05	0.0	1.1790982234955297e-07	5.108063930257901e-05	4.5	5.675626589175445e-05	0.0
ti|585394|org|Roseburia_hominis_A2-183|accession|NC_015977.1	2.6982124076439578e-27	9.081002542680712e-05	8.0	9.081002542680712e-05	0.0	4.3610980638471716e-05	0.0006280078026869478	55.324975385509354	0.0002610788231020705	0.00102161278605158
ti|1211819|org|Holdemania_massiliensis_AP2|accession|NZ_HE998569.1	2.0455792998424052e-27	0.00021567381038866692	19.0	0.00021567381038866692	0.0	5.921760159688835e-12	0.00041999636759898295	37.0	0.00043134762077733384	4.540501271340356e-05
ti|1121323|org|Anaerotignum_lactatifermentans_DSM_14214|accession|NZ_FRAH01000003.1	1.6392116523241516e-27	0.0007491827097711588	66.0	0.0007491827097711588	0.0	1.2282994933930796e-08	0.00028567320498849744	25.166666666666668	0.0002610788231020705	0.00031783508899382493
ti|622312|org|Roseburia_inulinivorans_DSM_16841|accession|NZ_ACFY01000061.1	1.5922683074635094e-27	3.405375953505267e-05	3.0	3.405375953505267e-05	0.0	6.100748343036742e-11	5.108063930257901e-05	4.5	6.810751907010534e-05	0.0
ti|537013|org|[Clostridium]_methylpentosum_DSM_5476|accession|NZ_EQ973339.1	1.4984604784517303e-27	0.00021567381038866692	19.0	0.00021567381038866692	0.0	1.6972098135534845e-06	0.00042567199418815836	37.5	0.0004426988739556847	3.405375953505267e-05
ti|470146|org|Coprococcus_comes_ATCC_27758|accession|NZ_GG662007.1	9.932006762431158e-28	2.270250635670178e-05	2.0	2.270250635670178e-05	0.0	3.1040781334697985e-05	8.58653979964823e-05	7.564398101898104	3.405375953505267e-05	0.0003405375953505267
ti|649756|org|Anaerostipes_hadrus|accession|NZ_CP012098.1	6.290813870148723e-28	2.270250635670178e-05	2.0	2.270250635670178e-05	0.0	2.553875648675877e-05	0.0001822882709926389	16.058867521367517	0.00010216127860515801	0.0003405375953505267
ti|1550024|org|Ruthenibacterium_lactatiformans|accession|NZ_JXXK01000016.1	3.5362638267881835e-28	5.675626589175445e-05	5.0	5.675626589175445e-05	0.0	6.406072687882015e-05	0.0006044812585404668	53.25238095238097	0.00030648383581547404	0.0007037776970577552
ti|40518|org|Ruminococcus_bromii|accession|NZ_FMUV01000051.1	3.5156802142607844e-28	2.270250635670178e-05	2.0	2.270250635670178e-05	0.0	3.5156802142607844e-28	2.270250635670178e-05	2.0	2.270250635670178e-05	0.0
ti|622312|org|Roseburia_inulinivorans_DSM_16841|accession|NZ_ACFY01000094.1	3.2425488943731323e-28	5.675626589175445e-05	5.0	5.675626589175445e-05	0.0	3.268588726608817e-28	5.675626589175445e-05	5.0	5.675626589175445e-05	0.0
ti|40518|org|Ruminococcus_bromii|accession|NZ_FMUV01000029.1	1.2414435176040969e-28	0.0002270250635670178	20.0	0.0002270250635670178	0.0	1.1465050094058337e-16	0.0002270250635670178	20.0	0.0002270250635670178	0.0
ti|511680|org|Butyrivibrio_crossotus_DSM_2876|accession|NZ_GG663521.1	7.187718188281615e-29	3.405375953505267e-05	3.0	3.405375953505267e-05	0.0	7.187718188281615e-29	3.405375953505267e-05	3.0	3.405375953505267e-05	0.0
ti|745368|org|Gemmiger_formicilis|accession|NZ_FUYF01000024.1	7.093746347639525e-29	1.135125317835089e-05	1.0	1.135125317835089e-05	0.0	1.6125703001053365e-27	5.675626589175445e-05	5.0	5.675626589175445e-05	0.0
ti|745368|org|Gemmiger_formicilis|accession|NZ_FUYF01000002.1	5.537141102212332e-29	5.675626589175445e-05	5.0	5.675626589175445e-05	0.0	3.051932660390773e-27	0.00019297130403196514	17.0	0.00019297130403196514	0.0
ti|40518|org|Ruminococcus_bromii|accession|NZ_FMUV01000043.1	3.861456439878341e-29	0.00014756629131856158	13.0	0.00014756629131856158	0.0	1.708842161185507e-13	0.00015324191790773702	13.5	0.00015891754449691247	0.0
ti|1796620|org|Acutalibacter_muris|accession|NZ_CP021422.1	3.2596844382647325e-29	2.270250635670178e-05	2.0	2.270250635670178e-05	0.0	5.018768979491138e-08	2.081063082697663e-05	1.8333333333333333	0.0	4.540501271340356e-05
ti|745368|org|Gemmiger_formicilis|accession|NZ_FUYF01000009.1	2.2900547534310315e-29	7.945877224845623e-05	7.0	7.945877224845623e-05	0.0	1.0111154487407197e-12	0.00010216127860515801	9.0	0.0001135125317835089	0.0
ti|1550024|org|Ruthenibacterium_lactatiformans|accession|NZ_JXXK01000008.1	1.4005143520328845e-29	0.00015891754449691247	14.0	0.00015891754449691247	0.0	2.31266637890706e-14	0.0001645931710860879	14.5	0.00017026879767526336	0.0
ti|40518|org|Ruminococcus_bromii|accession|NZ_FMUV01000041.1	7.068035866970963e-30	4.540501271340356e-05	4.0	4.540501271340356e-05	0.0	7.261649204001583e-30	4.540501271340356e-05	4.0	4.540501271340356e-05	0.0
ti|1958780|org|Clostridium_merdae|accession|NZ_FXLN01000004.1	6.878945428615441e-30	1.135125317835089e-05	1.0	1.135125317835089e-05	0.0	8.215069910832937e-17	1.135125317835089e-05	1.0	1.135125317835089e-05	0.0
ti|40518|org|Ruminococcus_bromii|accession|NZ_FMUV01000002.1	4.239369436273613e-30	0.0001248637849618598	11.0	0.0001248637849618598	0.0	4.239369436273613e-30	0.0001248637849618598	11.0	0.0001248637849618598	0.0
ti|40518|org|Ruminococcus_bromii|accession|NZ_FMUV01000025.1	3.463913637121482e-30	5.675626589175445e-05	5.0	5.675626589175445e-05	0.0	3.022154814373782e-17	5.675626589175445e-06	0.5	0.0	1.135125317835089e-05
ti|411461|org|Dorea_formicigenerans_ATCC_27755|accession|NZ_AAXA02000016.1	3.2736609423142656e-30	2.270250635670178e-05	2.0	2.270250635670178e-05	0.0	3.8092327547211777e-06	0.00013795826630688592	12.153571428571423	1.135125317835089e-05	0.0006697239375227025
ti|40518|org|Ruminococcus_bromii|accession|NZ_FMUV01000023.1	3.182989253471147e-30	6.810751907010534e-05	6.0	6.810751907010534e-05	0.0	3.182989253471147e-30	6.810751907010534e-05	6.0	6.810751907010534e-05	0.0
ti|1410649|org|Blautia_schinkii_DSM_10518|accession|NZ_JNKJ01000020.1	2.983774039604883e-30	0.0001135125317835089	10.0	0.0001135125317835089	0.0	1.141195318560968e-07	0.00013426579934178382	11.828279858813787	0.0001135125317835089	0.00014756629131856158
ti|40518|org|Ruminococcus_bromii|accession|NZ_FMUV01000004.1	2.085134414239639e-30	9.081002542680712e-05	8.0	9.081002542680712e-05	0.0	3.45976642464408e-29	0.00010216127860515801	9.0	0.00010216127860515801	0.0
ti|40518|org|Ruminococcus_bromii|accession|NZ_FMUV01000071.1	1.5188580439940938e-30	2.270250635670178e-05	2.0	2.270250635670178e-05	0.0	1.5188580439940938e-30	2.270250635670178e-05	2.0	2.270250635670178e-05	0.0
ti|40518|org|Ruminococcus_bromii|accession|NZ_FMUV01000003.1	1.4705278153281288e-30	7.945877224845623e-05	7.0	7.945877224845623e-05	0.0	3.0190508015359924e-29	0.00010216127860515801	9.0	0.00010216127860515801	0.0
ti|566550|org|Hungatella_hathewayi_DSM_13479|accession|NZ_GG668188.1	1.4519533734188347e-30	1.135125317835089e-05	1.0	1.135125317835089e-05	0.0	1.480466283096178e-30	1.135125317835089e-05	1.0	1.135125317835089e-05	0.0
ti|566550|org|Hungatella_hathewayi_DSM_13479|accession|NZ_GG667621.1	8.447803081566747e-31	6.810751907010534e-05	6.0	6.810751907010534e-05	0.0	3.4782264437203395e-16	7.945877224845623e-05	7.0	6.810751907010534e-05	1.135125317835089e-05
ti|411471|org|Subdoligranulum_variabile_DSM_15176|accession|NZ_GG704770.1	7.309927736766196e-31	5.675626589175445e-05	5.0	5.675626589175445e-05	0.0	1.3943944156203823e-16	0.0001759444242644388	15.5	0.00013621503814021069	6.810751907010534e-05
ti|40518|org|Ruminococcus_bromii|accession|NZ_FMUV01000016.1	7.088210405186872e-31	7.945877224845623e-05	7.0	7.945877224845623e-05	0.0	7.719496284891237e-31	9.081002542680712e-05	8.0	9.081002542680712e-05	0.0
ti|40518|org|Ruminococcus_bromii|accession|NZ_FMUV01000030.1	6.932456967171024e-31	4.540501271340356e-05	4.0	4.540501271340356e-05	0.0	6.932456967171024e-31	4.540501271340356e-05	4.0	4.540501271340356e-05	0.0
ti|566550|org|Hungatella_hathewayi_DSM_13479|accession|NZ_GG667646.1	6.408254687785067e-31	0.00010216127860515801	9.0	0.00010216127860515801	0.0	1.6778489569588768e-06	0.0002808962192759414	24.745833333333334	0.00019297130403196514	0.00020432255721031603
ti|1650663|org|Fournierella_massiliensis|accession|NZ_LN908959.1	4.6079467971137535e-31	3.405375953505267e-05	3.0	3.405375953505267e-05	0.0	7.470849597193637e-12	6.85088260006531e-05	6.0353535353535355	4.540501271340356e-05	0.00013621503814021069
ti|40518|org|Ruminococcus_bromii|accession|NZ_FMUV01000001.1	4.341459204805436e-31	9.081002542680712e-05	8.0	9.081002542680712e-05	0.0	4.341459204805436e-31	9.081002542680712e-05	8.0	9.081002542680712e-05	0.0
ti|1297617|org|Intestinimonas_butyriciproducens|accession|NZ_CP011307.1	4.277154886819411e-31	1.135125317835089e-05	1.0	1.135125317835089e-05	0.0	6.119156771986807e-14	0.00011156329298508203	9.828279858813787	3.405375953505267e-05	0.0002270250635670178
ti|515620|org|[Eubacterium]_eligens_ATCC_27750|accession|NC_012778.1	4.2770891568913475e-31	1.135125317835089e-05	1.0	1.135125317835089e-05	0.0	1.2544256044321286e-05	4.099063647737821e-06	0.3611111111111111	0.0	3.405375953505267e-05
ti|40518|org|Ruminococcus_bromii|accession|NZ_FMUV01000020.1	2.295327184257155e-31	0.0001135125317835089	10.0	0.0001135125317835089	0.0	2.457049709975729e-31	0.0001248637849618598	11.0	0.0001248637849618598	0.0
ti|40518|org|Ruminococcus_bromii|accession|NZ_FMUV01000018.1	2.274268413269226e-31	2.270250635670178e-05	2.0	2.270250635670178e-05	0.0	4.210401783575435e-31	2.270250635670178e-05	2.0	2.270250635670178e-05	0.0
ti|40518|org|Ruminococcus_bromii|accession|NZ_FMUV01000026.1	1.7583639199930501e-31	1.135125317835089e-05	1.0	1.135125317835089e-05	0.0	4.142015958250414e-13	1.135125317835089e-05	1.0	1.135125317835089e-05	0.0
ti|470146|org|Coprococcus_comes_ATCC_27758|accession|NZ_GG662012.1	1.5734633342638786e-31	1.135125317835089e-05	1.0	1.135125317835089e-05	0.0	1.4283706058776887e-05	0.0001243367624928649	10.953571428571426	0.0	0.0006583726843443516
ti|1871021|org|Lachnoclostridium_phocaeense|accession|NZ_LT635479.1	1.5180727952101973e-31	2.270250635670178e-05	2.0	2.270250635670178e-05	0.0	5.839565854745043e-07	0.00017437356057195693	15.361613192147118	3.405375953505267e-05	0.0003518888485288776
ti|411467|org|Pseudoflavonifractor_capillosus_ATCC_29799|accession|NZ_AAXG02000008.1	1.0088673139972926e-31	1.135125317835089e-05	1.0	1.135125317835089e-05	0.0	2.8397896620431732e-30	2.270250635670178e-05	2.0	1.135125317835089e-05	1.135125317835089e-05
ti|697329|org|Ruminococcus_albus_7_=_DSM_20455|accession|NC_014833.1	8.782574493513831e-32	2.270250635670178e-05	2.0	2.270250635670178e-05	0.0	3.312540951464389e-28	3.405375953505267e-05	3.0	3.405375953505267e-05	0.0
ti|745368|org|Gemmiger_formicilis|accession|NZ_FUYF01000003.1	8.734430806649994e-32	3.405375953505267e-05	3.0	3.405375953505267e-05	0.0	7.505148412880432e-30	9.081002542680712e-05	8.0	7.945877224845623e-05	1.135125317835089e-05
ti|1150298|org|Fusicatenibacter_saccharivorans|accession|NZ_CYYV01000015.1	7.228850186935459e-32	1.135125317835089e-05	1.0	1.135125317835089e-05	0.0	5.523533280225111e-06	0.00020600497509210727	18.148214285714282	6.810751907010534e-05	0.0006583726843443516
ti|566550|org|Hungatella_hathewayi_DSM_13479|accession|NZ_GG668057.1	5.980465821046944e-32	2.270250635670178e-05	2.0	2.270250635670178e-05	0.0	6.637830993206183e-32	2.270250635670178e-05	2.0	2.270250635670178e-05	0.0
ti|1650663|org|Fournierella_massiliensis|accession|NZ_LN908958.1	5.856768907428925e-32	2.270250635670178e-05	2.0	2.270250635670178e-05	0.0	6.606247326107303e-16	3.9729386124228117e-05	3.5	4.540501271340356e-05	0.0
ti|997894|org|[Clostridium]_bolteae_90A9|accession|NZ_KB851182.1	5.651684070625117e-32	3.405375953505267e-05	3.0	3.405375953505267e-05	0.0	3.7103524936248525e-07	1.3621503814021068e-05	1.2	1.135125317835089e-05	2.270250635670178e-05
ti|40518|org|Ruminococcus_bromii|accession|NZ_FMUV01000011.1	5.151102473040776e-32	4.540501271340356e-05	4.0	4.540501271340356e-05	0.0	5.151102473040776e-32	4.540501271340356e-05	4.0	4.540501271340356e-05	0.0
ti|1650663|org|Fournierella_massiliensis|accession|NZ_LN908961.1	5.026240549400027e-32	2.270250635670178e-05	2.0	2.270250635670178e-05	0.0	3.856809083469702e-27	7.418445258982854e-05	6.535353535353535	5.675626589175445e-05	0.0001135125317835089
ti|40518|org|Ruminococcus_bromii|accession|NZ_FMUV01000010.1	4.1475775227526214e-32	1.135125317835089e-05	1.0	1.135125317835089e-05	0.0	2.3508911225814704e-31	1.135125317835089e-05	1.0	1.135125317835089e-05	0.0
ti|40518|org|Ruminococcus_bromii|accession|NZ_FMUV01000015.1	3.7114154368945804e-32	1.135125317835089e-05	1.0	1.135125317835089e-05	0.0	1.4935698764608919e-28	2.270250635670178e-05	2.0	2.270250635670178e-05	0.0
ti|40518|org|Ruminococcus_bromii|accession|NZ_FMUV01000031.1	3.6906814421615e-32	3.405375953505267e-05	3.0	3.405375953505267e-05	0.0	3.6906814421615e-32	3.405375953505267e-05	3.0	3.405375953505267e-05	0.0
ti|1121094|org|Bacteroides_barnesiae_DSM_18169_=_JCM_13652|accession|NZ_KB894664.1	3.6728649861084174e-32	2.270250635670178e-05	2.0	2.270250635670178e-05	0.0	1.4939932059197854e-11	2.270250635670178e-05	2.0	2.270250635670178e-05	0.0
ti|40518|org|Ruminococcus_bromii|accession|NZ_FMUV01000027.1	3.4554689149944784e-32	5.675626589175445e-05	5.0	5.675626589175445e-05	0.0	3.9443723249472633e-32	6.810751907010534e-05	6.0	5.675626589175445e-05	1.135125317835089e-05
ti|428128|org|[Eubacterium]_siraeum_DSM_15702|accession|NZ_KB907514.1	3.374067912335814e-32	2.270250635670178e-05	2.0	2.270250635670178e-05	0.0	1.3391548897997774e-32	1.135125317835089e-05	1.0	0.0	1.135125317835089e-05
ti|1160721|org|Ruminococcus_bicirculans|accession|NZ_HF545616.1	3.1205084512979946e-32	3.405375953505267e-05	3.0	3.405375953505267e-05	0.0	5.325004516844836e-08	3.594563506477782e-05	3.1666666666666665	2.270250635670178e-05	2.270250635670178e-05
ti|1118061|org|Alistipes_communis|accession|NZ_HE978577.1	3.108810144382149e-32	2.270250635670178e-05	2.0	2.270250635670178e-05	0.0	3.1779342498131293e-27	2.6486257416152078e-05	2.3333333333333335	2.270250635670178e-05	1.135125317835089e-05
ti|745368|org|Gemmiger_formicilis|accession|NZ_FUYF01000001.1	2.926892032102677e-32	2.270250635670178e-05	2.0	2.270250635670178e-05	0.0	5.168882950491457e-14	8.513439883763168e-05	7.5	7.945877224845623e-05	2.270250635670178e-05
ti|745368|org|Gemmiger_formicilis|accession|NZ_FUYF01000019.1	2.7809420681463005e-32	2.270250635670178e-05	2.0	2.270250635670178e-05	0.0	1.1821148792416673e-30	2.270250635670178e-05	2.0	2.270250635670178e-05	0.0
ti|1650663|org|Fournierella_massiliensis|accession|NZ_LN908956.1	2.6727245335669325e-32	5.675626589175445e-05	5.0	5.675626589175445e-05	0.0	1.4412183112644481e-30	4.540501271340356e-05	4.0	4.540501271340356e-05	0.0
ti|1236513|org|Bacteroides_faecichinchillae_JCM_17102|accession|NZ_BAKK01000078.1	2.6593453670818787e-32	1.135125317835089e-05	1.0	1.135125317835089e-05	0.0	2.750006713159496e-14	4.540501271340356e-05	4.0	4.540501271340356e-05	0.0
ti|745368|org|Gemmiger_formicilis|accession|NZ_FUYF01000004.1	2.1294373026959907e-32	1.135125317835089e-05	1.0	1.135125317835089e-05	0.0	1.4551402214842406e-11	3.405375953505267e-05	3.0	4.540501271340356e-05	0.0
ti|1291051|org|[Clostridium]_glycyrrhizinilyticum_JCM_13369|accession|NZ_BBAB01000035.1	1.9563345764462338e-32	4.540501271340356e-05	4.0	4.540501271340356e-05	0.0	2.1694411555139043e-12	4.540501271340356e-05	4.0	4.540501271340356e-05	0.0
ti|40518|org|Ruminococcus_bromii|accession|NZ_FMUV01000039.1	1.9055042211435086e-32	1.135125317835089e-05	1.0	1.135125317835089e-05	0.0	1.9055042211435086e-32	1.135125317835089e-05	1.0	1.135125317835089e-05	0.0
ti|745368|org|Gemmiger_formicilis|accession|NZ_FUYF01000005.1	1.705120095434962e-32	1.135125317835089e-05	1.0	1.135125317835089e-05	0.0	2.3820775393359833e-15	0.0002519154108897116	22.192740037740034	0.00020432255721031603	0.0003745913548855794
ti|290054|org|Eubacterium_coprostanoligenes|accession|NZ_FUWW01000015.1	1.3653534368798426e-32	1.135125317835089e-05	1.0	1.135125317835089e-05	0.0	1.3653534368798426e-32	1.135125317835089e-05	1.0	1.135125317835089e-05	0.0
ti|1650663|org|Fournierella_massiliensis|accession|NZ_LN908963.1	1.3282744558629087e-32	2.270250635670178e-05	2.0	2.270250635670178e-05	0.0	1.111015358938892e-05	6.526970577551762e-05	5.75	5.675626589175445e-05	3.405375953505267e-05
ti|40518|org|Ruminococcus_bromii|accession|NZ_FMUV01000035.1	1.2997852907970046e-32	2.270250635670178e-05	2.0	2.270250635670178e-05	0.0	1.2997852907970046e-32	2.270250635670178e-05	2.0	2.270250635670178e-05	0.0
ti|763034|org|Bacteroides_fluxus_YIT_12057|accession|NZ_GL882611.1	1.221771936667715e-32	1.135125317835089e-05	1.0	1.135125317835089e-05	0.0	6.764929754466988e-11	1.135125317835089e-05	1.0	1.135125317835089e-05	0.0
ti|40518|org|Ruminococcus_bromii|accession|NZ_FMUV01000017.1	1.221771936667715e-32	1.135125317835089e-05	1.0	1.135125317835089e-05	0.0	1.221771936667715e-32	1.135125317835089e-05	1.0	1.135125317835089e-05	0.0
ti|290054|org|Eubacterium_coprostanoligenes|accession|NZ_FUWW01000003.1	1.221771936667715e-32	1.135125317835089e-05	1.0	1.135125317835089e-05	0.0	1.3657905747147828e-32	1.135125317835089e-05	1.0	1.135125317835089e-05	0.0
ti|1458469|org|Pseudobutyrivibrio_ruminis_HUN009|accession|NZ_JNLH01000001.1	1.221771936667715e-32	1.135125317835089e-05	1.0	1.135125317835089e-05	0.0	1.8842419756933378e-06	1.135125317835089e-05	1.0	1.135125317835089e-05	0.0
ti|1033732|org|Alistipes_senegalensis_JC50|accession|NZ_HE978648.1	1.093289565110704e-32	1.135125317835089e-05	1.0	1.135125317835089e-05	0.0	2.496163369571244e-05	5.051307664366145e-05	4.449999999999999	2.270250635670178e-05	0.00010216127860515801
ti|40518|org|Ruminococcus_bromii|accession|NZ_FMUV01000013.1	9.985722155419656e-33	3.405375953505267e-05	3.0	3.405375953505267e-05	0.0	9.985722155419656e-33	3.405375953505267e-05	3.0	3.405375953505267e-05	0.0
ti|290054|org|Eubacterium_coprostanoligenes|accession|NZ_FUWW01000019.1	9.89183828519069e-33	2.270250635670178e-05	2.0	2.270250635670178e-05	0.0	9.89183828519069e-33	2.270250635670178e-05	2.0	2.270250635670178e-05	0.0
ti|484018|org|Bacteroides_plebeius_DSM_17135|accession|NZ_DS990123.1	9.783184875239457e-33	1.135125317835089e-05	1.0	1.135125317835089e-05	0.0	2.1114147742621145e-09	1.135125317835089e-05	1.0	1.135125317835089e-05	0.0
ti|1336236|org|Ruminococcus_flavefaciens_ATCC_19208|accession|NZ_JAEF01000016.1	9.317587390922291e-33	2.270250635670178e-05	2.0	2.270250635670178e-05	0.0	4.9155410019587077e-32	2.270250635670178e-05	2.0	2.270250635670178e-05	0.0
ti|1550024|org|Ruthenibacterium_lactatiformans|accession|NZ_JXXK01000009.1	7.833762049254246e-33	1.135125317835089e-05	1.0	1.135125317835089e-05	0.0	4.3256059780424604e-32	1.135125317835089e-05	1.0	1.135125317835089e-05	0.0
ti|1121131|org|Butyrivibrio_fibrisolvens_DSM_3071|accession|NZ_FQXK01000024.1	7.009958280240985e-33	1.135125317835089e-05	1.0	1.135125317835089e-05	0.0	7.009958280240985e-33	1.135125317835089e-05	1.0	1.135125317835089e-05	0.0
ti|1037355|org|Parabacteroides_chartae|accession|NZ_FUYQ01000013.1	5.613135787875344e-33	1.135125317835089e-05	1.0	1.135125317835089e-05	0.0	5.613135787875344e-33	1.135125317835089e-05	1.0	1.135125317835089e-05	0.0
ti|709991|org|Odoribacter_splanchnicus_DSM_20712|accession|NC_015160.1	5.528184970038485e-33	2.270250635670178e-05	2.0	2.270250635670178e-05	0.0	8.96086206538655e-05	0.0001462464829133008	12.883730158730145	3.405375953505267e-05	0.0008626952415546677
ti|411467|org|Pseudoflavonifractor_capillosus_ATCC_29799|accession|NZ_AAXG02000017.1	5.022854593608646e-33	1.135125317835089e-05	1.0	1.135125317835089e-05	0.0	3.793720418254892e-30	4.540501271340356e-05	4.0	3.405375953505267e-05	2.270250635670178e-05
ti|745368|org|Gemmiger_formicilis|accession|NZ_FUYF01000011.1	4.94683726181271e-33	2.270250635670178e-05	2.0	2.270250635670178e-05	0.0	2.056980253062067e-30	4.540501271340356e-05	4.0	4.540501271340356e-05	0.0
ti|745368|org|Gemmiger_formicilis|accession|NZ_FUYF01000018.1	4.494647773002698e-33	1.135125317835089e-05	1.0	1.135125317835089e-05	0.0	3.9852882915253386e-14	2.270250635670178e-05	2.0	1.135125317835089e-05	1.135125317835089e-05
ti|536231|org|Roseburia_intestinalis_L1-82|accession|NZ_GG692778.1	4.494647773002698e-33	1.135125317835089e-05	1.0	1.135125317835089e-05	0.0	1.7241134888008465e-33	1.135125317835089e-05	1.0	0.0	1.135125317835089e-05
ti|1009370|org|Acetonema_longum_DSM_6540|accession|NZ_AFGF01000024.1	4.494647773002698e-33	1.135125317835089e-05	1.0	1.135125317835089e-05	0.0	4.494647773002698e-33	1.135125317835089e-05	1.0	1.135125317835089e-05	0.0
ti|745368|org|Gemmiger_formicilis|accession|NZ_FUYF01000010.1	4.02198754251495e-33	1.135125317835089e-05	1.0	1.135125317835089e-05	0.0	1.0110695462543396e-12	3.624160050104475e-05	3.1927400377400383	2.270250635670178e-05	0.00029513258263712315
ti|449673|org|Bacteroides_stercoris_ATCC_43183|accession|NZ_DS499662.1	3.599032584779998e-33	1.135125317835089e-05	1.0	1.135125317835089e-05	0.0	0.00039540518860079106	0.0005598600228322358	49.32142857142865	5.675626589175445e-05	0.002065928078459862
ti|717960|org|Faecalitalea_cylindroides_T2-87|accession|NC_021019.1	3.220555859357179e-33	1.135125317835089e-05	1.0	1.135125317835089e-05	0.0	1.6742078561030717e-05	4.135099372113539e-05	3.6428571428571432	2.270250635670178e-05	5.675626589175445e-05
ti|428128|org|[Eubacterium]_siraeum_DSM_15702|accession|NZ_KB907520.1	3.220555859357179e-33	1.135125317835089e-05	1.0	1.135125317835089e-05	0.0	2.8756942939518003e-15	2.270250635670178e-05	2.0	2.270250635670178e-05	0.0
ti|547042|org|Bacteroides_coprophilus_DSM_18228_=_JCM_13818|accession|NZ_EQ973635.1	2.8818800049497047e-33	1.135125317835089e-05	1.0	1.135125317835089e-05	0.0	2.2624491281674564e-05	5.1350907235396876e-06	0.45238095238095233	0.0	3.405375953505267e-05
ti|467210|org|Lachnoanaerobaculum_saburreum|accession|NZ_KQ959831.1	2.8818800049497047e-33	1.135125317835089e-05	1.0	1.135125317835089e-05	0.0	2.8818800049497047e-33	1.135125317835089e-05	1.0	1.135125317835089e-05	0.0
ti|40518|org|Ruminococcus_bromii|accession|NZ_FMUV01000044.1	2.8818800049497047e-33	1.135125317835089e-05	1.0	1.135125317835089e-05	0.0	2.8818800049497047e-33	1.135125317835089e-05	1.0	1.135125317835089e-05	0.0
ti|40518|org|Ruminococcus_bromii|accession|NZ_FMUV01000014.1	2.8818800049497047e-33	1.135125317835089e-05	1.0	1.135125317835089e-05	0.0	2.8818800049497047e-33	1.135125317835089e-05	1.0	1.135125317835089e-05	0.0
ti|40518|org|Ruminococcus_bromii|accession|NZ_FMUV01000009.1	2.8818800049497047e-33	1.135125317835089e-05	1.0	1.135125317835089e-05	0.0	2.8818800049497047e-33	1.135125317835089e-05	1.0	1.135125317835089e-05	0.0
ti|1650663|org|Fournierella_massiliensis|accession|NZ_LN908957.1	2.578819534770178e-33	1.135125317835089e-05	1.0	1.135125317835089e-05	0.0	4.881393209604742e-15	5.675626589175445e-05	5.0	9.081002542680712e-05	1.135125317835089e-05
ti|40518|org|Ruminococcus_bromii|accession|NZ_FMUV01000024.1	2.3076291106813063e-33	1.135125317835089e-05	1.0	1.135125317835089e-05	0.0	2.3076291106813063e-33	1.135125317835089e-05	1.0	1.135125317835089e-05	0.0
ti|40518|org|Ruminococcus_bromii|accession|NZ_FMUV01000007.1	2.3076291106813063e-33	1.135125317835089e-05	1.0	1.135125317835089e-05	0.0	2.3076291106813063e-33	1.135125317835089e-05	1.0	1.135125317835089e-05	0.0
ti|40518|org|Ruminococcus_bromii|accession|NZ_FMUV01000006.1	2.3076291106813063e-33	1.135125317835089e-05	1.0	1.135125317835089e-05	0.0	2.3076291106813063e-33	1.135125317835089e-05	1.0	1.135125317835089e-05	0.0
ti|745368|org|Gemmiger_formicilis|accession|NZ_FUYF01000013.1	2.0649572568630052e-33	1.135125317835089e-05	1.0	1.135125317835089e-05	0.0	3.489452627455589e-30	2.270250635670178e-05	2.0	2.270250635670178e-05	0.0
ti|1121323|org|Anaerotignum_lactatifermentans_DSM_14214|accession|NZ_FRAH01000013.1	2.0649572568630052e-33	1.135125317835089e-05	1.0	1.135125317835089e-05	0.0	2.34167526192113e-28	1.135125317835089e-05	1.0	1.135125317835089e-05	0.0
ti|745368|org|Gemmiger_formicilis|accession|NZ_FUYF01000061.1	1.8478049409821742e-33	1.135125317835089e-05	1.0	1.135125317835089e-05	0.0	2.3514135599922854e-32	1.135125317835089e-05	1.0	1.135125317835089e-05	0.0
ti|411471|org|Subdoligranulum_variabile_DSM_15176|accession|NZ_GG704771.1	1.8478049409821742e-33	1.135125317835089e-05	1.0	1.135125317835089e-05	0.0	1.0280774673241481e-27	5.675626589175445e-05	5.0	3.405375953505267e-05	5.675626589175445e-05
