Total Number of Aligned Reads:	83026	Total Number of Mapped Genomes:	3337
Genome	Final Guess	Final Best Hit	Final Best Hit Read Numbers	Final High Confidence Hits	Final Low Confidence Hits	Initial Guess	Initial Best Hit	Initial Best Hit Read Numbers	Initial High Confidence Hits	Initial Low Confidence Hits
ti|435590|org|Bacteroides_vulgatus_ATCC_8482|accession|NC_009614.1	0.29207420572458886	0.2996651651289957	24880.0	0.2996651651289957	0.0	0.28259180227536546	0.2900305385083658	24080.075490195577	0.28946354154120396	0.008286560836364512
ti|537011|org|Prevotella_copri_DSM_18205|accession|NZ_GG703852.1	0.07847450679115837	0.07178474212897165	5960.0	0.07144749837400333	0.0003372437549683232	0.07741469953614376	0.06991874604971697	5805.073809523801	0.06956856888203695	0.0014332859586153736
ti|515619|org|[Eubacterium]_rectale_ATCC_33656|accession|NC_012781.1	0.061273751133546044	0.05690988365090453	4725.0	0.05690988365090453	0.0	0.059083129395976326	0.05333933421249434	4428.551562326555	0.05288704743092525	0.0014453303784356707
ti|537011|org|Prevotella_copri_DSM_18205|accession|NZ_GG703853.1	0.04323278835009204	0.03957796352949679	3286.0	0.03946956375111411	0.00010839977838267531	0.042981839355899255	0.0391402062234091	3249.6547619047637	0.03901187579794281	0.0005901765711945656
ti|537011|org|Prevotella_copri_DSM_18205|accession|NZ_GG703854.1	0.040996659002396865	0.03773516729699131	3133.0	0.037578589839327436	0.00015657745766386433	0.03978337950353929	0.03589864423814754	2980.520836516437	0.035085394936525904	0.0029388384361525304
ti|367928|org|Bifidobacterium_adolescentis_ATCC_15703|accession|NC_008618.1	0.03416646414099695	0.0307253149615783	2551.0	0.0307253149615783	0.0	0.03408798694075521	0.030689644949033573	2548.0384615384614	0.030677137282297113	4.8177679281189026e-05
ti|537011|org|Prevotella_copri_DSM_18205|accession|NZ_GG703855.1	0.028352482402620227	0.025317370462264833	2102.0	0.02518488184424156	0.00013248861802326982	0.02771883147006767	0.02542163359432152	2110.6565508021386	0.024149061739696	0.0036615036253703657
ti|411479|org|Bacteroides_uniformis_ATCC_8492|accession|NZ_DS362248.1	0.02415693391331354	0.02172813335581625	1804.0	0.021716088935995952	1.2044419820297257e-05	0.024213123177451713	0.02183854053750229	1813.1666666666652	0.021740177775636547	0.0002770216558668369
ti|411479|org|Bacteroides_uniformis_ATCC_8492|accession|NZ_DS362249.1	0.022748710828639215	0.02045142485486474	1698.0	0.020318936236841473	0.00013248861802326982	0.02452843391917713	0.022561607207380846	1873.200000000002	0.024149061739696	0.0008551538072411052
ti|411479|org|Bacteroides_uniformis_ATCC_8492|accession|NZ_DS362220.1	0.019754453851854502	0.0184400067448751	1531.0	0.01772938597547756	0.0007106207693975381	0.01956943703007083	0.017747854085868705	1473.5333333333351	0.0175607640979934	0.0008190205477802134
ti|411479|org|Bacteroides_uniformis_ATCC_8492|accession|NZ_DS362247.1	0.019339692725738638	0.018150940669187966	1507.0	0.018138896249367667	1.2044419820297257e-05	0.018640536252363536	0.017460852767865	1449.7047619047596	0.0171271649844627	0.0010478645243658612
ti|537011|org|Prevotella_copri_DSM_18205|accession|NZ_GG703856.1	0.017714304212115516	0.01585045648351119	1316.0	0.015838412063690892	1.2044419820297257e-05	0.017958098833501045	0.016174652117007512	1342.9166666666656	0.015958856261893865	0.000517910052272782
ti|445970|org|Alistipes_putredinis_DSM_17216|accession|NZ_DS499577.1	0.017521403826267202	0.015525257148363163	1289.0	0.015525257148363163	0.0	0.01683847886156861	0.014897456103825184	1236.8761904761898	0.015091658034832462	0.0003854214342495122
ti|537011|org|Prevotella_copri_DSM_18205|accession|NZ_GG703857.1	0.016749467895918163	0.01505552477537157	1250.0	0.015031435935730976	2.4088839640594513e-05	0.017221425573113566	0.01572457795779399	1305.5488095238038	0.014959169416809193	0.002818394237949558
ti|411479|org|Bacteroides_uniformis_ATCC_8492|accession|NZ_DS362246.1	0.014721121480590578	0.013333172741069063	1107.0	0.013333172741069063	0.0	0.01333420592245981	0.012129868287577962	1007.0944444444478	0.011610820706766556	0.002625683520824802
ti|537011|org|Prevotella_copri_DSM_18205|accession|NZ_GG703858.1	0.013814805877712673	0.012321441476164093	1023.0	0.012321441476164093	0.0	0.013958459176369772	0.012639743947105498	1049.427380952381	0.012453930094187363	0.0006503986702960518
ti|537011|org|Prevotella_copri_DSM_18205|accession|NZ_GG703859.1	0.013400396116841976	0.012273263796882905	1019.0	0.012273263796882905	0.0	0.013397933184513206	0.012261219377062607	1018.0	0.012261219377062607	0.0
ti|411479|org|Bacteroides_uniformis_ATCC_8492|accession|NZ_DS362244.1	0.013250073122238588	0.011899886782453689	988.0	0.011899886782453689	0.0	0.013250182543117274	0.011887842362633391	987.0	0.011887842362633391	0.0
ti|411479|org|Bacteroides_uniformis_ATCC_8492|accession|NZ_DS362243.1	0.01209542737362839	0.011044732975212584	917.0	0.011044732975212584	0.0	0.012146193297441975	0.011111980985875914	922.5833333333337	0.01110495507431407	0.0003854214342495122
ti|537011|org|Prevotella_copri_DSM_18205|accession|NZ_GG703860.1	0.011688807958428768	0.01088815551754872	904.0	0.010876111097728422	1.2044419820297257e-05	0.011439693976726766	0.010607749953256182	880.7190476190477	0.010526822922939803	0.0011080866234673475
ti|411479|org|Bacteroides_uniformis_ATCC_8492|accession|NZ_DS362242.1	0.011227242090282608	0.010442511984197721	867.0	0.010442511984197721	0.0	0.010819800391210567	0.010109139649885922	839.3214285714286	0.010020957290487317	0.000566087731553971
ti|411479|org|Bacteroides_uniformis_ATCC_8492|accession|NZ_DS362239.1	0.010687202888738494	0.009503047238214535	789.0	0.009503047238214535	0.0	0.010701949039367172	0.00957531375713632	795.0	0.0096596246958784	0.0
ti|411479|org|Bacteroides_uniformis_ATCC_8492|accession|NZ_DS362240.1	0.010535138104025376	0.009539180497675426	792.0	0.009539180497675426	0.0	0.010540822018321456	0.009548816033531665	792.8000000000001	0.009539180497675426	6.022209910148628e-05
ti|537011|org|Prevotella_copri_DSM_18205|accession|NZ_GG703861.1	0.009931718704120114	0.009069448124683833	753.0	0.009057403704863536	1.2044419820297257e-05	0.00999874490710461	0.009155766466729299	760.1666666666667	0.009141714643605617	4.8177679281189026e-05
ti|411479|org|Bacteroides_uniformis_ATCC_8492|accession|NZ_DS362241.1	0.009786613925070136	0.008924915086840266	741.0	0.008924915086840266	0.0	0.00910510706373833	0.008248420173600274	684.8333333333363	0.007901139402115	0.0010117312649049696
ti|411479|org|Bacteroides_uniformis_ATCC_8492|accession|NZ_DS362245.1	0.00960505171784967	0.008949003926480861	743.0	0.008936959506660564	1.2044419820297257e-05	0.012161780231339476	0.011673652430162617	969.2166666666815	0.01014140148869029	0.006516031122780815
ti|445970|org|Alistipes_putredinis_DSM_17216|accession|NZ_DS499579.1	0.008977244662427468	0.007925228241755594	658.0	0.007925228241755594	0.0	0.008792924235738233	0.007849061624987245	651.676190476191	0.007780695203912028	0.00037337701442921497
ti|537011|org|Prevotella_copri_DSM_18205|accession|NZ_GG703862.1	0.008488515117026705	0.007672295425529352	637.0	0.007672295425529352	0.0	0.008597479038797347	0.00776804856310072	644.9500000000004	0.007720473104810542	0.00020475513694505335
ti|411903|org|Collinsella_aerofaciens_ATCC_25986|accession|NZ_AAVN02000001.1	0.008197941091726477	0.007323007250740731	608.0	0.007323007250740731	0.0	0.00759270473274377	0.0067791300028791895	562.8440476190476	0.006648519740804085	0.0007708428684990244
ti|537011|org|Prevotella_copri_DSM_18205|accession|NZ_GG703863.1	0.008002667290895348	0.007130296533615976	592.0	0.007130296533615976	0.0	0.008021019723598524	0.0071855001244590065	596.5833333333335	0.007118252113795679	0.00014453303784356709
ti|537011|org|Prevotella_copri_DSM_18205|accession|NZ_GG703864.1	0.006955365686879875	0.00619083178763279	514.0	0.00619083178763279	0.0	0.007416494802704692	0.006905678532036551	573.3508658008667	0.006732830679546166	0.0014694192180762652
ti|445970|org|Alistipes_putredinis_DSM_17216|accession|NZ_DS499580.1	0.00663710297660653	0.005986076650687736	497.0	0.005986076650687736	0.0	0.006418019614956551	0.005856145082110437	486.2123015873011	0.00579336593356298	0.0007949317081396189
ti|411903|org|Collinsella_aerofaciens_ATCC_25986|accession|NZ_AAVN02000002.1	0.0062020421386212105	0.005889721292125358	489.0	0.005648832895719413	0.00024088839640594513	0.00565268171504267	0.005094235158311468	422.95396825396796	0.004877990027220389	0.0008069761279599161
ti|411479|org|Bacteroides_uniformis_ATCC_8492|accession|NZ_DS362238.1	0.005719188466800376	0.005287500301110496	439.0	0.005287500301110496	0.0	0.005653922387459846	0.005375023085137985	446.2666666666663	0.005287500301110496	0.0006263098306554573
ti|411479|org|Bacteroides_uniformis_ATCC_8492|accession|NZ_DS362234.1	0.0055685383075275464	0.005058656324524848	420.0	0.005058656324524848	0.0	0.005568468021179461	0.005058656324524848	420.0	0.005058656324524848	0.0
ti|537011|org|Prevotella_copri_DSM_18205|accession|NZ_GG703865.1	0.005010263097043847	0.004420302074049093	367.0	0.004420302074049093	0.0	0.00525100796797436	0.004657706191864172	386.7107142857148	0.00443234649386939	0.0009996868450846722
ti|411479|org|Bacteroides_uniformis_ATCC_8492|accession|NZ_DS362237.1	0.004675312286211109	0.0042637246163852284	354.0	0.004251680196564932	1.2044419820297257e-05	0.004726966274564246	0.004342013345217157	360.4999999999997	0.004287813456025824	0.0003011104955074314
ti|411479|org|Bacteroides_uniformis_ATCC_8492|accession|NZ_DS362223.1	0.004371451268281979	0.0040107918001589865	333.0	0.0040107918001589865	0.0	0.004420721979686549	0.004107147158721364	341.0	0.004239635776744634	2.4088839640594513e-05
ti|411903|org|Collinsella_aerofaciens_ATCC_25986|accession|NZ_AAVN02000003.1	0.00392499635154565	0.0034085708091441233	283.0	0.0034085708091441233	0.0	0.003921508338405444	0.0035014466686473095	290.7111111111115	0.003396526389323826	0.0005419988919133765
ti|411479|org|Bacteroides_uniformis_ATCC_8492|accession|NZ_DS362236.1	0.0038557748268098777	0.003432659648784718	285.0	0.003432659648784718	0.0	0.003970103995490431	0.003565148266807988	296.0	0.0036253703659094743	1.2044419820297257e-05
ti|411479|org|Bacteroides_uniformis_ATCC_8492|accession|NZ_DS362235.1	0.0037567989311818573	0.0035410594271673935	294.0	0.0035410594271673935	0.0	0.003751449621023561	0.0035410594271673935	294.0	0.0035410594271673935	0.0
ti|411479|org|Bacteroides_uniformis_ATCC_8492|accession|NZ_DS362233.1	0.0037525074779242475	0.003396526389323826	282.0	0.003396526389323826	0.0	0.0037525071526073725	0.003396526389323826	282.0	0.003396526389323826	0.0
ti|537011|org|Prevotella_copri_DSM_18205|accession|NZ_GG703866.1	0.0034060832697891475	0.003095415893816395	257.0	0.003095415893816395	0.0	0.003744591482188031	0.003508940974313266	291.3333333333332	0.00333630429022234	0.0005299544720930793
ti|445970|org|Alistipes_putredinis_DSM_17216|accession|NZ_DS499581.1	0.0031804706411529826	0.0028545274974104496	237.0	0.0028545274974104496	0.0	0.0031256508466205855	0.0028133757296911017	233.5833333333334	0.0027702165586683688	0.00013248861802326982
ti|411479|org|Bacteroides_uniformis_ATCC_8492|accession|NZ_DS362232.1	0.003083748237245557	0.0027340832992074774	227.0	0.0027340832992074774	0.0	0.003083443083933093	0.0027340832992074774	227.0	0.0027340832992074774	0.0
ti|411903|org|Collinsella_aerofaciens_ATCC_25986|accession|NZ_AAVN02000005.1	0.002819762795166384	0.0025052393226218292	208.0	0.002493194902801532	1.2044419820297257e-05	0.002951488034398588	0.00266444552270679	221.21825396825392	0.0025052393226218292	0.0006503986702960518
ti|411903|org|Collinsella_aerofaciens_ATCC_25986|accession|NZ_AAVN02000004.1	0.0026827421878427944	0.0023727507045985595	197.0	0.0023727507045985595	0.0	0.0027442333095147983	0.0024341772456820746	202.0999999999999	0.0023727507045985595	0.00024088839640594513
ti|411903|org|Collinsella_aerofaciens_ATCC_25986|accession|NZ_AAVN02000006.1	0.0025842786745187305	0.002300484185676776	191.0	0.002300484185676776	0.0	0.0026892005867950107	0.0024123013292068752	200.28373015873004	0.002300484185676776	0.000566087731553971
ti|411903|org|Collinsella_aerofaciens_ATCC_25986|accession|NZ_AAVN02000007.1	0.0023063554977814527	0.002059595789270831	171.0	0.002059595789270831	0.0	0.002221719269111657	0.001979146712121924	164.32063492063486	0.0017584852937633994	0.0009033314865222942
ti|411479|org|Bacteroides_uniformis_ATCC_8492|accession|NZ_DS362231.1	0.0019563770188376285	0.0017946185532242912	149.0	0.0017946185532242912	0.0	0.0020585317587580396	0.0019060294365620424	158.25000000000014	0.0018066629730445884	0.0003011104955074314
ti|537011|org|Prevotella_copri_DSM_18205|accession|NZ_GG703867.1	0.0019533717422395556	0.001734396454122805	144.0	0.001734396454122805	0.0	0.0022656643781635557	0.0021327799782741613	177.0761904761905	0.00210777346855202	0.00034928817478862043
ti|411903|org|Collinsella_aerofaciens_ATCC_25986|accession|NZ_AAVN02000008.1	0.0017273142789789241	0.001505552477537157	125.0	0.001505552477537157	0.0	0.0018615149988294437	0.001674795694139033	139.05158730158735	0.001553730156818346	0.0006503986702960518
ti|537011|org|Prevotella_copri_DSM_18205|accession|NZ_GG703868.1	0.0016668813808586413	0.0015416857369980488	128.0	0.0015416857369980488	0.0	0.0016272743643155005	0.0015227240112818125	126.42568376068377	0.0014453303784356707	0.00015657745766386433
ti|411479|org|Bacteroides_uniformis_ATCC_8492|accession|NZ_DS362229.1	0.0014356564852890008	0.0013007973405921036	108.0	0.0013007973405921036	0.0	0.0014356564852890008	0.0013007973405921036	108.0	0.0013007973405921036	0.0
ti|411903|org|Collinsella_aerofaciens_ATCC_25986|accession|NZ_AAVN02000009.1	0.0013727459245535287	0.0011683087225688338	97.0	0.0011683087225688338	0.0	0.0015334411418412395	0.0013780584701139713	114.41468253968259	0.0011683087225688338	0.0009515091658034833
ti|537011|org|Prevotella_copri_DSM_18205|accession|NZ_GG703869.1	0.0013683788788738174	0.0012044419820297257	100.0	0.0012044419820297257	0.0	0.001474582473989485	0.0013400994295533356	111.26309523809523	0.001276708500951509	0.00022884397658564786
ti|411483|org|Faecalibacterium_prausnitzii_A2-165|accession|NZ_GG697149.2	0.001335266315051156	0.010406378724736829	864.0	0.010406378724736829	0.0	0.0010266166711971109	0.008929264460664273	741.361111111112	0.008515404812950161	0.0009635535856237805
ti|411903|org|Collinsella_aerofaciens_ATCC_25986|accession|NZ_AAVN02000010.1	0.0012120740049190333	0.001071953364006456	89.0	0.001071953364006456	0.0	0.0012131702595051788	0.0010779755739166045	89.5	0.001083997783826753	0.0
ti|411903|org|Collinsella_aerofaciens_ATCC_25986|accession|NZ_AAVN02000011.1	0.0010056172419199887	0.000891287066701997	74.0	0.000891287066701997	0.0	0.0010803008211860473	0.0009635535856237805	80.0	0.0010117312649049696	0.0
ti|1002367|org|Prevotella_stercorea_DSM_18206|accession|NZ_JH379375.1	0.0009201330017820418	0.0009515091658034833	79.0	0.0009515091658034833	0.0	0.00034459862373367327	0.00036936220782244906	30.666666666666654	0.00010839977838267531	0.0008069761279599161
ti|411479|org|Bacteroides_uniformis_ATCC_8492|accession|NZ_DS362230.1	0.0007504206733822596	0.0007106207693975381	59.0	0.0007106207693975381	0.0	0.0006890554676015678	0.0006383542504757546	53.0	0.0006985763495772409	0.0
ti|411483|org|Faecalibacterium_prausnitzii_A2-165|accession|NZ_GG697156.2	0.000731867914545483	0.0028063498181292606	233.0	0.0028063498181292606	0.0	0.0007319821926616825	0.0027702165586683688	230.0	0.0027702165586683688	1.2044419820297257e-05
ti|411903|org|Collinsella_aerofaciens_ATCC_25986|accession|NZ_AAVN02000012.1	0.0007099506696004593	0.0006142654108351601	51.0	0.0006142654108351601	0.0	0.0008249856651989353	0.0007326305127596292	60.82738095238098	0.0006142654108351601	0.0005299544720930793
ti|411479|org|Bacteroides_uniformis_ATCC_8492|accession|NZ_DS362225.1	0.0006837571568830012	0.0006383542504757546	53.0	0.0006383542504757546	0.0	0.0007451177507443384	0.0007106207693975381	59.0	0.0007708428684990244	0.0
ti|537011|org|Prevotella_copri_DSM_18205|accession|NZ_GG703872.1	0.000659439770299323	0.0006022209910148628	50.0	0.0006022209910148628	0.0	0.0006594399712980693	0.0006022209910148628	50.0	0.0006022209910148628	0.0
ti|411479|org|Bacteroides_uniformis_ATCC_8492|accession|NZ_DS362228.1	0.0006243130481053182	0.0007226651892178353	60.0	0.0007226651892178353	0.0	0.0004330215091780441	0.0005319618753964621	44.166666666666664	0.0006985763495772409	6.022209910148628e-05
ti|537011|org|Prevotella_copri_DSM_18205|accession|NZ_GG703870.1	0.0006053931897017028	0.0006744875099366464	56.0	0.0006744875099366464	0.0	0.000616895249592509	0.0007106207693975381	59.0	0.0007106207693975381	0.0
ti|1841857|org|Culturomica_massiliensis|accession|NZ_LT594621.1	0.0005583101974581213	0.0005419988919133765	45.0	0.0005419988919133765	0.0	0.0007046011341441857	0.0006221519562650483	51.6547883208619	0.000469732372991593	0.0013248861802326983
ti|745368|org|Gemmiger_formicilis|accession|NZ_FUYF01000012.1	0.0005356157887807132	0.0023245730253173705	193.0	0.002300484185676776	2.4088839640594513e-05	0.0002232445824044496	0.001232917705445962	102.36422541235645	0.0010960422036470504	0.0006142654108351601
ti|411903|org|Collinsella_aerofaciens_ATCC_25986|accession|NZ_AAVN02000013.1	0.0005048558998470125	0.0004456435333509985	37.0	0.0004456435333509985	0.0	0.0005741318042679304	0.0005173078312817673	42.95000000000001	0.0004456435333509985	0.0002770216558668369
ti|537011|org|Prevotella_copri_DSM_18205|accession|NZ_GG703871.1	0.00042383121123292845	0.000517910052272782	43.0	0.000517910052272782	0.0	0.0005357524182136641	0.0005895026572284299	48.944047619047616	0.0005540433117336738	0.00013248861802326982
ti|411903|org|Collinsella_aerofaciens_ATCC_25986|accession|NZ_AAVN02000014.1	0.00042322699694220643	0.00037337701442921497	31.0	0.00037337701442921497	0.0	0.0005477872749796104	0.0004909391550323311	40.76071428571432	0.00037337701442921497	0.0004938212126321875
ti|411903|org|Collinsella_aerofaciens_ATCC_25986|accession|NZ_AAVN02000015.1	0.0004093426214975775	0.0003613325946089177	30.0	0.0003613325946089177	0.0	0.00044511434981881224	0.0003923756528362315	32.577380952380956	0.0003613325946089177	0.00013248861802326982
ti|39482|org|Faecalicatena_contorta|accession|NZ_CYZU01000001.1	0.0003953348925219739	0.000421554693710404	35.0	0.000421554693710404	0.0	0.0003629955558956124	0.00043962132344084985	36.5	0.0004456435333509985	9.635535856237805e-05
ti|411903|org|Collinsella_aerofaciens_ATCC_25986|accession|NZ_AAVN02000016.1	0.00035496371949434737	0.0003251993351480259	27.0	0.0003251993351480259	0.0	0.0004099679026497866	0.00037543221304934507	31.170634920634924	0.0003251993351480259	0.00031315491532772866
ti|226186|org|Bacteroides_thetaiotaomicron_VPI-5482|accession|NC_004663.1	0.0003096699078420907	0.00037337701442921497	31.0	0.00037337701442921497	0.0	0.0013427001950203664	0.0012753080981708134	105.88373015872996	0.0004095102738901067	0.0030351937947149087
ti|411483|org|Faecalibacterium_prausnitzii_A2-165|accession|NZ_GG697153.2	0.00030023339026285394	0.0026136391010045047	217.0	0.0026136391010045047	0.0	0.00030088553240277766	0.002689920426533054	223.33333333333334	0.0026618167802856937	7.226651892178354e-05
ti|411903|org|Collinsella_aerofaciens_ATCC_25986|accession|NZ_AAVN02000017.1	0.0002729411590282367	0.00024088839640594513	20.0	0.00024088839640594513	0.0	0.000304236601797052	0.0002712001862870265	22.51666666666666	0.00024088839640594513	0.00013248861802326982
ti|537011|org|Prevotella_copri_DSM_18205|accession|NZ_GG703873.1	0.00024611130195684384	0.00021679955676535062	18.0	0.00021679955676535062	0.0	0.0003365261276297863	0.00035731778800215193	29.666666666666664	0.0003372437549683232	4.8177679281189026e-05
ti|537011|org|Prevotella_copri_DSM_18205|accession|NZ_GG703874.1	0.00024560574057107926	0.00024088839640594513	20.0	0.00024088839640594513	0.0	0.00024886785366939993	0.0002469106063160938	20.5	0.00024088839640594513	1.2044419820297257e-05
ti|411483|org|Faecalibacterium_prausnitzii_A2-165|accession|NZ_GG697154.2	0.00023780661723347307	0.003396526389323826	282.0	0.003396526389323826	0.0	0.0002586677130138577	0.0037498293707192124	311.3333333333333	0.0037217257244718522	0.00012044419820297256
ti|411471|org|Subdoligranulum_variabile_DSM_15176|accession|NZ_GG704769.1	0.0002211500966184213	0.0009515091658034833	79.0	0.000939464745983186	1.2044419820297257e-05	9.327440269772236e-05	0.0003972427340811757	32.981475239823695	0.00026497723604653964	0.0004456435333509985
ti|411483|org|Faecalibacterium_prausnitzii_A2-165|accession|NZ_GG697151.2	0.00021823269154610487	0.00693758581649122	576.0	0.00693758581649122	0.0	0.00022606409052115657	0.007127285428660902	591.75	0.007130296533615976	1.2044419820297257e-05
ti|411483|org|Faecalibacterium_prausnitzii_A2-165|accession|NZ_GG697152.2	0.00020658162116711935	0.0060703875894298175	504.0	0.00605834316960952	1.2044419820297257e-05	0.0001908596128493288	0.005157019086390608	428.16666666666663	0.005118878423626334	9.635535856237805e-05
ti|301302|org|Roseburia_faecis|accession|NZ_CYXV01000001.1	0.00017750849495700536	0.0002770216558668369	23.0	0.0002770216558668369	0.0	9.419923491668388e-05	0.00015490462157771194	12.86111111111111	9.635535856237805e-05	0.00013248861802326982
ti|1650663|org|Fournierella_massiliensis|accession|NZ_LN908964.1	0.000155928545705577	0.0005540433117336738	46.0	0.0005540433117336738	0.0	0.0001490786262879188	0.0003686563551346686	30.608062541410998	0.00031315491532772866	0.0003613325946089177
ti|411483|org|Faecalibacterium_prausnitzii_A2-165|accession|NZ_GG697150.2	0.00015537313137190697	0.00891287066701997	740.0	0.00891287066701997	0.0	0.00013265143645533828	0.008832574534884658	733.3333333333336	0.008756293209356105	0.00021679955676535062
ti|411479|org|Bacteroides_uniformis_ATCC_8492|accession|NZ_DS362227.1	0.00010673797302019654	0.00010839977838267531	9.0	0.00010839977838267531	0.0	0.00013526607427135636	0.000144533037843567	11.999999999999995	0.00012044419820297256	0.00013248861802326982
ti|763034|org|Bacteroides_fluxus_YIT_12057|accession|NZ_GL882693.1	0.00010532476859151656	0.00012044419820297256	10.0	0.00012044419820297256	0.0	0.0002275950156207689	0.00026497723604653974	22.000000000000007	0.00014453303784356709	0.0003613325946089177
ti|40520|org|Blautia_obeum|accession|NZ_CYZA01000015.1	0.00010270306217899197	0.00026497723604653964	22.0	0.00026497723604653964	0.0	0.00010278635541029253	0.00026497723604653964	22.0	0.00026497723604653964	0.0
ti|1871018|org|Angelakisella_massiliensis|accession|NZ_LT629945.1	9.960144999207383e-05	0.0006142654108351601	51.0	0.0006022209910148628	1.2044419820297257e-05	6.69745614662483e-05	0.00024650882484573137	20.46664169164169	0.00015657745766386433	0.00024088839640594513
ti|411479|org|Bacteroides_uniformis_ATCC_8492|accession|NZ_DS362221.1	9.638540089146506e-05	8.43109387420808e-05	7.0	8.43109387420808e-05	0.0	0.000214957013607335	0.00022482916997888208	18.666666666666664	0.0003372437549683232	3.613325946089177e-05
ti|411483|org|Faecalibacterium_prausnitzii_A2-165|accession|NZ_GG697157.2	8.597252049399447e-05	0.0007226651892178353	60.0	0.0007226651892178353	0.0	4.576126756111404e-05	0.000810990934566682	67.33333333333334	0.0007949317081396189	6.022209910148628e-05
ti|40520|org|Blautia_obeum|accession|NZ_CYZA01000001.1	6.251563936662257e-05	9.635535856237805e-05	8.0	9.635535856237805e-05	0.0	6.275899414523877e-05	0.00012044419820297256	10.0	0.00012044419820297256	0.0
ti|428125|org|[Clostridium]_leptum_DSM_753|accession|NZ_DS480350.1	5.8932540173462666e-05	6.022209910148628e-05	5.0	6.022209910148628e-05	0.0	7.499723111333329e-05	8.586428653636515e-05	7.128968253968253	6.022209910148628e-05	0.00010839977838267531
ti|411483|org|Faecalibacterium_prausnitzii_A2-165|accession|NZ_GG697159.2	5.569357806522139e-05	0.0005299544720930793	44.0	0.0005299544720930793	0.0	5.569357806522139e-05	0.0005299544720930793	44.0	0.0005299544720930793	0.0
ti|411903|org|Collinsella_aerofaciens_ATCC_25986|accession|NZ_AAVN02000020.1	5.4579016199677e-05	4.8177679281189026e-05	4.0	4.8177679281189026e-05	0.0	5.4579016199677e-05	4.8177679281189026e-05	4.0	4.8177679281189026e-05	0.0
ti|411903|org|Collinsella_aerofaciens_ATCC_25986|accession|NZ_AAVN02000019.1	5.4579016199677e-05	4.8177679281189026e-05	4.0	4.8177679281189026e-05	0.0	5.4579016435833225e-05	4.8177679281189026e-05	4.0	4.8177679281189026e-05	0.0
ti|411903|org|Collinsella_aerofaciens_ATCC_25986|accession|NZ_AAVN02000018.1	5.4579016199677e-05	4.8177679281189026e-05	4.0	4.8177679281189026e-05	0.0	5.4644262379322906e-05	4.8177679281189026e-05	4.0	4.8177679281189026e-05	0.0
ti|537013|org|[Clostridium]_methylpentosum_DSM_5476|accession|NZ_EQ973339.1	5.051126615965498e-05	0.0004456435333509985	37.0	0.0004456435333509985	0.0	4.364054111174233e-05	0.0003041216004625057	25.25	0.00028906607568713417	6.022209910148628e-05
ti|1871021|org|Lachnoclostridium_phocaeense|accession|NZ_LT635479.1	5.028149197343403e-05	0.00039746585406980945	33.0	0.00039746585406980945	0.0	5.817751149612136e-05	0.00011497315243549509	9.545760954109415	8.43109387420808e-05	0.00015657745766386433
ti|537011|org|Prevotella_copri_DSM_18205|accession|NZ_GG703875.1	4.093426214975776e-05	3.613325946089177e-05	3.0	3.613325946089177e-05	0.0	8.336176289797003e-05	0.00010438497177590955	8.666666666666666	6.022209910148628e-05	0.00010839977838267531
ti|411459|org|Blautia_obeum_ATCC_29174|accession|NZ_DS264338.1	4.086194867872383e-05	4.8177679281189026e-05	4.0	4.8177679281189026e-05	0.0	8.998200250000311e-05	0.00012400494930063982	10.295634920634921	8.43109387420808e-05	0.00010839977838267531
ti|411461|org|Dorea_formicigenerans_ATCC_27755|accession|NZ_AAXA02000016.1	3.6314509084486255e-05	6.022209910148628e-05	5.0	6.022209910148628e-05	0.0	6.324197790199396e-05	0.00010329523855407318	8.57619047619048	2.4088839640594513e-05	0.0004095102738901067
ti|1550024|org|Ruthenibacterium_lactatiformans|accession|NZ_JXXK01000016.1	3.296002830667592e-05	0.00020475513694505335	17.0	0.00020475513694505335	0.0	0.0002141686161353207	0.00048398493644561145	40.18333333333334	0.0003251993351480259	0.00039746585406980945
ti|1150298|org|Fusicatenibacter_saccharivorans|accession|NZ_CYYV01000010.1	2.7456114547750553e-05	0.00012044419820297256	10.0	0.00012044419820297256	0.0	2.7616381780639903e-05	7.828872883193216e-05	6.5	8.43109387420808e-05	1.2044419820297257e-05
ti|445970|org|Alistipes_putredinis_DSM_17216|accession|NZ_DS499570.1	2.72895080998385e-05	2.4088839640594513e-05	2.0	2.4088839640594513e-05	0.0	2.72895080998385e-05	2.4088839640594513e-05	2.0	2.4088839640594513e-05	0.0
ti|622312|org|Roseburia_inulinivorans_DSM_16841|accession|NZ_ACFY01000061.1	2.6265674202107208e-05	8.43109387420808e-05	7.0	8.43109387420808e-05	0.0	2.6265674202107208e-05	8.43109387420808e-05	7.0	8.43109387420808e-05	0.0
ti|1650661|org|Clostridium_phoceensis|accession|NZ_LN866274.1	2.360389618403822e-05	0.00026497723604653964	22.0	0.00026497723604653964	0.0	2.5092018917619847e-05	0.0001876922088662989	15.583333333333332	0.00012044419820297256	0.0001927107171247561
ti|411483|org|Faecalibacterium_prausnitzii_A2-165|accession|NZ_GG697155.2	1.7545419835267333e-05	0.002974971695613422	247.0	0.002974971695613422	0.0	0.00010106797447320599	0.003557118653594456	295.3333333333333	0.003396526389323826	0.0003613325946089177
ti|295405|org|Bacteroides_fragilis_YCH46|accession|NC_006347.1	1.5831354226810984e-05	0.00012044419820297256	10.0	0.00012044419820297256	0.0	0.00032609009884491453	0.0003887291883350169	32.274629590703114	0.00013248861802326982	0.001698263194661913
ti|622312|org|Roseburia_inulinivorans_DSM_16841|accession|NZ_ACFY01000080.1	1.4034523282437216e-05	2.4088839640594513e-05	2.0	2.4088839640594513e-05	0.0	1.4034523282437216e-05	2.4088839640594513e-05	2.0	2.4088839640594513e-05	0.0
ti|1221996|org|Quasibacillus_thermotolerans|accession|NZ_JWJE02000014.1	1.372702345558355e-05	2.4088839640594513e-05	2.0	2.4088839640594513e-05	0.0	6.2903785839065055e-06	6.022209910148628e-06	0.5	0.0	1.2044419820297257e-05
ti|445970|org|Alistipes_putredinis_DSM_17216|accession|NZ_DS499576.1	1.364475404991925e-05	1.2044419820297257e-05	1.0	1.2044419820297257e-05	0.0	5.5049012466606544e-05	4.8177679281189026e-05	4.0	8.43109387420808e-05	0.0
ti|411903|org|Collinsella_aerofaciens_ATCC_25986|accession|NZ_AAVN02000021.1	1.364475404991925e-05	1.2044419820297257e-05	1.0	1.2044419820297257e-05	0.0	1.364475404991925e-05	1.2044419820297257e-05	1.0	1.2044419820297257e-05	0.0
ti|411479|org|Bacteroides_uniformis_ATCC_8492|accession|NZ_DS362218.1	1.3616310272299796e-05	1.2044419820297257e-05	1.0	1.2044419820297257e-05	0.0	5.1785116492494626e-05	8.43109387420808e-05	7.0	4.8177679281189026e-05	8.43109387420808e-05
ti|1816678|org|Christensenella_timonensis|accession|NZ_FLKP01000002.1	1.2819889170236166e-05	1.2044419820297257e-05	1.0	1.2044419820297257e-05	0.0	1.5136200233880636e-05	1.5029782963760136e-05	1.247862760349149	1.2044419820297257e-05	9.635535856237805e-05
ti|246787|org|Bacteroides_cellulosilyticus|accession|NZ_CP012801.1	1.2681664002957205e-05	0.00024088839640594513	20.0	0.00024088839640594513	0.0	6.396323374211411e-05	0.00025356992833756837	21.052896870154953	0.00024088839640594513	0.0002770216558668369
ti|585394|org|Roseburia_hominis_A2-183|accession|NC_015977.1	7.810496480605439e-06	0.00018066629730445884	15.0	0.00018066629730445884	0.0	8.104821816093397e-05	0.0004075617429668987	33.83822127156973	0.00020475513694505335	0.0005540433117336738
ti|476272|org|Blautia_hydrogenotrophica_DSM_10507|accession|NZ_GG657680.1	7.5130081096845165e-06	8.43109387420808e-05	7.0	8.43109387420808e-05	0.0	1.0261771513623033e-05	0.0001264664081131212	10.5	0.00012044419820297256	2.4088839640594513e-05
ti|745368|org|Gemmiger_formicilis|accession|NZ_FUYF01000006.1	6.649748566821481e-06	0.000469732372991593	39.0	0.000469732372991593	0.0	2.082905395728582e-05	0.0004976584502652369	41.31859049172156	0.0004456435333509985	0.0002529328162262424
ti|36847|org|Anaerotignum_neopropionicum|accession|NZ_LRVM01000002.1	6.198344771992243e-06	0.00012044419820297256	10.0	0.00012044419820297256	0.0	1.1923712773202307e-05	0.0002071640209091128	17.2	0.0001927107171247561	2.4088839640594513e-05
ti|1121094|org|Bacteroides_barnesiae_DSM_18169_=_JCM_13652|accession|NZ_KB894650.1	6.041231448848151e-06	0.0001927107171247561	16.0	0.0001927107171247561	0.0	5.6377379539226046e-06	0.0001264664081131212	10.5	0.00013248861802326982	0.0
ti|411474|org|Coprococcus_eutactus_ATCC_27759|accession|NZ_DS483527.1	4.6149225666425494e-06	0.00010839977838267531	9.0	0.00010839977838267531	0.0	4.6149225772969305e-06	0.00010839977838267531	9.0	0.00010839977838267531	0.0
ti|745368|org|Gemmiger_formicilis|accession|NZ_FUYF01000007.1	2.519139237831954e-06	0.0002529328162262424	21.0	0.0002529328162262424	0.0	1.0875834962940056e-05	0.000632332040565606	52.5	0.0006263098306554573	1.2044419820297257e-05
ti|1121101|org|Bacteroides_salyersiae_WAL_10018_=_DSM_18765_=_JCM_12988|accession|NZ_KB905466.1	2.3070400635666835e-06	7.226651892178354e-05	6.0	7.226651892178354e-05	0.0	1.165811859538542e-05	6.624430901163491e-05	5.5	6.022209910148628e-05	2.4088839640594513e-05
ti|796942|org|Stomatobaculum_longum|accession|NZ_JH590861.1	2.041847021673102e-06	0.00024088839640594513	20.0	0.00024088839640594513	0.0	2.177648295243265e-06	0.00024088839640594513	20.0	0.00024088839640594513	0.0
ti|999419|org|Parabacteroides_johnsonii_CL02T12C29|accession|NZ_JH976467.1	1.0141347376106407e-06	0.00022884397658564786	19.0	0.00022884397658564786	0.0	1.1652219753891748e-05	0.0002832446061073238	23.516666666666666	0.0002770216558668369	6.022209910148628e-05
ti|763034|org|Bacteroides_fluxus_YIT_12057|accession|NZ_GL882607.1	4.2359119222316833e-07	4.8177679281189026e-05	4.0	4.8177679281189026e-05	0.0	4.240558871654318e-07	5.4199889191337654e-05	4.5	4.8177679281189026e-05	1.2044419820297257e-05
ti|1211819|org|Holdemania_massiliensis_AP2|accession|NZ_HE998569.1	3.9002697735635634e-07	0.00014453303784356709	12.0	0.00014453303784356709	0.0	8.523204633218544e-06	0.0003402548599233975	28.25	0.0003372437549683232	4.8177679281189026e-05
ti|1236513|org|Bacteroides_faecichinchillae_JCM_17102|accession|NZ_BAKK01000044.1	3.8976923293043075e-07	2.4088839640594513e-05	2.0	2.4088839640594513e-05	0.0	3.8976923294880506e-07	2.4088839640594513e-05	2.0	2.4088839640594513e-05	0.0
ti|649756|org|Anaerostipes_hadrus|accession|NZ_CP012098.1	1.6023900738265818e-07	2.4088839640594513e-05	2.0	2.4088839640594513e-05	0.0	5.206577056215758e-05	0.0001713411301973921	14.225768675768677	0.00013248861802326982	0.00018066629730445884
ti|997884|org|Bacteroides_nordii_CL02T12C05|accession|NZ_JH724314.1	8.226940566429755e-08	2.4088839640594513e-05	2.0	2.4088839640594513e-05	0.0	0.00011670676095961261	0.00011743309324789823	9.749999999999998	4.8177679281189026e-05	0.00021679955676535062
ti|745368|org|Gemmiger_formicilis|accession|NZ_FUYF01000002.1	4.2243292131798105e-08	8.43109387420808e-05	7.0	8.43109387420808e-05	0.0	5.305717059799198e-07	0.0001505552477537157	12.5	0.00015657745766386433	0.0
ti|40518|org|Ruminococcus_bromii|accession|NZ_FMUV01000040.1	5.115225677571388e-09	2.4088839640594513e-05	2.0	2.4088839640594513e-05	0.0	5.115225677571388e-09	1.2044419820297257e-05	1.0	1.2044419820297257e-05	0.0
ti|1125702|org|Treponema_vincentii_F0403|accession|NZ_KE332512.1	3.2797823868799555e-09	1.2044419820297257e-05	1.0	1.2044419820297257e-05	0.0	1.965326116859934e-08	1.2044419820297257e-05	1.0	1.2044419820297257e-05	0.0
ti|40518|org|Ruminococcus_bromii|accession|NZ_FMUV01000051.1	2.9348949019410917e-09	3.613325946089177e-05	3.0	3.613325946089177e-05	0.0	2.9348949019410917e-09	3.613325946089177e-05	3.0	3.613325946089177e-05	0.0
ti|1203606|org|Butyricicoccus_pullicaecorum_1.2|accession|NZ_KB976103.1	2.785599142980076e-09	0.0008551538072411052	71.0	0.0008551538072411052	0.0	1.982159152213761e-06	0.0004040392281226292	33.54576095410941	0.000421554693710404	0.000421554693710404
ti|40518|org|Ruminococcus_bromii|accession|NZ_FMUV01000042.1	6.417824852051339e-10	0.0001927107171247561	16.0	0.0001927107171247561	0.0	6.417824852051339e-10	0.0001927107171247561	16.0	0.0001927107171247561	0.0
ti|717959|org|Alistipes_shahii_WAL_8301|accession|NC_021030.1	3.2323182938592176e-10	6.022209910148628e-05	5.0	6.022209910148628e-05	0.0	0.0003079388446253263	0.00037628398963713254	31.241354523612568	0.00028906607568713417	0.0010599089441861585
ti|411483|org|Faecalibacterium_prausnitzii_A2-165|accession|NZ_GG697158.2	1.427808366652522e-10	0.0010117312649049696	84.0	0.0010117312649049696	0.0	2.5513976539463676e-06	0.001132175463107942	93.99999999999999	0.0010478645243658612	0.0001686218774841616
ti|40518|org|Ruminococcus_bromii|accession|NZ_FMUV01000039.1	8.383626639163898e-11	1.2044419820297257e-05	1.0	1.2044419820297257e-05	0.0	8.383626639163898e-11	1.2044419820297257e-05	1.0	1.2044419820297257e-05	0.0
ti|999419|org|Parabacteroides_johnsonii_CL02T12C29|accession|NZ_JH976466.1	6.338941425948728e-11	0.00010839977838267531	9.0	0.00010839977838267531	0.0	2.4869154575877125e-05	9.033314865222942e-05	7.5	8.43109387420808e-05	1.2044419820297257e-05
ti|40518|org|Ruminococcus_bromii|accession|NZ_FMUV01000029.1	1.4382982804691904e-11	9.635535856237805e-05	8.0	9.635535856237805e-05	0.0	1.4382982804691904e-11	9.635535856237805e-05	8.0	9.635535856237805e-05	0.0
ti|763034|org|Bacteroides_fluxus_YIT_12057|accession|NZ_GL882608.1	9.085170463166124e-12	1.2044419820297257e-05	1.0	1.2044419820297257e-05	0.0	9.085170463166124e-12	1.2044419820297257e-05	1.0	1.2044419820297257e-05	0.0
ti|1236513|org|Bacteroides_faecichinchillae_JCM_17102|accession|NZ_BAKK01000002.1	8.454285227961533e-12	6.022209910148628e-05	5.0	6.022209910148628e-05	0.0	1.806387450256567e-11	6.022209910148628e-05	5.0	6.022209910148628e-05	0.0
ti|1349822|org|Coprobacter_fastidiosus_NSB1|accession|NZ_KI440780.1	5.212647631224242e-12	1.2044419820297257e-05	1.0	1.2044419820297257e-05	0.0	5.4492065005539884e-12	1.2044419820297257e-05	1.0	1.2044419820297257e-05	0.0
ti|667015|org|Bacteroides_salanitronis_DSM_18170|accession|NC_015164.1	1.229544117885495e-12	3.613325946089177e-05	3.0	3.613325946089177e-05	0.0	1.3818196815751631e-05	4.9376138992193124e-05	4.099503315965826	3.613325946089177e-05	0.0002529328162262424
ti|40518|org|Ruminococcus_bromii|accession|NZ_FMUV01000030.1	1.0109613971670936e-12	3.613325946089177e-05	3.0	3.613325946089177e-05	0.0	1.0109613971670936e-12	3.613325946089177e-05	3.0	3.613325946089177e-05	0.0
ti|1550024|org|Ruthenibacterium_lactatiformans|accession|NZ_JXXK01000008.1	6.467391855975312e-13	0.00021679955676535062	18.0	0.00021679955676535062	0.0	6.467391855975312e-13	0.00021679955676535062	18.0	0.00021679955676535062	0.0
ti|40518|org|Ruminococcus_bromii|accession|NZ_FMUV01000010.1	6.312689987282377e-13	1.2044419820297257e-05	1.0	1.2044419820297257e-05	0.0	6.312689987282377e-13	1.2044419820297257e-05	1.0	1.2044419820297257e-05	0.0
ti|411467|org|Pseudoflavonifractor_capillosus_ATCC_29799|accession|NZ_AAXG02000024.1	3.3269269087083976e-13	6.022209910148628e-05	5.0	6.022209910148628e-05	0.0	3.9780462394916654e-10	7.226651892178354e-05	6.0	8.43109387420808e-05	0.0
ti|537007|org|Blautia_hansenii_DSM_20583|accession|NZ_GG698588.1	3.2410431066164397e-13	1.2044419820297257e-05	1.0	1.2044419820297257e-05	0.0	5.7969872668646354e-08	0.0	0.0	0.0	0.0
ti|1410649|org|Blautia_schinkii_DSM_10518|accession|NZ_JNKJ01000020.1	2.9365589005363997e-13	8.43109387420808e-05	7.0	8.43109387420808e-05	0.0	2.6687396791557507e-06	0.000140065693727781	11.629094287442745	8.43109387420808e-05	0.00018066629730445884
ti|40518|org|Ruminococcus_bromii|accession|NZ_FMUV01000023.1	2.687806459338267e-13	3.613325946089177e-05	3.0	3.613325946089177e-05	0.0	2.687806459338267e-13	3.613325946089177e-05	3.0	3.613325946089177e-05	0.0
ti|745368|org|Gemmiger_formicilis|accession|NZ_FUYF01000005.1	2.681887985779526e-13	7.226651892178354e-05	6.0	7.226651892178354e-05	0.0	1.076588750241292e-05	0.00036316242893858413	30.151923825054887	0.0003372437549683232	0.00020475513694505335
ti|40518|org|Ruminococcus_bromii|accession|NZ_FMUV01000002.1	2.5973989376088356e-13	0.00012044419820297256	10.0	0.00012044419820297256	0.0	2.5973989376088356e-13	0.00012044419820297256	10.0	0.00012044419820297256	0.0
ti|1650663|org|Fournierella_massiliensis|accession|NZ_LN908963.1	2.595224439933457e-13	1.2044419820297257e-05	1.0	1.2044419820297257e-05	0.0	5.6141927200489655e-06	2.9107347899051707e-05	2.416666666666667	2.4088839640594513e-05	2.4088839640594513e-05
ti|999413|org|[Clostridium]_innocuum_2959|accession|NZ_KB850945.1	2.0780932780185578e-13	1.2044419820297257e-05	1.0	1.2044419820297257e-05	0.0	5.057481257028437e-07	8.029613213531504e-05	6.666666666666666	4.8177679281189026e-05	6.022209910148628e-05
ti|449673|org|Bacteroides_stercoris_ATCC_43183|accession|NZ_DS499676.1	1.6640070144740808e-13	1.2044419820297257e-05	1.0	1.2044419820297257e-05	0.0	0.001949353845131027	0.0019879888457201584	165.05476190476188	0.00020475513694505335	0.005239322621829306
ti|411467|org|Pseudoflavonifractor_capillosus_ATCC_29799|accession|NZ_AAXG02000017.1	6.962690587956833e-14	3.613325946089177e-05	3.0	3.613325946089177e-05	0.0	1.0655115175712795e-13	0.00010237756847252667	8.5	0.00010839977838267531	1.2044419820297257e-05
ti|997894|org|[Clostridium]_bolteae_90A9|accession|NZ_KB851182.1	6.950373555955504e-14	4.8177679281189026e-05	4.0	4.8177679281189026e-05	0.0	1.392769537608082e-06	0.00014352933619187565	11.916666666666668	8.43109387420808e-05	9.635535856237805e-05
ti|566550|org|Hungatella_hathewayi_DSM_13479|accession|NZ_GG667868.1	4.405853364643146e-14	3.613325946089177e-05	3.0	3.613325946089177e-05	0.0	4.395711813435614e-14	2.4088839640594513e-05	2.0	2.4088839640594513e-05	0.0
ti|697329|org|Ruminococcus_albus_7_=_DSM_20455|accession|NC_014833.1	3.5110256989308126e-14	1.2044419820297257e-05	1.0	1.2044419820297257e-05	0.0	1.0886398768619686e-07	1.2044419820297257e-05	1.0	1.2044419820297257e-05	0.0
ti|880074|org|Barnesiella_viscericola_DSM_18177|accession|NZ_CP007034.1	2.8123934238729413e-14	2.4088839640594513e-05	2.0	2.4088839640594513e-05	0.0	4.8822886816105136e-05	6.448193589659528e-05	5.35367720975072	2.4088839640594513e-05	0.0006022209910148628
ti|709991|org|Odoribacter_splanchnicus_DSM_20712|accession|NC_015160.1	2.251988606095794e-14	2.4088839640594513e-05	2.0	2.4088839640594513e-05	0.0	0.0001606895411864806	0.00015559287413887164	12.918253968253957	4.8177679281189026e-05	0.0007106207693975381
ti|470145|org|Bacteroides_coprocola_DSM_17136|accession|NZ_DS981511.1	2.251988606095794e-14	1.2044419820297257e-05	1.0	1.2044419820297257e-05	0.0	2.2527440641111906e-14	1.2044419820297257e-05	1.0	1.2044419820297257e-05	0.0
ti|411471|org|Subdoligranulum_variabile_DSM_15176|accession|NZ_GG704770.1	1.910739105998713e-14	8.43109387420808e-05	7.0	8.43109387420808e-05	0.0	2.3421695887324586e-06	0.00011442198829282393	9.5	0.00010839977838267531	1.2044419820297257e-05
ti|40518|org|Ruminococcus_bromii|accession|NZ_FMUV01000020.1	1.698102352505396e-14	4.8177679281189026e-05	4.0	4.8177679281189026e-05	0.0	1.698102352505396e-14	4.8177679281189026e-05	4.0	4.8177679281189026e-05	0.0
ti|566550|org|Hungatella_hathewayi_DSM_13479|accession|NZ_GG667607.1	1.6315414390063053e-14	3.613325946089177e-05	3.0	3.613325946089177e-05	0.0	1.6315414390063053e-14	6.022209910148628e-05	5.0	4.8177679281189026e-05	1.2044419820297257e-05
ti|40518|org|Ruminococcus_bromii|accession|NZ_FMUV01000026.1	1.4446863872121426e-14	3.613325946089177e-05	3.0	3.613325946089177e-05	0.0	2.3705045962479954e-14	3.613325946089177e-05	3.0	3.613325946089177e-05	0.0
ti|40518|org|Ruminococcus_bromii|accession|NZ_FMUV01000003.1	9.25820194048133e-15	6.022209910148628e-05	5.0	6.022209910148628e-05	0.0	7.919671930567729e-15	6.022209910148628e-05	5.0	6.022209910148628e-05	0.0
ti|745368|org|Gemmiger_formicilis|accession|NZ_FUYF01000003.1	7.413388577500326e-15	4.8177679281189026e-05	4.0	4.8177679281189026e-05	0.0	1.1912792608183314e-11	0.00010237756847252667	8.5	0.00010839977838267531	0.0
ti|40518|org|Ruminococcus_bromii|accession|NZ_FMUV01000041.1	5.936177516360788e-15	1.2044419820297257e-05	1.0	1.2044419820297257e-05	0.0	5.936177516360788e-15	1.2044419820297257e-05	1.0	1.2044419820297257e-05	0.0
ti|1898205|org|Ruminococcaceae_bacterium|accession|NZ_FWXP01000005.1	3.8061606057293794e-15	1.2044419820297257e-05	1.0	1.2044419820297257e-05	0.0	3.8061606057293794e-15	1.2044419820297257e-05	1.0	1.2044419820297257e-05	0.0
ti|999419|org|Parabacteroides_johnsonii_CL02T12C29|accession|NZ_JH976465.1	3.088370476493181e-15	3.613325946089177e-05	3.0	3.613325946089177e-05	0.0	7.530267446148827e-06	4.8378419611527325e-05	4.0166666666666675	3.613325946089177e-05	6.022209910148628e-05
ti|40518|org|Ruminococcus_bromii|accession|NZ_FMUV01000018.1	3.0477351585159883e-15	1.2044419820297257e-05	1.0	1.2044419820297257e-05	0.0	3.0477351585159883e-15	1.2044419820297257e-05	1.0	1.2044419820297257e-05	0.0
ti|1160721|org|Ruminococcus_bicirculans|accession|NZ_HF545617.1	2.997551108443585e-15	2.4088839640594513e-05	2.0	2.4088839640594513e-05	0.0	1.1273776299470657e-07	0.0	0.0	0.0	0.0
ti|40518|org|Ruminococcus_bromii|accession|NZ_FMUV01000027.1	2.440435535608358e-15	4.8177679281189026e-05	4.0	4.8177679281189026e-05	0.0	2.440435535608358e-15	4.8177679281189026e-05	4.0	4.8177679281189026e-05	0.0
ti|745368|org|Gemmiger_formicilis|accession|NZ_FUYF01000009.1	1.177413205002456e-15	9.635535856237805e-05	8.0	9.635535856237805e-05	0.0	1.177413205002456e-15	8.43109387420808e-05	7.0	8.43109387420808e-05	0.0
ti|633697|org|[Eubacterium]_cellulosolvens_6|accession|NZ_CM001487.1	1.0153648055398017e-15	1.2044419820297257e-05	1.0	1.2044419820297257e-05	0.0	2.090187808076404e-07	0.0	0.0	0.0	0.0
ti|1736|org|Eubacterium_limosum|accession|NZ_CP019962.1	1.0032930428790759e-15	1.2044419820297257e-05	1.0	1.2044419820297257e-05	0.0	1.1655432148515652e-15	1.2044419820297257e-05	1.0	1.2044419820297257e-05	0.0
ti|40518|org|Ruminococcus_bromii|accession|NZ_FMUV01000004.1	8.936833292550648e-16	0.00015657745766386433	13.0	0.00015657745766386433	0.0	8.936833292550648e-16	0.00015657745766386433	13.0	0.00015657745766386433	0.0
ti|40518|org|Ruminococcus_bromii|accession|NZ_FMUV01000011.1	4.628648631102269e-16	2.4088839640594513e-05	2.0	2.4088839640594513e-05	0.0	3.392047899699116e-15	3.613325946089177e-05	3.0	3.613325946089177e-05	0.0
ti|290054|org|Eubacterium_coprostanoligenes|accession|NZ_FUWW01000003.1	2.9554487585083133e-16	1.2044419820297257e-05	1.0	1.2044419820297257e-05	0.0	2.782445941581342e-16	1.2044419820297257e-05	1.0	1.2044419820297257e-05	0.0
ti|1650663|org|Fournierella_massiliensis|accession|NZ_LN908962.1	1.741201621233802e-16	3.613325946089177e-05	3.0	3.613325946089177e-05	0.0	2.8160652351734668e-08	6.624430901163491e-05	5.5	7.226651892178354e-05	0.0
ti|428127|org|Absiella_dolichum_DSM_3991|accession|NZ_DS483462.1	1.6956988350083408e-16	3.613325946089177e-05	3.0	3.613325946089177e-05	0.0	1.1373355894512333e-13	2.4088839640594513e-05	2.0	2.4088839640594513e-05	0.0
ti|1445607|org|Bacteroides_reticulotermitis_JCM_10512|accession|NZ_BAIV01000014.1	1.6956988350083408e-16	1.2044419820297257e-05	1.0	1.2044419820297257e-05	0.0	1.5436492100909984e-08	2.4088839640594513e-05	2.0	1.2044419820297257e-05	2.4088839640594513e-05
ti|1410649|org|Blautia_schinkii_DSM_10518|accession|NZ_JNKJ01000045.1	1.3578094812736272e-16	1.2044419820297257e-05	1.0	1.2044419820297257e-05	0.0	1.972056481424403e-07	1.2044419820297257e-05	1.0	1.2044419820297257e-05	0.0
ti|1121101|org|Bacteroides_salyersiae_WAL_10018_=_DSM_18765_=_JCM_12988|accession|NZ_KB905467.1	1.3578094812736272e-16	2.4088839640594513e-05	2.0	2.4088839640594513e-05	0.0	2.310162860413192e-06	6.022209910148628e-05	5.0	7.226651892178354e-05	0.0
ti|40518|org|Ruminococcus_bromii|accession|NZ_FMUV01000043.1	6.97122632070651e-17	4.8177679281189026e-05	4.0	4.8177679281189026e-05	0.0	6.971226320706516e-17	6.022209910148628e-05	5.0	6.022209910148628e-05	0.0
ti|745368|org|Gemmiger_formicilis|accession|NZ_FUYF01000001.1	4.703552127645076e-17	7.226651892178354e-05	6.0	7.226651892178354e-05	0.0	3.1303732091449845e-12	0.00013248861802326982	11.0	0.00013248861802326982	0.0
ti|1650663|org|Fournierella_massiliensis|accession|NZ_LN908959.1	4.469813600143728e-17	2.4088839640594513e-05	2.0	2.4088839640594513e-05	0.0	4.904903653840344e-06	3.3322894836155746e-05	2.766666666666667	2.4088839640594513e-05	4.8177679281189026e-05
ti|1150298|org|Fusicatenibacter_saccharivorans|accession|NZ_CYYV01000015.1	3.5791469337012944e-17	2.4088839640594513e-05	2.0	2.4088839640594513e-05	0.0	5.4785332504609544e-05	0.00013541369140819917	11.242857142857144	4.8177679281189026e-05	0.00039746585406980945
ti|1121323|org|Anaerotignum_lactatifermentans_DSM_14214|accession|NZ_FRAH01000013.1	3.579146933701294e-17	1.2044419820297257e-05	1.0	1.2044419820297257e-05	0.0	1.2374587627731504e-07	1.2044419820297257e-05	1.0	1.2044419820297257e-05	0.0
ti|40518|org|Ruminococcus_bromii|accession|NZ_FMUV01000007.1	2.4425187968855677e-17	6.022209910148628e-05	5.0	6.022209910148628e-05	0.0	2.4425187968855677e-17	6.022209910148628e-05	5.0	6.022209910148628e-05	0.0
ti|40518|org|Ruminococcus_bromii|accession|NZ_FMUV01000001.1	2.29487882119848e-17	2.4088839640594513e-05	2.0	2.4088839640594513e-05	0.0	2.29487882119848e-17	2.4088839640594513e-05	2.0	2.4088839640594513e-05	0.0
ti|1291051|org|[Clostridium]_glycyrrhizinilyticum_JCM_13369|accession|NZ_BBAB01000035.1	1.8375953072952465e-17	2.4088839640594513e-05	2.0	2.4088839640594513e-05	0.0	2.2039391088306162e-14	2.4088839640594513e-05	2.0	2.4088839640594513e-05	0.0
ti|1033732|org|Alistipes_senegalensis_JC50|accession|NZ_HE978647.1	1.8375953072952453e-17	1.2044419820297257e-05	1.0	1.2044419820297257e-05	0.0	5.3773425275185146e-06	1.2044419820297257e-05	1.0	1.2044419820297257e-05	0.0
ti|745368|org|Gemmiger_formicilis|accession|NZ_FUYF01000010.1	6.049234895903174e-18	1.2044419820297257e-05	1.0	1.2044419820297257e-05	0.0	6.53215133452586e-06	1.989646406011239e-05	1.6519238250548913	1.2044419820297257e-05	0.0001686218774841616
ti|1650663|org|Fournierella_massiliensis|accession|NZ_LN908960.1	6.0492348959031545e-18	3.613325946089177e-05	3.0	3.613325946089177e-05	0.0	5.636799596557332e-14	6.022209910148628e-05	5.0	6.022209910148628e-05	0.0
ti|763034|org|Bacteroides_fluxus_YIT_12057|accession|NZ_GL882646.1	6.049234895903149e-18	1.2044419820297257e-05	1.0	1.2044419820297257e-05	0.0	1.270240444624561e-10	1.2044419820297257e-05	1.0	1.2044419820297257e-05	0.0
ti|511680|org|Butyrivibrio_crossotus_DSM_2876|accession|NZ_GG663524.1	6.049234895903149e-18	1.2044419820297257e-05	1.0	1.2044419820297257e-05	0.0	3.919298453849885e-05	9.276519496209714e-05	7.701923076923077	0.00012044419820297256	6.022209910148628e-05
ti|511680|org|Butyrivibrio_crossotus_DSM_2876|accession|NZ_GG663521.1	5.680748740846251e-30	4.8177679281189026e-05	4.0	4.8177679281189026e-05	0.0	5.680748740846251e-30	4.8177679281189026e-05	4.0	4.8177679281189026e-05	0.0
ti|536231|org|Roseburia_intestinalis_L1-82|accession|NZ_GG692778.1	1.3769099273577418e-30	1.2044419820297257e-05	1.0	1.2044419820297257e-05	0.0	5.647826608256422e-31	1.2044419820297257e-05	1.0	0.0	1.2044419820297257e-05
ti|511680|org|Butyrivibrio_crossotus_DSM_2876|accession|NZ_GG663519.1	7.384238289807427e-31	2.4088839640594513e-05	2.0	2.4088839640594513e-05	0.0	7.384238289807427e-31	2.4088839640594513e-05	2.0	2.4088839640594513e-05	0.0
ti|411459|org|Blautia_obeum_ATCC_29174|accession|NZ_DS264296.1	3.629495162946331e-31	1.2044419820297257e-05	1.0	1.2044419820297257e-05	0.0	5.71404236033237e-09	1.2044419820297257e-05	1.0	1.2044419820297257e-05	0.0
ti|292800|org|Flavonifractor_plautii|accession|NZ_CP015406.2	1.414833152006964e-31	7.226651892178354e-05	6.0	7.226651892178354e-05	0.0	9.06508754753294e-05	0.0001294775130681955	10.75	0.00018066629730445884	1.2044419820297257e-05
ti|566550|org|Hungatella_hathewayi_DSM_13479|accession|NZ_GG667646.1	7.609116271507915e-32	3.613325946089177e-05	3.0	3.613325946089177e-05	0.0	4.49660284728284e-06	0.0002308513798890307	19.166666666666664	0.0001686218774841616	0.00010839977838267531
ti|1650663|org|Fournierella_massiliensis|accession|NZ_LN908958.1	6.713033575185593e-32	3.613325946089177e-05	3.0	3.613325946089177e-05	0.0	2.5403688196236345e-17	6.022209910148628e-05	5.0	6.022209910148628e-05	0.0
ti|1720313|org|Bittarella_massiliensis|accession|NZ_LN908976.1	3.694823094548049e-32	2.4088839640594513e-05	2.0	2.4088839640594513e-05	0.0	1.008629656737264e-05	0.00010639237507929243	8.833333333333334	3.613325946089177e-05	0.00015657745766386433
ti|742733|org|[Clostridium]_citroniae_WAL-17108|accession|NZ_JH376421.1	3.6257951906408514e-32	2.4088839640594513e-05	2.0	2.4088839640594513e-05	0.0	2.0223386498861515e-06	6.177696489584882e-05	5.1290942874427445	6.022209910148628e-05	6.022209910148628e-05
ti|1650663|org|Fournierella_massiliensis|accession|NZ_LN908957.1	2.521898501179761e-32	1.2044419820297257e-05	1.0	1.2044419820297257e-05	0.0	9.05063669563956e-07	4.21554693710404e-05	3.5	7.226651892178354e-05	0.0
ti|745368|org|Gemmiger_formicilis|accession|NZ_FUYF01000023.1	2.0193784562544742e-32	1.2044419820297257e-05	1.0	1.2044419820297257e-05	0.0	1.0599320975720543e-08	3.613325946089177e-05	3.0	2.4088839640594513e-05	1.2044419820297257e-05
ti|679937|org|Bacteroides_coprosuis_DSM_18011|accession|NZ_CM001167.1	2.0193784562544742e-32	1.2044419820297257e-05	1.0	1.2044419820297257e-05	0.0	5.196648030426214e-07	1.2044419820297257e-05	1.0	1.2044419820297257e-05	0.0
ti|745368|org|Gemmiger_formicilis|accession|NZ_FUYF01000004.1	1.6888521259050897e-32	3.613325946089177e-05	3.0	3.613325946089177e-05	0.0	1.514016116513421e-15	7.226651892178354e-05	6.0	6.022209910148628e-05	1.2044419820297257e-05
ti|622312|org|Roseburia_inulinivorans_DSM_16841|accession|NZ_ACFY01000106.1	1.6169918605673618e-32	1.2044419820297257e-05	1.0	1.2044419820297257e-05	0.0	5.054806796377051e-13	1.2044419820297257e-05	1.0	1.2044419820297257e-05	0.0
ti|1236513|org|Bacteroides_faecichinchillae_JCM_17102|accession|NZ_BAKK01000016.1	1.6169918605673618e-32	1.2044419820297257e-05	1.0	1.2044419820297257e-05	0.0	7.019186530377937e-10	1.2044419820297257e-05	1.0	1.2044419820297257e-05	0.0
ti|40518|org|Ruminococcus_bromii|accession|NZ_FMUV01000044.1	8.301913025516417e-33	1.2044419820297257e-05	1.0	1.2044419820297257e-05	0.0	8.301913025516417e-33	1.2044419820297257e-05	1.0	1.2044419820297257e-05	0.0
ti|1121323|org|Anaerotignum_lactatifermentans_DSM_14214|accession|NZ_FRAH01000030.1	6.726157663067669e-33	2.4088839640594513e-05	2.0	2.4088839640594513e-05	0.0	3.7162670370140713e-07	3.011104955074314e-05	2.5	2.4088839640594513e-05	1.2044419820297257e-05
ti|693746|org|Oscillibacter_valericigenes_Sjm18-20|accession|NC_016048.1	6.647652275293241e-33	1.2044419820297257e-05	1.0	1.2044419820297257e-05	0.0	5.609039670260185e-10	1.2044419820297257e-05	1.0	1.2044419820297257e-05	0.0
ti|1650663|org|Fournierella_massiliensis|accession|NZ_LN908956.1	6.220575295679602e-33	2.4088839640594513e-05	2.0	2.4088839640594513e-05	0.0	2.5199710376571695e-13	5.4199889191337654e-05	4.5	6.022209910148628e-05	0.0
ti|42322|org|Eubacterium_ruminantium|accession|NZ_FUXA01000007.1	5.3230238184123244e-33	1.2044419820297257e-05	1.0	1.2044419820297257e-05	0.0	4.004703505990509e-33	1.2044419820297257e-05	1.0	1.2044419820297257e-05	0.0
ti|40518|org|Ruminococcus_bromii|accession|NZ_FMUV01000024.1	5.3230238184123244e-33	1.2044419820297257e-05	1.0	1.2044419820297257e-05	0.0	3.51722188910808e-33	1.2044419820297257e-05	1.0	1.2044419820297257e-05	0.0
ti|40518|org|Ruminococcus_bromii|accession|NZ_FMUV01000015.1	4.376721028823625e-33	2.4088839640594513e-05	2.0	2.4088839640594513e-05	0.0	3.9029414123082865e-08	4.8177679281189026e-05	4.0	4.8177679281189026e-05	0.0
ti|449673|org|Bacteroides_stercoris_ATCC_43183|accession|NZ_DS499662.1	4.262344268019799e-33	1.2044419820297257e-05	1.0	1.2044419820297257e-05	0.0	0.000595577256507749	0.0005920166908893344	49.15277777777788	0.00024088839640594513	0.0017705297135836968
ti|40518|org|Ruminococcus_bromii|accession|NZ_FMUV01000014.1	4.262344268019799e-33	1.2044419820297257e-05	1.0	1.2044419820297257e-05	0.0	4.262344268019799e-33	1.2044419820297257e-05	1.0	1.2044419820297257e-05	0.0
ti|40518|org|Ruminococcus_bromii|accession|NZ_FMUV01000034.1	3.41301847951152e-33	1.2044419820297257e-05	1.0	1.2044419820297257e-05	0.0	1.7300281692697102e-17	1.2044419820297257e-05	1.0	1.2044419820297257e-05	0.0
ti|1720204|org|Collinsella_ihuae|accession|NZ_FCOU01000003.1	3.41301847951152e-33	1.2044419820297257e-05	1.0	1.2044419820297257e-05	0.0	3.8967160481562534e-10	1.2044419820297257e-05	1.0	1.2044419820297257e-05	0.0
ti|1035196|org|Peptostreptococcus_anaerobius_VPI_4330_=_DSM_2949|accession|NZ_KB906630.1	3.41301847951152e-33	1.2044419820297257e-05	1.0	1.2044419820297257e-05	0.0	3.41301847951152e-33	1.2044419820297257e-05	1.0	1.2044419820297257e-05	0.0
ti|428128|org|[Eubacterium]_siraeum_DSM_15702|accession|NZ_KB907523.1	2.7329315533911297e-33	1.2044419820297257e-05	1.0	1.2044419820297257e-05	0.0	2.7329315533911297e-33	1.2044419820297257e-05	1.0	1.2044419820297257e-05	0.0
ti|1550024|org|Ruthenibacterium_lactatiformans|accession|NZ_JXXK01000014.1	2.7329315533911297e-33	1.2044419820297257e-05	1.0	1.2044419820297257e-05	0.0	2.7329315533911297e-33	1.2044419820297257e-05	1.0	1.2044419820297257e-05	0.0
ti|877422|org|Butyrivibrio_hungatei_NK4A153|accession|NZ_AUJY01000011.1	2.1883605144118125e-33	1.2044419820297257e-05	1.0	1.2044419820297257e-05	0.0	1.338530009913601e-15	1.2044419820297257e-05	1.0	1.2044419820297257e-05	0.0
ti|745368|org|Gemmiger_formicilis|accession|NZ_FUYF01000014.1	2.1883605144118125e-33	1.2044419820297257e-05	1.0	1.2044419820297257e-05	0.0	3.302768145220101e-16	1.2044419820297257e-05	1.0	1.2044419820297257e-05	0.0
ti|1720313|org|Bittarella_massiliensis|accession|NZ_LN908977.1	2.1883605144118125e-33	1.2044419820297257e-05	1.0	1.2044419820297257e-05	0.0	6.39912668246283e-07	1.2331191720780523e-05	1.0238095238095237	1.2044419820297257e-05	1.2044419820297257e-05
ti|1121131|org|Butyrivibrio_fibrisolvens_DSM_3071|accession|NZ_FQXK01000024.1	2.1883605144118125e-33	1.2044419820297257e-05	1.0	1.2044419820297257e-05	0.0	2.1883605144118125e-33	1.2044419820297257e-05	1.0	1.2044419820297257e-05	0.0
ti|566550|org|Hungatella_hathewayi_DSM_13479|accession|NZ_GG667754.1	1.7523021149558063e-33	1.2044419820297257e-05	1.0	1.2044419820297257e-05	0.0	1.4636882209101646e-16	1.2044419820297257e-05	1.0	1.2044419820297257e-05	0.0
ti|511680|org|Butyrivibrio_crossotus_DSM_2876|accession|NZ_GG663520.1	1.7523021149558063e-33	1.2044419820297257e-05	1.0	1.2044419820297257e-05	0.0	6.161365708076906e-05	9.586784633155652e-05	7.959523809523812	1.2044419820297257e-05	0.000421554693710404
ti|40518|org|Ruminococcus_bromii|accession|NZ_FMUV01000035.1	1.7523021149558063e-33	1.2044419820297257e-05	1.0	1.2044419820297257e-05	0.0	1.7523021149558063e-33	1.2044419820297257e-05	1.0	1.2044419820297257e-05	0.0
ti|40518|org|Ruminococcus_bromii|accession|NZ_FMUV01000031.1	1.7523021149558063e-33	1.2044419820297257e-05	1.0	1.2044419820297257e-05	0.0	1.7523021149558063e-33	1.2044419820297257e-05	1.0	1.2044419820297257e-05	0.0
ti|40518|org|Ruminococcus_bromii|accession|NZ_FMUV01000013.1	1.7523021149558063e-33	1.2044419820297257e-05	1.0	1.2044419820297257e-05	0.0	1.7523021149558063e-33	1.2044419820297257e-05	1.0	1.2044419820297257e-05	0.0
ti|290054|org|Eubacterium_coprostanoligenes|accession|NZ_FUWW01000019.1	1.7523021149558063e-33	1.2044419820297257e-05	1.0	1.2044419820297257e-05	0.0	1.7523021149558063e-33	1.2044419820297257e-05	1.0	1.2044419820297257e-05	0.0
ti|566550|org|Hungatella_hathewayi_DSM_13479|accession|NZ_GG667621.1	1.4031338446553436e-33	1.2044419820297257e-05	1.0	1.2044419820297257e-05	0.0	2.581269893538728e-14	3.613325946089177e-05	3.0	3.613325946089177e-05	0.0
ti|40518|org|Ruminococcus_bromii|accession|NZ_FMUV01000006.1	1.4031338446553436e-33	1.2044419820297257e-05	1.0	1.2044419820297257e-05	0.0	1.4031338446553436e-33	1.2044419820297257e-05	1.0	1.2044419820297257e-05	0.0
ti|1550024|org|Ruthenibacterium_lactatiformans|accession|NZ_JXXK01000042.1	1.4031338446553436e-33	1.2044419820297257e-05	1.0	1.2044419820297257e-05	0.0	1.4031338446553436e-33	1.2044419820297257e-05	1.0	1.2044419820297257e-05	0.0
ti|1160721|org|Ruminococcus_bicirculans|accession|NZ_HF545616.1	1.4031338446553436e-33	1.2044419820297257e-05	1.0	1.2044419820297257e-05	0.0	1.374681512413583e-07	1.2044419820297257e-05	1.0	1.2044419820297257e-05	0.0
