Total Number of Aligned Reads:	92149	Total Number of Mapped Genomes:	4581
Genome	Final Guess	Final Best Hit	Final Best Hit Read Numbers	Final High Confidence Hits	Final Low Confidence Hits	Initial Guess	Initial Best Hit	Initial Best Hit Read Numbers	Initial High Confidence Hits	Initial Low Confidence Hits
ti|537011|org|Prevotella_copri_DSM_18205|accession|NZ_GG703852.1	0.22815293914651508	0.24102269151048844	22210.0	0.2406645758499821	0.0003581156605063538	0.1382134425352204	0.13232204219780724	12193.343866485739	0.20560179708949636	0.02228998686909245
ti|435590|org|Bacteroides_vulgatus_ATCC_8482|accession|NC_009614.1	0.15728081403435487	0.16059859575253121	14799.0	0.16059859575253121	0.0	0.15139528810385755	0.1561769863324967	14391.553113553236	0.1557694603305516	0.003776492419885186
ti|537011|org|Prevotella_copri_DSM_18205|accession|NZ_GG703853.1	0.0983657990261313	0.10209551921344778	9408.0	0.10121650804675038	0.000879011166697414	0.07754790674705583	0.07499551604695584	6910.761808210934	0.12204147630468046	0.014172698564281761
ti|537011|org|Prevotella_copri_DSM_18205|accession|NZ_GG703854.1	0.0909263283523689	0.08129225493494233	7491.0	0.0811186230995453	0.00017363183539702005	0.07320825335120079	0.07115225142994776	6556.608817018256	0.1139458919792944	0.01981573321468491
ti|515619|org|[Eubacterium]_rectale_ATCC_33656|accession|NC_012781.1	0.06710631344638633	0.05734191363986587	5284.0	0.05734191363986587	0.0	0.06580149585530123	0.05347924910087815	4928.059325396821	0.05300111775494037	0.0013999066728884741
ti|537011|org|Prevotella_copri_DSM_18205|accession|NZ_GG703855.1	0.04288899370030265	0.03914312689231571	3607.0	0.03908886694375414	5.4259948561568766e-05	0.04735089652731633	0.04692523443892822	4324.113428312797	0.0707875288934226	0.018784794192015106
ti|367928|org|Bifidobacterium_adolescentis_ATCC_15703|accession|NC_008618.1	0.03844690151890415	0.030656870937286352	2825.0	0.030656870937286352	0.0	0.03825227732460094	0.030577707063615758	2817.7051282051284	0.03059175899901247	6.511193827388252e-05
ti|537011|org|Prevotella_copri_DSM_18205|accession|NZ_GG703856.1	0.02277500253862805	0.022604694570749546	2083.0	0.022604694570749546	0.0	0.03189853008266118	0.030688365070912813	2827.9021529195447	0.0523934063310508	0.00613137418745727
ti|537011|org|Prevotella_copri_DSM_18205|accession|NZ_GG703857.1	0.019559757575120535	0.01735233154998969	1599.0	0.01723295966315424	0.00011937188683545129	0.03073231394543289	0.030213646498684858	2784.157311207311	0.048692877839151806	0.0130983515827627
ti|537011|org|Prevotella_copri_DSM_18205|accession|NZ_GG703858.1	0.013374930463559927	0.01231700832347611	1135.0	0.012306156333763795	1.0851989712313753e-05	0.024476940541035157	0.023969777055269037	2208.7909858659864	0.040586441524053433	0.006565453775949821
ti|445970|org|Alistipes_putredinis_DSM_17216|accession|NZ_DS499579.1	0.013149622068911024	0.01605009278451204	1479.0	0.01605009278451204	0.0	0.006562299591668931	0.007619907596168874	702.1668650793656	0.011405441187641753	0.0034292287490911458
ti|411479|org|Bacteroides_uniformis_ATCC_8492|accession|NZ_DS362248.1	0.012619755218009005	0.01009235043245179	930.0	0.01009235043245179	0.0	0.012655927040288204	0.010150227710917469	935.3333333333338	0.01009235043245179	0.00016277984568470629
ti|445970|org|Alistipes_putredinis_DSM_17216|accession|NZ_DS499577.1	0.012000225718265181	0.013402207294707485	1235.0	0.013402207294707485	0.0	0.013728153377472666	0.014342764745916139	1321.6714285714263	0.015388121412060902	0.0016060944774224353
ti|411479|org|Bacteroides_uniformis_ATCC_8492|accession|NZ_DS362249.1	0.011261488494619639	0.009007151461220414	830.0	0.008974595492083473	3.255596913694126e-05	0.012366591172149551	0.009980574938414961	919.7000000000003	0.010624097928355164	0.00043407958849255013
ti|537011|org|Prevotella_copri_DSM_18205|accession|NZ_GG703859.1	0.01101585509263964	0.009962126555904024	918.0	0.009962126555904024	0.0	0.023307951879887608	0.0239871993029922	2210.3964285714283	0.03908886694375414	0.005979446331484878
ti|411479|org|Bacteroides_uniformis_ATCC_8492|accession|NZ_DS362247.1	0.010569494350265867	0.008366884068193903	771.0	0.00835603207848159	1.0851989712313753e-05	0.010076081984286793	0.007944560801889705	732.0833333333344	0.007737468664879706	0.0006511193827388251
ti|411479|org|Bacteroides_uniformis_ATCC_8492|accession|NZ_DS362220.1	0.010360346960543197	0.00804132437682449	741.0	0.00804132437682449	0.0	0.0102195423895819	0.008019620397399866	739.0000000000002	0.007911100500276725	0.00040152361935560883
ti|411479|org|Bacteroides_uniformis_ATCC_8492|accession|NZ_DS362246.1	0.008125447814846224	0.006771641580483782	624.0	0.006446081889114369	0.00032555969136941257	0.00714529080700558	0.005851498358335111	539.2097222222221	0.0056213306709785235	0.0014216106523131016
ti|411903|org|Collinsella_aerofaciens_ATCC_25986|accession|NZ_AAVN02000001.1	0.007681890017815386	0.006424377909689741	592.0	0.0063484139817035455	7.596392798619627e-05	0.007218581737461405	0.0057988898931285735	534.361904761905	0.005675590619540092	0.0005968594341772564
ti|411479|org|Bacteroides_uniformis_ATCC_8492|accession|NZ_DS362244.1	0.007365378543327358	0.0058600744446494265	540.0	0.0058600744446494265	0.0	0.007365421052969631	0.005865500439505583	540.5	0.00587092643436174	0.0
ti|411903|org|Collinsella_aerofaciens_ATCC_25986|accession|NZ_AAVN02000002.1	0.006957937052846223	0.005751554547526289	530.0	0.005708146588677034	4.340795884925501e-05	0.006482648300622533	0.005272456427108133	485.85158730158736	0.005100435164787464	0.0006402673930265114
ti|537011|org|Prevotella_copri_DSM_18205|accession|NZ_GG703861.1	0.006862027498812324	0.006630565714223703	611.0	0.0066088617347990755	2.1703979424627507e-05	0.018252609670318064	0.01844392357140614	1699.5891131815042	0.030407275173903136	0.004460167771760952
ti|411479|org|Bacteroides_uniformis_ATCC_8492|accession|NZ_DS362242.1	0.006039212301975836	0.004731467514568796	436.0	0.004731467514568796	0.0	0.005849094417264925	0.004645555929346311	428.0833333333332	0.0046012436380210315	0.00023874377367090257
ti|411479|org|Bacteroides_uniformis_ATCC_8492|accession|NZ_DS362243.1	0.006026491133731942	0.00500276725737664	461.0	0.00500276725737664	0.0	0.0060498085219591515	0.005007469786251976	461.4333333333334	0.005024471236801268	0.00014107586626007878
ti|411479|org|Bacteroides_uniformis_ATCC_8492|accession|NZ_DS362239.1	0.005994121642747434	0.004546983689459463	419.0	0.004546983689459463	0.0	0.005994207861376194	0.004595817643164874	423.5	0.004644651596870286	0.0
ti|411479|org|Bacteroides_uniformis_ATCC_8492|accession|NZ_DS362241.1	0.0056546922747788666	0.00448187175118558	413.0	0.00448187175118558	0.0	0.0052662016508503336	0.00416535538457642	383.8333333333326	0.004015236193556089	0.0004557835679171776
ti|411479|org|Bacteroides_uniformis_ATCC_8492|accession|NZ_DS362240.1	0.005516354526163259	0.004449315782048638	410.0	0.004449315782048638	0.0	0.0055218027775740764	0.004454741776904796	410.5	0.004449315782048638	2.1703979424627507e-05
ti|411479|org|Bacteroides_uniformis_ATCC_8492|accession|NZ_DS362245.1	0.005369336431300567	0.00430823991578856	397.0	0.004297387926076246	1.0851989712313753e-05	0.006894472493982099	0.005636704323070929	519.416666666663	0.00482913542197962	0.003190484975420243
ti|411903|org|Collinsella_aerofaciens_ATCC_25986|accession|NZ_AAVN02000003.1	0.0051404706803196126	0.00396097624499452	365.0	0.003939272265569892	2.1703979424627507e-05	0.005086592688322053	0.003965075885552513	365.3777777777785	0.00387416032729601	0.0005643034650403151
ti|537011|org|Prevotella_copri_DSM_18205|accession|NZ_GG703860.1	0.005019331537263606	0.005198103072198287	479.0	0.005154695113349032	4.340795884925501e-05	0.016637502582017252	0.01866220194199877	1719.7032467532447	0.02828028519028964	0.00965827084395924
ti|537011|org|Prevotella_copri_DSM_18205|accession|NZ_GG703862.1	0.0034539579872385415	0.002973445181173968	274.0	0.0029625931914616546	1.0851989712313753e-05	0.014839445227779588	0.014137491321996853	1302.755687830688	0.024742536544075357	0.0024742536544075356
ti|411903|org|Collinsella_aerofaciens_ATCC_25986|accession|NZ_AAVN02000006.1	0.0032778238589259946	0.002550217582393732	235.0	0.002550217582393732	0.0	0.003305588881121748	0.0026050890319628973	240.056349206349	0.0025176616132567904	0.0005860074444649426
ti|411903|org|Collinsella_aerofaciens_ATCC_25986|accession|NZ_AAVN02000004.1	0.003154987909716798	0.002571921561818359	237.0	0.0025610695721060457	1.0851989712313753e-05	0.0031730031562034024	0.0025784327556457472	237.59999999999997	0.002550217582393732	9.766790741082378e-05
ti|411479|org|Bacteroides_uniformis_ATCC_8492|accession|NZ_DS362234.1	0.003133295544959623	0.002452549674982908	226.0	0.002452549674982908	0.0	0.0031317049887473383	0.002452549674982908	226.0	0.002452549674982908	0.0
ti|411479|org|Bacteroides_uniformis_ATCC_8492|accession|NZ_DS362238.1	0.003054055075682365	0.0023874377367090254	220.0	0.0023874377367090254	0.0	0.003051573096840424	0.002499574963736268	230.33333333333337	0.002452549674982908	0.00028215173252015756
ti|537011|org|Prevotella_copri_DSM_18205|accession|NZ_GG703863.1	0.0030131578129152787	0.002061878045339613	190.0	0.002061878045339613	0.0	0.014397572490504988	0.014250647717370094	1313.1829365079368	0.023917785325939512	0.0033641168108172635
ti|411903|org|Collinsella_aerofaciens_ATCC_25986|accession|NZ_AAVN02000005.1	0.002838827020833091	0.002246361870448947	207.0	0.002246361870448947	0.0	0.002936888423295844	0.0023941599414474867	220.61944444444447	0.0022680658498735744	0.00047748754734180514
ti|445970|org|Alistipes_putredinis_DSM_17216|accession|NZ_DS499581.1	0.0027930016452571553	0.002854073294338517	263.0	0.002854073294338517	0.0	0.002784428997332397	0.0028305606499618376	260.83333333333337	0.002767257376640007	0.00016277984568470629
ti|411479|org|Bacteroides_uniformis_ATCC_8492|accession|NZ_DS362237.1	0.002328462848931303	0.0018773942202302792	173.0	0.0018773942202302792	0.0	0.0023540985186850613	0.001911035388338451	176.0999999999999	0.001888246209942593	9.766790741082378e-05
ti|411903|org|Collinsella_aerofaciens_ATCC_25986|accession|NZ_AAVN02000007.1	0.002300509583593249	0.0019099501893672206	176.0	0.0019099501893672206	0.0	0.0022844486778210537	0.00185896306309984	171.30158730158715	0.0017146143745455729	0.000661971372451139
ti|411479|org|Bacteroides_uniformis_ATCC_8492|accession|NZ_DS362233.1	0.0022285417893284955	0.001758022333394828	162.0	0.001758022333394828	0.0	0.0022285417493805295	0.001758022333394828	162.0	0.001758022333394828	0.0
ti|411479|org|Bacteroides_uniformis_ATCC_8492|accession|NZ_DS362223.1	0.002081324998180581	0.0016495024362716904	152.0	0.0016495024362716904	0.0	0.0021338912608307547	0.0017037623848332592	157.0	0.0017471703436825142	1.0851989712313753e-05
ti|411479|org|Bacteroides_uniformis_ATCC_8492|accession|NZ_DS362236.1	0.0019851222202825996	0.0016495024362716904	152.0	0.0016495024362716904	0.0	0.0020464338260905027	0.0016929103951209455	156.0	0.0017363183539702005	0.0
ti|411479|org|Bacteroides_uniformis_ATCC_8492|accession|NZ_DS362235.1	0.001978301575504239	0.001660354425984004	153.0	0.001660354425984004	0.0	0.001970305137198539	0.0016495024362716904	152.0	0.001660354425984004	0.0
ti|411479|org|Bacteroides_uniformis_ATCC_8492|accession|NZ_DS362232.1	0.0019394714894416312	0.001584390497997808	146.0	0.001584390497997808	0.0	0.001939471637248221	0.0015898164928539649	146.5	0.0015952424877101216	0.0
ti|411903|org|Collinsella_aerofaciens_ATCC_25986|accession|NZ_AAVN02000008.1	0.0019169354042768564	0.0014650186111623566	135.0	0.0014650186111623566	0.0	0.0020707582327608625	0.0016304253273726611	150.24206349206335	0.0015084265700116117	0.0007053793313003939
ti|411903|org|Collinsella_aerofaciens_ATCC_25986|accession|NZ_AAVN02000009.1	0.001573145301698837	0.0011937188683545127	110.0	0.0011937188683545127	0.0	0.0017273661723295382	0.0013767213107412134	126.86349206349207	0.0011937188683545127	0.0009441231049712965
ti|537011|org|Prevotella_copri_DSM_18205|accession|NZ_GG703864.1	0.0015096701489673938	0.0013022387654776503	120.0	0.0013022387654776503	0.0	0.01159266593844164	0.013243109933128131	1220.3393372278242	0.02006532897806813	0.008388588047618531
ti|411903|org|Collinsella_aerofaciens_ATCC_25986|accession|NZ_AAVN02000010.1	0.0013024118785779255	0.0010417910123821203	96.0	0.0010417910123821203	0.0	0.0012980283780520713	0.0010309390226698066	95.0	0.0010417910123821203	0.0
ti|411903|org|Collinsella_aerofaciens_ATCC_25986|accession|NZ_AAVN02000011.1	0.0011919309797082816	0.001009235043245179	93.0	0.001009235043245179	0.0	0.0011958362406226956	0.0010200870329574927	94.0	0.0010309390226698066	0.0
ti|1002367|org|Prevotella_stercorea_DSM_18206|accession|NZ_JH379375.1	0.0009967367744485207	0.0008573071872727864	79.0	0.0008573071872727864	0.0	0.000378677058772869	0.00036824418423784654	33.93333333333332	0.0001844838251093338	0.0006185634136018839
ti|411479|org|Bacteroides_uniformis_ATCC_8492|accession|NZ_DS362231.1	0.0009683062079291762	0.0007596392798619627	70.0	0.0007596392798619627	0.0	0.0010248607508701816	0.0008084732335673746	74.5	0.0007596392798619627	0.00017363183539702005
ti|411903|org|Collinsella_aerofaciens_ATCC_25986|accession|NZ_AAVN02000012.1	0.0007979546378487502	0.0006294154033141976	58.0	0.0006294154033141976	0.0	0.000916767764659579	0.000741681820695158	68.34523809523812	0.0006402673930265114	0.0005208955061910602
ti|411903|org|Collinsella_aerofaciens_ATCC_25986|accession|NZ_AAVN02000013.1	0.0007694773833322889	0.0005968594341772564	55.0	0.0005968594341772564	0.0	0.0008112602406206587	0.0006447890554066422	59.41666666666667	0.0005968594341772564	0.0001844838251093338
ti|537011|org|Prevotella_copri_DSM_18205|accession|NZ_GG703865.1	0.0007662093515260436	0.0006185634136018839	57.0	0.0006077114238895702	1.0851989712313753e-05	0.008403768841856736	0.008522266395927527	785.3183261183258	0.013782026934638467	0.0053717349075953075
ti|537011|org|Prevotella_copri_DSM_18205|accession|NZ_GG703873.1	0.0007216687399863564	0.0005968594341772564	55.0	0.0005968594341772564	0.0	0.0008533983875030478	0.0008323476109344649	76.7	0.0007596392798619627	0.0002495957633832163
ti|411903|org|Collinsella_aerofaciens_ATCC_25986|accession|NZ_AAVN02000015.1	0.0006289695121271486	0.0004991915267664326	46.0	0.0004991915267664326	0.0	0.0006639183707225171	0.0005297450454207448	48.81547619047621	0.0004991915267664326	0.00015192785597239255
ti|411479|org|Bacteroides_uniformis_ATCC_8492|accession|NZ_DS362228.1	0.0006138068216758419	0.0004991915267664326	46.0	0.0004991915267664326	0.0	0.0004373694926610752	0.000378010974978929	34.83333333333333	0.00047748754734180514	5.4259948561568766e-05
ti|411479|org|Bacteroides_uniformis_ATCC_8492|accession|NZ_DS362229.1	0.0005659721293597543	0.0004883395370541189	45.0	0.0004883395370541189	0.0	0.0005659721293597543	0.0004883395370541189	45.0	0.0004883395370541189	0.0
ti|1841857|org|Culturomica_massiliensis|accession|NZ_LT594621.1	0.0005329875136768666	0.00042322759878023636	39.0	0.00042322759878023636	0.0	0.00039177123084096805	0.0003011103603584712	27.747018596672763	0.0001844838251093338	0.001139458919792944
ti|411903|org|Collinsella_aerofaciens_ATCC_25986|accession|NZ_AAVN02000014.1	0.0004996923465371125	0.0003906716296432951	36.0	0.0003906716296432951	0.0	0.000581320673304109	0.00045757931383385843	42.16547619047622	0.0003906716296432951	0.0003038557119447851
ti|411479|org|Bacteroides_uniformis_ATCC_8492|accession|NZ_DS362230.1	0.00046549843957213315	0.0003472636707940401	32.0	0.0003472636707940401	0.0	0.00039681759904940453	0.0002984297170886282	27.5	0.00033641168108172634	0.0
ti|411903|org|Collinsella_aerofaciens_ATCC_25986|accession|NZ_AAVN02000016.1	0.0004295916225372938	0.0003472636707940401	32.0	0.0003472636707940401	0.0	0.0005048106258646041	0.0004045380609423628	37.277777777777786	0.0003472636707940401	0.0003581156605063538
ti|537011|org|Prevotella_copri_DSM_18205|accession|NZ_GG703866.1	0.00040083834128193743	0.00032555969136941257	30.0	0.00032555969136941257	0.0	0.005220512198610237	0.006916442104018748	637.3432234432236	0.009462935029137592	0.004937655319102757
ti|226186|org|Bacteroides_thetaiotaomicron_VPI-5482|accession|NC_004663.1	0.000398964067324902	0.0003689676502186676	34.0	0.0003689676502186676	0.0	0.0009369287005886617	0.0007553307815654671	69.60297619047623	0.00032555969136941257	0.0017146143745455729
ti|411903|org|Collinsella_aerofaciens_ATCC_25986|accession|NZ_AAVN02000017.1	0.0003311140147049324	0.0002604477530955301	24.0	0.0002604477530955301	0.0	0.00033218019552868684	0.0002723849417790751	25.099999999999994	0.0002604477530955301	6.511193827388252e-05
ti|411479|org|Bacteroides_uniformis_ATCC_8492|accession|NZ_DS362225.1	0.0002715248277084821	0.00021703979424627507	20.0	0.00021703979424627507	0.0	0.0003402054311068409	0.00027129974280784385	25.0	0.0003147077016570988	0.0
ti|537011|org|Prevotella_copri_DSM_18205|accession|NZ_GG703867.1	0.00018299170103769209	0.00017363183539702005	16.0	0.00017363183539702005	0.0	0.003518653807999737	0.004225058944860566	389.3349567099563	0.005968594341772564	0.002582773551530673
ti|537011|org|Prevotella_copri_DSM_18205|accession|NZ_GG703875.1	0.00015182877959986948	0.00011937188683545129	11.0	0.00011937188683545129	0.0	0.00026319752700740994	0.0002883011933571353	26.56666666666666	0.00017363183539702005	0.00033641168108172634
ti|537011|org|Prevotella_copri_DSM_18205|accession|NZ_GG703868.1	0.0001405281910902971	0.00011937188683545129	11.0	0.00011937188683545129	0.0	0.002853419639629488	0.003195028014939246	294.4186365486366	0.004959359298527385	0.0013022387654776503
ti|763034|org|Bacteroides_fluxus_YIT_12057|accession|NZ_GL882693.1	0.00012285539695359836	0.00011937188683545129	11.0	0.00011937188683545129	0.0	0.00022956862562089012	0.00020799646948601357	19.166666666666664	0.00013022387654776504	0.0002495957633832163
ti|411903|org|Collinsella_aerofaciens_ATCC_25986|accession|NZ_AAVN02000018.1	0.00010979539577670018	8.681591769851003e-05	8.0	8.681591769851003e-05	0.0	0.0001097975111558242	8.681591769851003e-05	8.0	8.681591769851003e-05	0.0
ti|411903|org|Collinsella_aerofaciens_ATCC_25986|accession|NZ_AAVN02000021.1	0.0001002386081743813	8.681591769851003e-05	8.0	8.681591769851003e-05	0.0	0.0001000879197881256	8.681591769851003e-05	8.0	8.681591769851003e-05	0.0
ti|1871018|org|Angelakisella_massiliensis|accession|NZ_LT629945.1	7.342267393392141e-05	0.0017037623848332592	157.0	0.0017037623848332592	0.0	1.7828926012327564e-05	0.00026088750692700944	24.040522875816993	0.00015192785597239255	0.00023874377367090257
ti|411903|org|Collinsella_aerofaciens_ATCC_25986|accession|NZ_AAVN02000020.1	6.24292223770067e-05	4.340795884925501e-05	4.0	4.340795884925501e-05	0.0	6.24292223770067e-05	4.340795884925501e-05	4.0	4.340795884925501e-05	0.0
ti|411479|org|Bacteroides_uniformis_ATCC_8492|accession|NZ_DS362221.1	6.196360580067116e-05	5.4259948561568766e-05	5.0	5.4259948561568766e-05	0.0	0.00013782933848920768	0.00010309390226698065	9.5	0.00014107586626007878	1.0851989712313753e-05
ti|411479|org|Bacteroides_uniformis_ATCC_8492|accession|NZ_DS362227.1	5.864335471267845e-05	5.4259948561568766e-05	5.0	5.4259948561568766e-05	0.0	7.415943939985067e-05	6.728233621634526e-05	6.2	5.4259948561568766e-05	7.596392798619627e-05
ti|537011|org|Prevotella_copri_DSM_18205|accession|NZ_GG703869.1	1.8691798295089617e-05	2.1703979424627507e-05	2.0	2.1703979424627507e-05	0.0	0.00234485869583407	0.002937280494823166	270.6674603174599	0.004188868028953108	0.002061878045339613
ti|411483|org|Faecalibacterium_prausnitzii_A2-165|accession|NZ_GG697150.2	1.790781759464157e-05	0.007715764685455078	711.0	0.007715764685455078	0.0	1.8441990881409227e-05	0.006108765875556616	562.9166666666666	0.006522045817100566	0.0001844838251093338
ti|411479|org|Bacteroides_uniformis_ATCC_8492|accession|NZ_DS362218.1	1.7317778118685052e-05	1.0851989712313753e-05	1.0	1.0851989712313753e-05	0.0	0.00011060875951171797	8.319858779440543e-05	7.666666666666666	4.340795884925501e-05	9.766790741082378e-05
ti|411483|org|Faecalibacterium_prausnitzii_A2-165|accession|NZ_GG697154.2	1.4706915143776681e-05	0.003917568286145264	361.0	0.003917568286145264	0.0	7.364965438610845e-06	0.0025592609071539933	235.83333333333334	0.002712997428078438	0.00015192785597239255
ti|295405|org|Bacteroides_fragilis_YCH46|accession|NC_006347.1	9.846590184060921e-06	0.00010851989712313753	10.0	0.00010851989712313753	0.0	0.00017393423635922366	0.00027300930525223966	25.157534469688635	0.00010851989712313753	0.0015084265700116117
ti|411903|org|Collinsella_aerofaciens_ATCC_25986|accession|NZ_AAVN02000019.1	9.837189062811121e-06	1.0851989712313753e-05	1.0	1.0851989712313753e-05	0.0	1.4272409032626124e-05	2.1703979424627507e-05	2.0	1.0851989712313753e-05	1.0851989712313753e-05
ti|999419|org|Parabacteroides_johnsonii_CL02T12C29|accession|NZ_JH976467.1	6.884965941990421e-06	0.00040152361935560883	37.0	0.00040152361935560883	0.0	5.741721875074953e-06	0.00030400251916491917	28.013528138528134	0.00028215173252015756	0.0001844838251093338
ti|1410653|org|Clostridium_lundense_DSM_17049|accession|NZ_JHVC01000015.1	4.95362837813376e-06	2.1703979424627507e-05	2.0	2.1703979424627507e-05	0.0	8.703572845360995e-06	1.7363183539702005e-05	1.6	0.0	5.4259948561568766e-05
ti|1121101|org|Bacteroides_salyersiae_WAL_10018_=_DSM_18765_=_JCM_12988|accession|NZ_KB905467.1	4.744379524708764e-06	0.00010851989712313753	10.0	0.00010851989712313753	0.0	6.675818742992927e-06	0.0001139458919792944	10.5	0.00010851989712313753	1.0851989712313753e-05
ti|246787|org|Bacteroides_cellulosilyticus|accession|NZ_CP012801.1	3.019016553539816e-06	0.00014107586626007878	13.0	0.00014107586626007878	0.0	5.272531753892956e-05	0.00017112496271034648	15.768994188795718	0.00013022387654776504	0.0005425994856156877
ti|411483|org|Faecalibacterium_prausnitzii_A2-165|accession|NZ_GG697149.2	2.4318248389000215e-06	0.007704912695742764	710.0	0.007704912695742764	0.0	6.4037109826727005e-06	0.006510181565255417	599.9067210567215	0.006543749796525193	0.0009441231049712965
ti|28116|org|Bacteroides_ovatus|accession|NZ_CP012938.1	1.1258132543755635e-06	3.255596913694126e-05	3.0	3.255596913694126e-05	0.0	0.0002043006333540712	0.00022282752209284233	20.533333333333328	6.511193827388252e-05	0.0004666355576294914
ti|411483|org|Faecalibacterium_prausnitzii_A2-165|accession|NZ_GG697151.2	9.055597795149667e-07	0.00569729459896472	525.0	0.00569729459896472	0.0	9.007930877959849e-06	0.005501958784143073	507.0	0.005838370465224799	5.4259948561568766e-05
ti|763034|org|Bacteroides_fluxus_YIT_12057|accession|NZ_GL882607.1	4.966524015088463e-07	4.340795884925501e-05	4.0	4.340795884925501e-05	0.0	1.1056572761266108e-06	3.255596913694126e-05	3.0	3.255596913694126e-05	0.0
ti|1236513|org|Bacteroides_faecichinchillae_JCM_17102|accession|NZ_BAKK01000003.1	3.140817645202802e-07	4.340795884925501e-05	4.0	4.340795884925501e-05	0.0	3.140834213783008e-07	4.883395370541189e-05	4.5	5.4259948561568766e-05	0.0
ti|999419|org|Parabacteroides_johnsonii_CL02T12C29|accession|NZ_JH976466.1	2.6511837098204026e-07	0.00011937188683545129	11.0	0.00011937188683545129	0.0	1.0832296912781176e-05	8.138992284235314e-05	7.5	8.681591769851003e-05	0.0
ti|1236513|org|Bacteroides_faecichinchillae_JCM_17102|accession|NZ_BAKK01000002.1	1.3256586049107168e-07	0.00010851989712313753	10.0	0.00010851989712313753	0.0	1.3258224962109823e-07	8.681591769851003e-05	8.0	8.681591769851003e-05	0.0
ti|997884|org|Bacteroides_nordii_CL02T12C05|accession|NZ_JH724314.1	1.1552429422347644e-07	2.1703979424627507e-05	2.0	2.1703979424627507e-05	0.0	3.94671372566763e-05	4.707994621070183e-05	4.3383699633699635	1.0851989712313753e-05	0.00015192785597239255
ti|411483|org|Faecalibacterium_prausnitzii_A2-165|accession|NZ_GG697152.2	8.706306007375928e-08	0.004709763535144169	434.0	0.004709763535144169	0.0	1.9914755205685656e-05	0.004035777459797253	371.8928571428571	0.004286535936363933	0.00014107586626007878
ti|1121094|org|Bacteroides_barnesiae_DSM_18169_=_JCM_13652|accession|NZ_KB894650.1	5.1549519427518324e-09	2.1703979424627507e-05	2.0	2.1703979424627507e-05	0.0	5.727424532050315e-07	0.0001139458919792944	10.5	0.00011937188683545129	0.0
ti|411483|org|Faecalibacterium_prausnitzii_A2-165|accession|NZ_GG697153.2	4.153701311871162e-09	0.0017363183539702005	160.0	0.0017363183539702005	0.0	1.4932642505593993e-06	0.0018593075707097567	171.33333333333337	0.0019967661070657305	8.681591769851003e-05
ti|411483|org|Faecalibacterium_prausnitzii_A2-165|accession|NZ_GG697156.2	8.625440864470979e-10	0.0016169464671347493	149.0	0.0016169464671347493	0.0	4.6042097813555766e-07	0.002116137993901182	195.0	0.0022680658498735744	3.255596913694126e-05
ti|1121129|org|Butyricimonas_synergistica_DSM_23225|accession|NZ_KB903359.1	8.331616271659871e-10	6.511193827388252e-05	6.0	6.511193827388252e-05	0.0	3.848318456077745e-09	6.511193827388252e-05	6.0	6.511193827388252e-05	0.0
ti|411483|org|Faecalibacterium_prausnitzii_A2-165|accession|NZ_GG697159.2	2.8668515538376356e-10	0.00032555969136941257	30.0	0.00032555969136941257	0.0	1.5393599384634485e-08	0.0003472636707940401	32.0	0.0003581156605063538	1.0851989712313753e-05
ti|717959|org|Alistipes_shahii_WAL_8301|accession|NC_021030.1	2.57625204207464e-10	2.1703979424627507e-05	2.0	2.1703979424627507e-05	0.0	9.141966912491573e-05	0.00036875879248015665	33.98075396825396	0.0002495957633832163	0.0010417910123821203
ti|999419|org|Parabacteroides_johnsonii_CL02T12C29|accession|NZ_JH976465.1	1.1812169840737773e-10	8.681591769851003e-05	8.0	8.681591769851003e-05	0.0	1.9191530824470455e-07	0.00010324070948711478	9.51352813852814	7.596392798619627e-05	0.0001844838251093338
ti|1349822|org|Coprobacter_fastidiosus_NSB1|accession|NZ_KI440780.1	8.435329715507889e-11	1.0851989712313753e-05	1.0	1.0851989712313753e-05	0.0	8.436534544597808e-11	1.0851989712313753e-05	1.0	1.0851989712313753e-05	0.0
ti|1236513|org|Bacteroides_faecichinchillae_JCM_17102|accession|NZ_BAKK01000044.1	6.0345342270074e-11	3.255596913694126e-05	3.0	3.255596913694126e-05	0.0	6.0345342270074e-11	3.255596913694126e-05	3.0	3.255596913694126e-05	0.0
ti|411483|org|Faecalibacterium_prausnitzii_A2-165|accession|NZ_GG697158.2	4.298971771808602e-12	0.0005100435164787463	47.0	0.0005100435164787463	0.0	2.3234743261603154e-09	0.0006176590811258579	56.91666666666668	0.0005751554547526289	0.00015192785597239255
ti|880526|org|Rikenella_microfusus_DSM_15922|accession|NZ_KE386488.1	2.7090031576072845e-12	3.255596913694126e-05	3.0	3.255596913694126e-05	0.0	2.601452694527985e-05	6.67848967847248e-05	6.154161453815605	3.255596913694126e-05	0.000748787290149649
ti|445970|org|Alistipes_putredinis_DSM_17216|accession|NZ_DS499580.1	1.5676432993248452e-12	5.4259948561568766e-05	5.0	5.4259948561568766e-05	0.0	0.004813758017884884	0.005936776910824374	547.0680555555552	0.00864903580071406	0.003168780995995616
ti|411483|org|Faecalibacterium_prausnitzii_A2-165|accession|NZ_GG697155.2	5.805119925089053e-13	0.002224657891024319	205.0	0.002224657891024319	0.0	6.36836193553485e-10	0.0030286094622115635	279.08333333333337	0.003071113088584792	0.0003472636707940401
ti|679935|org|Alistipes_finegoldii_DSM_17242|accession|NC_018011.1	3.8257016842878296e-13	2.1703979424627507e-05	2.0	2.1703979424627507e-05	0.0	6.926980989209984e-05	0.000358486817167712	33.03420171518749	0.0002930037222324713	0.0012045708580668267
ti|1033732|org|Alistipes_senegalensis_JC50|accession|NZ_HE978647.1	3.2610311032570146e-13	1.0851989712313753e-05	1.0	1.0851989712313753e-05	0.0	1.0946378600029066e-11	2.1703979424627507e-05	2.0	2.1703979424627507e-05	0.0
ti|667015|org|Bacteroides_salanitronis_DSM_18170|accession|NC_015164.1	2.133468627308874e-14	5.4259948561568766e-05	5.0	5.4259948561568766e-05	0.0	8.144388448967859e-06	5.637698044919969e-05	5.195082371413302	4.340795884925501e-05	0.00017363183539702005
ti|762982|org|Paraprevotella_xylaniphila_YIT_11841|accession|NZ_GL883870.1	1.3000546543790406e-14	1.0851989712313753e-05	1.0	1.0851989712313753e-05	0.0	1.715473417886844e-05	2.1703979424627507e-05	2.0	2.1703979424627507e-05	0.0
ti|1121101|org|Bacteroides_salyersiae_WAL_10018_=_DSM_18765_=_JCM_12988|accession|NZ_KB905466.1	9.833583338977352e-15	2.1703979424627507e-05	2.0	2.1703979424627507e-05	0.0	1.2062006492331106e-06	5.606861351362105e-05	5.166666666666666	5.4259948561568766e-05	2.1703979424627507e-05
ti|40518|org|Ruminococcus_bromii|accession|NZ_FMUV01000029.1	8.411215463432354e-15	0.00019533581482164756	18.0	0.00019533581482164756	0.0	4.205607731716343e-15	0.0001844838251093338	17.0	0.00019533581482164756	0.0
ti|547042|org|Bacteroides_coprophilus_DSM_18228_=_JCM_13818|accession|NZ_EQ973635.1	8.335695482749249e-15	1.0851989712313753e-05	1.0	1.0851989712313753e-05	0.0	1.7202298334749973e-05	1.627798456847063e-05	1.5	1.0851989712313753e-05	2.1703979424627507e-05
ti|411483|org|Faecalibacterium_prausnitzii_A2-165|accession|NZ_GG697157.2	7.459108050962816e-15	0.00037981963993098135	35.0	0.00037981963993098135	0.0	9.016766518721529e-10	0.0006248937409340669	57.58333333333333	0.0006077114238895702	9.766790741082378e-05
ti|1841865|org|Mediterranea_massiliensis|accession|NZ_LT635837.1	1.5744095094299904e-15	1.0851989712313753e-05	1.0	1.0851989712313753e-05	0.0	2.658626486294515e-06	6.077114238895704e-05	5.600000000000002	0.0	0.0002930037222324713
ti|709991|org|Odoribacter_splanchnicus_DSM_20712|accession|NC_015160.1	9.81708075527466e-16	3.255596913694126e-05	3.0	3.255596913694126e-05	0.0	7.44643677121409e-05	0.00013394240556228193	12.342658730158718	3.255596913694126e-05	0.0006836753518757664
ti|763034|org|Bacteroides_fluxus_YIT_12057|accession|NZ_GL882646.1	5.042094868384829e-16	2.1703979424627507e-05	2.0	2.1703979424627507e-05	0.0	1.0929211579314597e-09	4.340795884925501e-05	4.0	4.340795884925501e-05	0.0
ti|1236513|org|Bacteroides_faecichinchillae_JCM_17102|accession|NZ_BAKK01000078.1	2.660961709862366e-16	1.0851989712313753e-05	1.0	1.0851989712313753e-05	0.0	5.606934522209612e-16	1.0851989712313753e-05	1.0	1.0851989712313753e-05	0.0
ti|47678|org|Bacteroides_caccae|accession|NZ_CP022412.2	4.024432095451962e-17	1.0851989712313753e-05	1.0	1.0851989712313753e-05	0.0	0.00039485635698004753	0.0002785344026160528	25.666666666666647	0.00013022387654776504	0.0005643034650403151
ti|484018|org|Bacteroides_plebeius_DSM_17135|accession|NZ_DS990123.1	1.3248148257318573e-17	1.0851989712313753e-05	1.0	1.0851989712313753e-05	0.0	3.1809520751574254e-09	1.0851989712313753e-05	1.0	1.0851989712313753e-05	0.0
ti|39482|org|Faecalicatena_contorta|accession|NZ_CYZU01000001.1	7.161448798994215e-26	0.00027129974280784385	25.0	0.00027129974280784385	0.0	2.8132258885123165e-05	0.0004245061377980665	39.117816091954026	0.00037981963993098135	0.00017363183539702005
ti|1650663|org|Fournierella_massiliensis|accession|NZ_LN908964.1	3.3848368935383935e-26	0.0002495957633832163	23.0	0.0002495957633832163	0.0	4.179582287373536e-06	0.00027808558003642424	25.625308114776455	0.00011937188683545129	0.00044493157820486384
ti|745368|org|Gemmiger_formicilis|accession|NZ_FUYF01000006.1	2.313225039695821e-26	0.00042322759878023636	39.0	0.00042322759878023636	0.0	2.48571244610425e-09	0.00035117689726868516	32.36059990641207	0.0003147077016570988	0.00033641168108172634
ti|40520|org|Blautia_obeum|accession|NZ_CYZA01000015.1	2.2592527869424857e-26	0.00015192785597239255	14.0	0.00015192785597239255	0.0	7.155633972541418e-06	0.00018990981996549068	17.5	0.00021703979424627507	0.0
ti|411474|org|Coprococcus_eutactus_ATCC_27759|accession|NZ_DS483527.1	1.5240383254392282e-26	0.00013022387654776504	12.0	0.00013022387654776504	0.0	1.8360481420992041e-10	0.00013022387654776504	12.0	0.00013022387654776504	0.0
ti|470146|org|Coprococcus_comes_ATCC_27758|accession|NZ_GG662012.1	1.4466019039758457e-26	5.4259948561568766e-05	5.0	5.4259948561568766e-05	0.0	6.126853412168776e-06	7.6506527471812e-05	7.050000000000003	0.0	0.00040152361935560883
ti|428125|org|[Clostridium]_leptum_DSM_753|accession|NZ_DS480350.1	1.1818067280279464e-26	5.4259948561568766e-05	5.0	5.4259948561568766e-05	0.0	2.460879695600173e-06	5.923377717971257e-05	5.458333333333333	5.4259948561568766e-05	6.511193827388252e-05
ti|649756|org|Anaerostipes_hadrus|accession|NZ_CP012098.1	9.045370229455392e-27	7.596392798619627e-05	7.0	7.596392798619627e-05	0.0	2.408111423307419e-05	0.0001557124708216961	14.348748473748474	9.766790741082378e-05	0.0002278917839585888
ti|1871018|org|Angelakisella_massiliensis|accession|NZ_LT629944.1	3.322200189052088e-27	6.511193827388252e-05	6.0	6.511193827388252e-05	0.0	1.5013033067929773e-07	1.3022387654776503e-05	1.2	1.0851989712313753e-05	1.0851989712313753e-05
ti|796942|org|Stomatobaculum_longum|accession|NZ_JH590861.1	2.86474438187946e-27	8.681591769851003e-05	8.0	8.681591769851003e-05	0.0	1.654055764869612e-08	9.766790741082378e-05	9.0	0.00010851989712313753	0.0
ti|745368|org|Gemmiger_formicilis|accession|NZ_FUYF01000007.1	2.6401012125483555e-27	7.596392798619627e-05	7.0	7.596392798619627e-05	0.0	1.2332386163863073e-09	0.00043498392096857626	40.083333333333336	0.00040152361935560883	8.681591769851003e-05
ti|622312|org|Roseburia_inulinivorans_DSM_16841|accession|NZ_ACFY01000061.1	2.156977591177357e-27	3.255596913694126e-05	3.0	3.255596913694126e-05	0.0	1.0769928626841321e-10	5.4259948561568766e-05	5.0	6.511193827388252e-05	0.0
ti|537011|org|Prevotella_copri_DSM_18205|accession|NZ_GG703870.1	2.1203222246464112e-27	1.0851989712313753e-05	1.0	1.0851989712313753e-05	0.0	0.0007747890346863761	0.0013369651325570544	123.2	0.002116137993901182	0.0002604477530955301
ti|40520|org|Blautia_obeum|accession|NZ_CYZA01000001.1	2.0787576883634683e-27	3.255596913694126e-05	3.0	3.255596913694126e-05	0.0	2.457963489628977e-06	3.255596913694126e-05	3.0	3.255596913694126e-05	0.0
ti|585394|org|Roseburia_hominis_A2-183|accession|NC_015977.1	1.8552232233743453e-27	5.4259948561568766e-05	5.0	5.4259948561568766e-05	0.0	2.1093752988457644e-05	0.00033271305859145493	30.659175636143978	7.596392798619627e-05	0.0006728233621634527
ti|745368|org|Gemmiger_formicilis|accession|NZ_FUYF01000012.1	1.823129086995763e-27	0.00011937188683545129	11.0	0.00011937188683545129	0.0	3.152959300994639e-05	0.0010098926728061301	93.06059990641208	0.0007813432592865902	0.000792195248998904
ti|1150298|org|Fusicatenibacter_saccharivorans|accession|NZ_CYYV01000010.1	1.8062316712893897e-27	2.1703979424627507e-05	2.0	2.1703979424627507e-05	0.0	8.340812186092824e-08	4.340795884925501e-05	4.0	4.340795884925501e-05	0.0
ti|1550024|org|Ruthenibacterium_lactatiformans|accession|NZ_JXXK01000016.1	1.7338288736651875e-27	7.596392798619627e-05	7.0	7.596392798619627e-05	0.0	6.0734152882568237e-05	0.0002938305404962666	27.07619047619047	8.681591769851003e-05	0.0005208955061910602
ti|1211819|org|Holdemania_massiliensis_AP2|accession|NZ_HE998569.1	1.3614693887875714e-27	0.00011937188683545129	11.0	0.00011937188683545129	0.0	8.418962120832805e-27	0.0001844838251093338	17.0	0.00014107586626007878	7.596392798619627e-05
ti|622312|org|Roseburia_inulinivorans_DSM_16841|accession|NZ_ACFY01000080.1	1.0186722319688015e-27	2.1703979424627507e-05	2.0	2.1703979424627507e-05	0.0	1.1822799922338293e-09	2.7129974280784383e-05	2.5	3.255596913694126e-05	0.0
ti|511680|org|Butyrivibrio_crossotus_DSM_2876|accession|NZ_GG663519.1	9.058188216115494e-28	6.511193827388252e-05	6.0	6.511193827388252e-05	0.0	9.058188216115494e-28	6.511193827388252e-05	6.0	6.511193827388252e-05	0.0
ti|36847|org|Anaerotignum_neopropionicum|accession|NZ_LRVM01000002.1	6.9799520824686e-28	1.0851989712313753e-05	1.0	1.0851989712313753e-05	0.0	1.4443474786483846e-06	0.0001647822961673356	15.184523809523808	7.596392798619627e-05	0.00016277984568470629
ti|537013|org|[Clostridium]_methylpentosum_DSM_5476|accession|NZ_EQ973339.1	4.277760933135906e-28	0.00010851989712313753	10.0	0.00010851989712313753	0.0	1.3759146607006175e-26	0.00025502175823937317	23.5	0.0002278917839585888	5.4259948561568766e-05
ti|1203606|org|Butyricicoccus_pullicaecorum_1.2|accession|NZ_KB976103.1	3.7015648263270975e-28	0.000661971372451139	61.0	0.000661971372451139	0.0	3.7566888524806313e-07	0.00022895018217233698	21.09753033699868	0.00013022387654776504	0.00033641168108172634
ti|476272|org|Blautia_hydrogenotrophica_DSM_10507|accession|NZ_GG657680.1	1.473273058728413e-28	1.0851989712313753e-05	1.0	1.0851989712313753e-05	0.0	9.33069237797779e-27	0.00010309390226698065	9.5	8.681591769851003e-05	3.255596913694126e-05
ti|745368|org|Gemmiger_formicilis|accession|NZ_FUYF01000024.1	9.446337920588726e-29	1.0851989712313753e-05	1.0	1.0851989712313753e-05	0.0	1.6106834287444922e-27	9.22419125546669e-05	8.5	9.766790741082378e-05	0.0
ti|40518|org|Ruminococcus_bromii|accession|NZ_FMUV01000042.1	5.382470795246615e-30	0.0002278917839585888	21.0	0.0002278917839585888	0.0	5.382470795246615e-30	0.0002278917839585888	21.0	0.0002278917839585888	0.0
ti|428127|org|Absiella_dolichum_DSM_3991|accession|NZ_DS483460.1	5.358941794270081e-30	2.1703979424627507e-05	2.0	2.1703979424627507e-05	0.0	3.74415218234619e-30	1.627798456847063e-05	1.5	2.1703979424627507e-05	0.0
ti|745368|org|Gemmiger_formicilis|accession|NZ_FUYF01000001.1	4.4681241735782086e-30	5.4259948561568766e-05	5.0	5.4259948561568766e-05	0.0	5.25570296304795e-14	8.138992284235314e-05	7.5	9.766790741082378e-05	0.0
ti|40518|org|Ruminococcus_bromii|accession|NZ_FMUV01000039.1	4.208478271496334e-30	1.0851989712313753e-05	1.0	1.0851989712313753e-05	0.0	4.208478271496334e-30	1.0851989712313753e-05	1.0	1.0851989712313753e-05	0.0
ti|290054|org|Eubacterium_coprostanoligenes|accession|NZ_FUWW01000019.1	3.980232243398216e-30	3.255596913694126e-05	3.0	3.255596913694126e-05	0.0	3.980232243398216e-30	3.255596913694126e-05	3.0	3.255596913694126e-05	0.0
ti|40518|org|Ruminococcus_bromii|accession|NZ_FMUV01000007.1	3.134665252652112e-30	7.596392798619627e-05	7.0	7.596392798619627e-05	0.0	3.1105995278219977e-30	6.511193827388252e-05	6.0	6.511193827388252e-05	0.0
ti|1160721|org|Ruminococcus_bicirculans|accession|NZ_HF545617.1	2.5465283343553423e-30	9.766790741082378e-05	9.0	9.766790741082378e-05	0.0	1.5817510380867074e-11	3.255596913694126e-05	3.0	3.255596913694126e-05	0.0
ti|40518|org|Ruminococcus_bromii|accession|NZ_FMUV01000071.1	2.2950499029220934e-30	2.1703979424627507e-05	2.0	2.1703979424627507e-05	0.0	2.2950499029220934e-30	2.1703979424627507e-05	2.0	2.1703979424627507e-05	0.0
ti|999413|org|[Clostridium]_innocuum_2959|accession|NZ_KB850945.1	2.0218907787623143e-30	2.1703979424627507e-05	2.0	2.1703979424627507e-05	0.0	4.082890802797347e-27	7.234659808209169e-05	6.666666666666667	2.1703979424627507e-05	6.511193827388252e-05
ti|1550024|org|Ruthenibacterium_lactatiformans|accession|NZ_JXXK01000008.1	1.8392186944797126e-30	8.681591769851003e-05	8.0	8.681591769851003e-05	0.0	2.1116552398410826e-30	8.681591769851003e-05	8.0	8.681591769851003e-05	0.0
ti|511680|org|Butyrivibrio_crossotus_DSM_2876|accession|NZ_GG663524.1	1.1694488714074223e-30	1.0851989712313753e-05	1.0	1.0851989712313753e-05	0.0	2.3275289336612117e-05	8.68206155295543e-05	8.0004329004329	8.681591769851003e-05	9.766790741082378e-05
ti|40518|org|Ruminococcus_bromii|accession|NZ_FMUV01000004.1	9.07694478683328e-31	5.4259948561568766e-05	5.0	5.4259948561568766e-05	0.0	9.07694478683328e-31	5.4259948561568766e-05	5.0	5.4259948561568766e-05	0.0
ti|40518|org|Ruminococcus_bromii|accession|NZ_FMUV01000041.1	5.329646228643228e-31	2.1703979424627507e-05	2.0	2.1703979424627507e-05	0.0	5.329646228643228e-31	2.1703979424627507e-05	2.0	2.1703979424627507e-05	0.0
ti|40518|org|Ruminococcus_bromii|accession|NZ_FMUV01000015.1	4.734929353295962e-31	6.511193827388252e-05	6.0	6.511193827388252e-05	0.0	4.624214189381549e-28	0.00010851989712313753	10.0	0.00010851989712313753	0.0
ti|40518|org|Ruminococcus_bromii|accession|NZ_FMUV01000051.1	4.560644710543593e-31	1.0851989712313753e-05	1.0	1.0851989712313753e-05	0.0	4.560644710543593e-31	1.0851989712313753e-05	1.0	1.0851989712313753e-05	0.0
ti|40518|org|Ruminococcus_bromii|accession|NZ_FMUV01000001.1	4.137670739028665e-31	5.4259948561568766e-05	5.0	5.4259948561568766e-05	0.0	4.137670739028665e-31	5.4259948561568766e-05	5.0	5.4259948561568766e-05	0.0
ti|40518|org|Ruminococcus_bromii|accession|NZ_FMUV01000003.1	3.718264503812955e-31	3.255596913694126e-05	3.0	3.255596913694126e-05	0.0	2.829737569489859e-14	4.340795884925501e-05	4.0	4.340795884925501e-05	0.0
ti|428128|org|[Eubacterium]_siraeum_DSM_15702|accession|NZ_KB907520.1	3.651878801146957e-31	1.0851989712313753e-05	1.0	1.0851989712313753e-05	0.0	7.814737411713138e-31	2.1703979424627507e-05	2.0	1.0851989712313753e-05	1.0851989712313753e-05
ti|40518|org|Ruminococcus_bromii|accession|NZ_FMUV01000020.1	3.5414104752898648e-31	5.4259948561568766e-05	5.0	5.4259948561568766e-05	0.0	3.5414104752898648e-31	5.4259948561568766e-05	5.0	5.4259948561568766e-05	0.0
ti|301302|org|Roseburia_faecis|accession|NZ_CYXV01000001.1	3.4765650908904562e-31	2.1703979424627507e-05	2.0	2.1703979424627507e-05	0.0	4.082035156721942e-06	6.413804176123897e-05	5.910256410256411	1.0851989712313753e-05	0.00011937188683545129
ti|411461|org|Dorea_formicigenerans_ATCC_27755|accession|NZ_AAXA02000016.1	3.302274113235943e-31	2.1703979424627507e-05	2.0	2.1703979424627507e-05	0.0	6.596387518372637e-07	0.00010417910123821202	9.6	2.1703979424627507e-05	0.0003906716296432951
ti|566550|org|Hungatella_hathewayi_DSM_13479|accession|NZ_GG667607.1	2.616685503442461e-31	1.0851989712313753e-05	1.0	1.0851989712313753e-05	0.0	1.2643249750708047e-30	2.1703979424627507e-05	2.0	2.1703979424627507e-05	0.0
ti|40518|org|Ruminococcus_bromii|accession|NZ_FMUV01000013.1	2.616685503442461e-31	1.0851989712313753e-05	1.0	1.0851989712313753e-05	0.0	2.616685503442461e-31	1.0851989712313753e-05	1.0	1.0851989712313753e-05	0.0
ti|411467|org|Pseudoflavonifractor_capillosus_ATCC_29799|accession|NZ_AAXG02000024.1	2.379889422600582e-31	2.1703979424627507e-05	2.0	2.1703979424627507e-05	0.0	5.107732691880224e-12	4.340795884925501e-05	4.0	4.340795884925501e-05	1.0851989712313753e-05
ti|745368|org|Gemmiger_formicilis|accession|NZ_FUYF01000003.1	1.8749370931410713e-31	1.0851989712313753e-05	1.0	1.0851989712313753e-05	0.0	1.98011287637071e-29	2.1703979424627507e-05	2.0	2.1703979424627507e-05	0.0
ti|40518|org|Ruminococcus_bromii|accession|NZ_FMUV01000023.1	1.776548980140003e-31	5.4259948561568766e-05	5.0	5.4259948561568766e-05	0.0	1.776548980140003e-31	5.4259948561568766e-05	5.0	5.4259948561568766e-05	0.0
ti|411471|org|Subdoligranulum_variabile_DSM_15176|accession|NZ_GG704769.1	1.2963297015917633e-31	7.596392798619627e-05	7.0	7.596392798619627e-05	0.0	7.861348373340691e-07	0.0002063418702716834	19.014197003665355	0.00013022387654776504	0.00032555969136941257
ti|40518|org|Ruminococcus_bromii|accession|NZ_FMUV01000043.1	8.917855590491137e-32	4.340795884925501e-05	4.0	4.340795884925501e-05	0.0	8.917855590491137e-32	4.340795884925501e-05	4.0	4.340795884925501e-05	0.0
ti|515620|org|[Eubacterium]_eligens_ATCC_27750|accession|NC_012778.1	8.618000751160594e-32	1.0851989712313753e-05	1.0	1.0851989712313753e-05	0.0	1.2645794623494961e-05	2.7129974280784383e-06	0.25	0.0	2.1703979424627507e-05
ti|411471|org|Subdoligranulum_variabile_DSM_15176|accession|NZ_GG704770.1	8.386152456890079e-32	3.255596913694126e-05	3.0	3.255596913694126e-05	0.0	1.3703174088112109e-27	8.681591769851003e-05	8.0	7.596392798619627e-05	2.1703979424627507e-05
ti|40518|org|Ruminococcus_bromii|accession|NZ_FMUV01000010.1	7.793704023096542e-32	2.1703979424627507e-05	2.0	2.1703979424627507e-05	0.0	7.793704023096542e-32	2.1703979424627507e-05	2.0	2.1703979424627507e-05	0.0
ti|40518|org|Ruminococcus_bromii|accession|NZ_FMUV01000027.1	7.324336711300692e-32	6.511193827388252e-05	6.0	6.511193827388252e-05	0.0	7.324336711300692e-32	6.511193827388252e-05	6.0	6.511193827388252e-05	0.0
ti|1256908|org|Eubacterium_ramulus_ATCC_29099|accession|NZ_KI271092.1	6.172161436429767e-32	1.0851989712313753e-05	1.0	1.0851989712313753e-05	0.0	6.010063856546251e-13	1.627798456847063e-05	1.5	2.1703979424627507e-05	0.0
ti|40518|org|Ruminococcus_bromii|accession|NZ_FMUV01000002.1	5.69940360539754e-32	2.1703979424627507e-05	2.0	2.1703979424627507e-05	0.0	2.6723422337314568e-15	2.7129974280784383e-05	2.5	3.255596913694126e-05	0.0
ti|745368|org|Gemmiger_formicilis|accession|NZ_FUYF01000023.1	4.94228051899005e-32	1.0851989712313753e-05	1.0	1.0851989712313753e-05	0.0	1.4543187891352836e-28	1.0851989712313753e-05	1.0	1.0851989712313753e-05	0.0
ti|40518|org|Ruminococcus_bromii|accession|NZ_FMUV01000006.1	4.5174574947805736e-32	3.255596913694126e-05	3.0	3.255596913694126e-05	0.0	4.5174574947805736e-32	3.255596913694126e-05	3.0	3.255596913694126e-05	0.0
ti|1150298|org|Fusicatenibacter_saccharivorans|accession|NZ_CYYV01000015.1	4.422558512259344e-32	1.0851989712313753e-05	1.0	1.0851989712313753e-05	0.0	1.0875536346236436e-06	0.00016882380106614763	15.556944444444436	5.4259948561568766e-05	0.0004123756090679226
ti|745368|org|Gemmiger_formicilis|accession|NZ_FUYF01000009.1	3.2194138978350663e-32	2.1703979424627507e-05	2.0	2.1703979424627507e-05	0.0	7.491009508576099e-14	2.7129974280784383e-05	2.5	3.255596913694126e-05	0.0
ti|1445607|org|Bacteroides_reticulotermitis_JCM_10512|accession|NZ_BAIV01000014.1	2.8356503540145116e-32	1.0851989712313753e-05	1.0	1.0851989712313753e-05	0.0	1.280615692509769e-05	1.627798456847063e-05	1.5	1.0851989712313753e-05	1.0851989712313753e-05
ti|1650663|org|Fournierella_massiliensis|accession|NZ_LN908958.1	2.7202622671987467e-32	4.340795884925501e-05	4.0	4.340795884925501e-05	0.0	1.9288628303174332e-30	7.596392798619627e-05	7.0	7.596392798619627e-05	0.0
ti|745368|org|Gemmiger_formicilis|accession|NZ_FUYF01000002.1	2.4685417126873097e-32	2.1703979424627507e-05	2.0	2.1703979424627507e-05	0.0	1.3660630556517068e-16	9.766790741082378e-05	9.0	9.766790741082378e-05	0.0
ti|1650663|org|Fournierella_massiliensis|accession|NZ_LN908959.1	1.8181633954385656e-32	1.0851989712313753e-05	1.0	1.0851989712313753e-05	0.0	7.549074090689366e-28	1.2057766347015282e-05	1.1111111111111112	1.0851989712313753e-05	1.0851989712313753e-05
ti|1410649|org|Blautia_schinkii_DSM_10518|accession|NZ_JNKJ01000045.1	1.6270182220080443e-32	1.0851989712313753e-05	1.0	1.0851989712313753e-05	0.0	7.910563563228751e-28	3.255596913694126e-05	3.0	1.0851989712313753e-05	2.1703979424627507e-05
ti|745368|org|Gemmiger_formicilis|accession|NZ_FUYF01000004.1	1.5430267315405542e-32	3.255596913694126e-05	3.0	3.255596913694126e-05	0.0	5.205011937986879e-15	3.7981963993098136e-05	3.5	4.340795884925501e-05	0.0
ti|40518|org|Ruminococcus_bromii|accession|NZ_FMUV01000046.1	1.1763323961225018e-32	2.1703979424627507e-05	2.0	2.1703979424627507e-05	0.0	1.1763323961225018e-32	2.1703979424627507e-05	2.0	2.1703979424627507e-05	0.0
ti|40518|org|Ruminococcus_bromii|accession|NZ_FMUV01000014.1	1.1657707121164265e-32	1.0851989712313753e-05	1.0	1.0851989712313753e-05	0.0	1.1657707121164265e-32	1.0851989712313753e-05	1.0	1.0851989712313753e-05	0.0
ti|40518|org|Ruminococcus_bromii|accession|NZ_FMUV01000026.1	1.1407591305131702e-32	3.255596913694126e-05	3.0	3.255596913694126e-05	0.0	1.3718624959608854e-15	3.255596913694126e-05	3.0	3.255596913694126e-05	0.0
ti|428128|org|[Eubacterium]_siraeum_DSM_15702|accession|NZ_KB907514.1	1.0399097665221475e-32	3.255596913694126e-05	3.0	3.255596913694126e-05	0.0	3.033635673403882e-32	3.255596913694126e-05	3.0	3.255596913694126e-05	0.0
ti|1898205|org|Ruminococcaceae_bacterium|accession|NZ_FWXP01000001.1	9.352103444686866e-33	1.0851989712313753e-05	1.0	1.0851989712313753e-05	0.0	1.1854963322706218e-17	0.0	0.0	0.0	0.0
ti|411467|org|Pseudoflavonifractor_capillosus_ATCC_29799|accession|NZ_AAXG02000017.1	9.33476212416586e-33	1.0851989712313753e-05	1.0	1.0851989712313753e-05	0.0	7.34038439145784e-31	2.1703979424627507e-05	2.0	2.1703979424627507e-05	0.0
ti|1160721|org|Ruminococcus_bicirculans|accession|NZ_HF545616.1	8.952736012331444e-33	1.0851989712313753e-05	1.0	1.0851989712313753e-05	0.0	2.650126134113494e-08	1.0851989712313753e-05	1.0	1.0851989712313753e-05	0.0
ti|745368|org|Gemmiger_formicilis|accession|NZ_FUYF01000061.1	8.353112161813207e-33	1.0851989712313753e-05	1.0	1.0851989712313753e-05	0.0	8.353112161813207e-33	1.0851989712313753e-05	1.0	1.0851989712313753e-05	0.0
ti|693746|org|Oscillibacter_valericigenes_Sjm18-20|accession|NC_016048.1	8.318844323737913e-33	3.255596913694126e-05	3.0	3.255596913694126e-05	0.0	3.8851615191132135e-29	3.255596913694126e-05	3.0	3.255596913694126e-05	0.0
ti|40518|org|Ruminococcus_bromii|accession|NZ_FMUV01000031.1	6.688649338723117e-33	1.0851989712313753e-05	1.0	1.0851989712313753e-05	0.0	6.688649338723117e-33	1.0851989712313753e-05	1.0	1.0851989712313753e-05	0.0
ti|428128|org|[Eubacterium]_siraeum_DSM_15702|accession|NZ_KB907524.1	5.355851700510378e-33	1.0851989712313753e-05	1.0	1.0851989712313753e-05	0.0	6.9044677180992705e-09	2.1703979424627507e-05	2.0	2.1703979424627507e-05	0.0
ti|1650663|org|Fournierella_massiliensis|accession|NZ_LN908956.1	4.288630781074254e-33	1.0851989712313753e-05	1.0	1.0851989712313753e-05	0.0	1.65856994243156e-31	1.0851989712313753e-05	1.0	1.0851989712313753e-05	0.0
ti|1291051|org|[Clostridium]_glycyrrhizinilyticum_JCM_13369|accession|NZ_BBAB01000035.1	4.288630781074254e-33	1.0851989712313753e-05	1.0	1.0851989712313753e-05	0.0	4.288630781074254e-33	1.0851989712313753e-05	1.0	1.0851989712313753e-05	0.0
ti|292800|org|Flavonifractor_plautii|accession|NZ_CP015406.2	3.83763543820555e-33	1.0851989712313753e-05	1.0	1.0851989712313753e-05	0.0	5.709354185301114e-06	8.44771268122355e-05	7.7844827586206895	0.00013022387654776504	4.340795884925501e-05
ti|745368|org|Gemmiger_formicilis|accession|NZ_FUYF01000019.1	3.434067073706483e-33	1.0851989712313753e-05	1.0	1.0851989712313753e-05	0.0	5.535148949649172e-13	1.627798456847063e-05	1.5	2.1703979424627507e-05	0.0
ti|745368|org|Gemmiger_formicilis|accession|NZ_FUYF01000016.1	3.434067073706483e-33	1.0851989712313753e-05	1.0	1.0851989712313753e-05	0.0	5.113188661997274e-32	1.0851989712313753e-05	1.0	1.0851989712313753e-05	0.0
ti|717960|org|Faecalitalea_cylindroides_T2-87|accession|NC_021019.1	3.434067073706483e-33	1.0851989712313753e-05	1.0	1.0851989712313753e-05	0.0	4.3950969071222933e-07	4.495824309387126e-05	4.142857142857142	2.1703979424627507e-05	3.255596913694126e-05
ti|1550024|org|Ruthenibacterium_lactatiformans|accession|NZ_JXXK01000030.1	3.434067073706483e-33	1.0851989712313753e-05	1.0	1.0851989712313753e-05	0.0	3.434067073706483e-33	1.0851989712313753e-05	1.0	1.0851989712313753e-05	0.0
ti|1118061|org|Alistipes_communis|accession|NZ_HE978577.1	3.434067073706483e-33	1.0851989712313753e-05	1.0	1.0851989712313753e-05	0.0	2.584470767521252e-27	1.0851989712313753e-05	1.0	1.0851989712313753e-05	0.0
ti|566550|org|Hungatella_hathewayi_DSM_13479|accession|NZ_GG667792.1	3.072938234130221e-33	1.0851989712313753e-05	1.0	1.0851989712313753e-05	0.0	4.150946928460666e-31	3.255596913694126e-05	3.0	3.255596913694126e-05	0.0
ti|1852384|org|Massilimaliae_massiliensis|accession|NZ_FUHT01000002.1	3.072938234130221e-33	1.0851989712313753e-05	1.0	1.0851989712313753e-05	0.0	1.9190467433795178e-31	1.0851989712313753e-05	1.0	1.0851989712313753e-05	0.0
ti|622312|org|Roseburia_inulinivorans_DSM_16841|accession|NZ_ACFY01000106.1	2.7497859500418536e-33	1.0851989712313753e-05	1.0	1.0851989712313753e-05	0.0	2.4848287773379626e-11	1.0851989712313753e-05	1.0	1.0851989712313753e-05	0.0
ti|411474|org|Coprococcus_eutactus_ATCC_27759|accession|NZ_DS483540.1	2.7497859500418536e-33	1.0851989712313753e-05	1.0	1.0851989712313753e-05	0.0	2.7497859500418536e-33	1.0851989712313753e-05	1.0	1.0851989712313753e-05	0.0
ti|1265|org|Ruminococcus_flavefaciens|accession|NZ_FPJT01000002.1	2.7497859500418536e-33	1.0851989712313753e-05	1.0	1.0851989712313753e-05	0.0	2.7497859500418536e-33	1.0851989712313753e-05	1.0	1.0851989712313753e-05	0.0
ti|1236970|org|Bacillus_wakoensis_JCM_9140|accession|NZ_BAUT01000076.1	2.7497859500418536e-33	1.0851989712313753e-05	1.0	1.0851989712313753e-05	0.0	2.7497859500418536e-33	1.0851989712313753e-05	1.0	1.0851989712313753e-05	0.0
ti|1002367|org|Prevotella_stercorea_DSM_18206|accession|NZ_JH379361.1	2.7497859500418536e-33	1.0851989712313753e-05	1.0	1.0851989712313753e-05	0.0	2.3404565219031973e-28	1.0851989712313753e-05	1.0	1.0851989712313753e-05	0.0
ti|40520|org|Blautia_obeum|accession|NZ_CYZA01000017.1	2.4606165809211973e-33	1.0851989712313753e-05	1.0	1.0851989712313753e-05	0.0	3.1622860163425876e-14	1.0851989712313753e-05	1.0	1.0851989712313753e-05	0.0
ti|40518|org|Ruminococcus_bromii|accession|NZ_FMUV01000011.1	2.4606165809211973e-33	1.0851989712313753e-05	1.0	1.0851989712313753e-05	0.0	2.4606165809211973e-33	1.0851989712313753e-05	1.0	1.0851989712313753e-05	0.0
ti|1550024|org|Ruthenibacterium_lactatiformans|accession|NZ_JXXK01000004.1	2.4606165809211973e-33	1.0851989712313753e-05	1.0	1.0851989712313753e-05	0.0	1.4041481556742645e-32	1.0851989712313753e-05	1.0	1.0851989712313753e-05	0.0
ti|745368|org|Gemmiger_formicilis|accession|NZ_FUYF01000010.1	2.2018564602136434e-33	1.0851989712313753e-05	1.0	1.0851989712313753e-05	0.0	4.664981308664879e-27	3.1043200755429425e-05	2.8605999064120664	1.0851989712313753e-05	0.00028215173252015756
ti|40518|org|Ruminococcus_bromii|accession|NZ_FMUV01000025.1	2.2018564602136434e-33	1.0851989712313753e-05	1.0	1.0851989712313753e-05	0.0	2.051523295837283e-31	3.255596913694126e-05	3.0	2.1703979424627507e-05	1.0851989712313753e-05
ti|290054|org|Eubacterium_coprostanoligenes|accession|NZ_FUWW01000024.1	2.2018564602136434e-33	1.0851989712313753e-05	1.0	1.0851989712313753e-05	0.0	2.2018564602136434e-33	1.0851989712313753e-05	1.0	1.0851989712313753e-05	0.0
ti|566550|org|Hungatella_hathewayi_DSM_13479|accession|NZ_GG667646.1	1.7631088235470705e-33	1.0851989712313753e-05	1.0	1.0851989712313753e-05	0.0	1.0058997786816308e-07	0.00013427830048194894	12.373611111111114	5.4259948561568766e-05	0.00017363183539702005
ti|411467|org|Pseudoflavonifractor_capillosus_ATCC_29799|accession|NZ_AAXG02000012.1	1.7631088235470705e-33	1.0851989712313753e-05	1.0	1.0851989712313753e-05	0.0	4.247226424304929e-18	2.3446807956809796e-05	2.160599906412066	2.1703979424627507e-05	0.00016277984568470629
ti|40518|org|Ruminococcus_bromii|accession|NZ_FMUV01000040.1	1.7631088235470705e-33	1.0851989712313753e-05	1.0	1.0851989712313753e-05	0.0	1.7631088235470705e-33	1.0851989712313753e-05	1.0	1.0851989712313753e-05	0.0
ti|40518|org|Ruminococcus_bromii|accession|NZ_FMUV01000009.1	1.7631088235470705e-33	1.0851989712313753e-05	1.0	1.0851989712313753e-05	0.0	1.7631088235470705e-33	1.0851989712313753e-05	1.0	1.0851989712313753e-05	0.0
