Total Number of Aligned Reads:	863010	Total Number of Mapped Genomes:	8737
Genome	Final Guess	Final Best Hit	Final Best Hit Read Numbers	Final High Confidence Hits	Final Low Confidence Hits	Initial Guess	Initial Best Hit	Initial Best Hit Read Numbers	Initial High Confidence Hits	Initial Low Confidence Hits
ti|435590|org|Bacteroides_vulgatus_ATCC_8482|accession|NC_009614.1	0.31754181457281133	0.28856096684858806	249031.0	0.2885516969675902	9.26988099790269e-06	0.3048590025538978	0.27921511895998774	240965.439813659	0.2784278281827557	0.00824208294226023
ti|537011|org|Prevotella_copri_DSM_18205|accession|NZ_GG703852.1	0.11455086527809523	0.12139720281340888	104767.0	0.12120021784220344	0.00019698497120543214	0.0694019043801625	0.06646977547586053	57364.08093342239	0.10350980869283091	0.011350969281931843
ti|515619|org|[Eubacterium]_rectale_ATCC_33656|accession|NC_012781.1	0.06456635898636309	0.05939096881843779	51255.0	0.05939096881843779	0.0	0.06318249082189066	0.051626689300847885	44554.34913352473	0.050956535845471086	0.001987230738925389
ti|537011|org|Prevotella_copri_DSM_18205|accession|NZ_GG703853.1	0.0493533126486961	0.05128214041552242	44257.0	0.05095074216984739	0.0003313982456750211	0.03873020703948352	0.037717531795366285	32550.607114719056	0.06183010625601094	0.006828426090080069
ti|537011|org|Prevotella_copri_DSM_18205|accession|NZ_GG703854.1	0.044374535174414725	0.040066743143184896	34578.0	0.03995318710096059	0.00011355604222430795	0.036006904261064364	0.03507301633352825	30268.363825998214	0.05650108341734163	0.010004519066986477
ti|367928|org|Bifidobacterium_adolescentis_ATCC_15703|accession|NC_008618.1	0.03674875183706527	0.02956628544281063	25516.0	0.02956628544281063	0.0	0.03658623903016124	0.029489361028885476	25449.613461538454	0.029475904103081076	7.763525335743502e-05
ti|411479|org|Bacteroides_uniformis_ATCC_8492|accession|NZ_DS362248.1	0.02526285641253109	0.02031842041227796	17535.0	0.02030567432590584	1.2746086372116198e-05	0.025318951464080287	0.02041343669250616	17616.99999999974	0.02031146800152953	0.0002838901055607699
ti|411479|org|Bacteroides_uniformis_ATCC_8492|accession|NZ_DS362249.1	0.02444571096190463	0.020379833373889062	17588.0	0.01952005191133359	0.0008597814625554744	0.026793508145892677	0.02166050605825372	18693.233333333545	0.023082003684777697	0.0010579251688856443
ti|537011|org|Prevotella_copri_DSM_18205|accession|NZ_GG703855.1	0.02185496570267346	0.020122594176197262	17366.0	0.02004380018771509	7.879398848217287e-05	0.02395174597081074	0.024124652912890163	20819.816710353338	0.036311282603909575	0.00971947022630097
ti|411479|org|Bacteroides_uniformis_ATCC_8492|accession|NZ_DS362220.1	0.021546076506588956	0.017155073521743665	14805.0	0.017155073521743665	0.0	0.021225944301553782	0.0171753127619225	14822.466666666736	0.016958088550538233	0.0008864323704244446
ti|411479|org|Bacteroides_uniformis_ATCC_8492|accession|NZ_DS362247.1	0.0213199490816355	0.017317296439206962	14945.0	0.017295280471836944	2.2015967370018886e-05	0.020451012282994667	0.016641213118426857	14361.533333333562	0.016260530005446056	0.0011355604222430796
ti|411479|org|Bacteroides_uniformis_ATCC_8492|accession|NZ_DS362246.1	0.016056141314553324	0.012732181550619344	10988.0	0.012732181550619344	0.0	0.01438356948873678	0.011743278454267357	10134.566738817271	0.011217714742586992	0.0026569796410238584
ti|411479|org|Bacteroides_uniformis_ATCC_8492|accession|NZ_DS362244.1	0.014932537001091118	0.012078654940267204	10424.0	0.012078654940267204	0.0	0.014932204551087685	0.012072861264643514	10419.0	0.012072861264643514	0.0
ti|411479|org|Bacteroides_uniformis_ATCC_8492|accession|NZ_DS362243.1	0.012900604568428578	0.010476124262754776	9041.0	0.010476124262754776	0.0	0.012920361505924368	0.010480366060979246	9044.6607142857	0.010490029084251631	0.0004287319961529994
ti|445970|org|Alistipes_putredinis_DSM_17216|accession|NZ_DS499579.1	0.012400497451563167	0.015500399763618035	13377.0	0.015499241028493297	1.1587351247378362e-06	0.006184674990144934	0.007446013832454844	6425.984397546855	0.010826062270425603	0.003551523157321468
ti|411479|org|Bacteroides_uniformis_ATCC_8492|accession|NZ_DS362242.1	0.011953048140217878	0.009604755448951924	8289.0	0.009604755448951924	0.0	0.01149708028852503	0.009370690953754863	8086.999999999984	0.009268722262777952	0.0005167958656330749
ti|411479|org|Bacteroides_uniformis_ATCC_8492|accession|NZ_DS362240.1	0.011635084941986135	0.009412405418245444	8123.0	0.009412405418245444	0.0	0.011653992361780358	0.009435715306504746	8143.11666666666	0.009412405418245444	0.00010196869097692959
ti|445970|org|Alistipes_putredinis_DSM_17216|accession|NZ_DS499577.1	0.011572151735568031	0.012951182489194794	11177.0	0.012951182489194794	0.0	0.013158728212072441	0.013909611018972772	12004.133405483692	0.014972016546737582	0.0014843396947891681
ti|537011|org|Prevotella_copri_DSM_18205|accession|NZ_GG703856.1	0.011443050694977547	0.011086777673491616	9568.0	0.011054333089998957	3.244458349265941e-05	0.01633579770334882	0.015670500229902636	13523.798403408275	0.026743606678949258	0.003203902619900117
ti|411479|org|Bacteroides_uniformis_ATCC_8492|accession|NZ_DS362239.1	0.01120557643887807	0.009012641800210889	7778.0	0.009012641800210889	0.0	0.011243312373819607	0.00911982479924914	7870.5	0.009230484003661603	0.0
ti|411479|org|Bacteroides_uniformis_ATCC_8492|accession|NZ_DS362245.1	0.011046160387501187	0.008882863466240253	7666.0	0.008862006233994971	2.085723224528105e-05	0.014403703126382604	0.011729076968153538	10122.310714286185	0.009811010301155259	0.007078712877023441
ti|411479|org|Bacteroides_uniformis_ATCC_8492|accession|NZ_DS362241.1	0.010733634102667117	0.008688195965284296	7498.0	0.008688195965284296	0.0	0.009892688681267602	0.007991796155316566	6896.999999999749	0.007649969293519195	0.0010092582936466552
ti|537011|org|Prevotella_copri_DSM_18205|accession|NZ_GG703857.1	0.010086975407512177	0.009074054761821996	7831.0	0.009050880059327238	2.3174702494756724e-05	0.015200206458531052	0.015242519870717158	13154.447073627614	0.024514200298953664	0.0065619170113903665
ti|411903|org|Collinsella_aerofaciens_ATCC_25986|accession|NZ_AAVN02000001.1	0.008061239979629013	0.006603631475880928	5699.0	0.006600155270506715	3.4762053742135087e-06	0.0075544866010275324	0.00609934305236211	5263.794047619025	0.006001089211017253	0.0005851612379926072
ti|411903|org|Collinsella_aerofaciens_ATCC_25986|accession|NZ_AAVN02000002.1	0.006874320011777791	0.005758913569947046	4970.0	0.005707929224458581	5.0984345488464794e-05	0.006323508888025036	0.005152181466013289	4446.384126984129	0.004979084830998482	0.0006639552264747802
ti|411479|org|Bacteroides_uniformis_ATCC_8492|accession|NZ_DS362238.1	0.00652995560710021	0.0051714348617049625	4463.0	0.0051714348617049625	0.0	0.006469155623859248	0.005282827931696428	4559.133333333334	0.005177228537328652	0.0006709076372232071
ti|537011|org|Prevotella_copri_DSM_18205|accession|NZ_GG703858.1	0.006481377485808443	0.0058689934067971405	5065.0	0.005857406055549762	1.1587351247378362e-05	0.012471174059688209	0.012055374718660689	10403.908935951362	0.020594199371965563	0.003281537873257552
ti|537011|org|Prevotella_copri_DSM_18205|accession|NZ_GG703859.1	0.006040340878441855	0.005282673433679795	4559.0	0.005276879758056106	5.793675623689181e-06	0.011751454819666054	0.011941965476217443	10306.035625630415	0.019741370320158515	0.0027473609807534094
ti|411479|org|Bacteroides_uniformis_ATCC_8492|accession|NZ_DS362234.1	0.005681910089873199	0.004572368802215502	3946.0	0.004572368802215502	0.0	0.0056803683695610535	0.004572368802215502	3946.0	0.004572368802215502	0.0
ti|411479|org|Bacteroides_uniformis_ATCC_8492|accession|NZ_DS362237.1	0.004838396258167291	0.003915365986489149	3379.0	0.003915365986489149	0.0	0.0048834508828487526	0.003958586806641838	3416.299999999972	0.003925794602611789	0.00018076267945910245
ti|411479|org|Bacteroides_uniformis_ATCC_8492|accession|NZ_DS362223.1	0.004776233937087841	0.003835413262882238	3310.0	0.003835413262882238	0.0	0.004837576881064933	0.0039310089106731096	3392.5	0.0040717952283287565	3.4762053742135087e-06
ti|411903|org|Collinsella_aerofaciens_ATCC_25986|accession|NZ_AAVN02000003.1	0.004512929350172414	0.0035549993626956813	3068.0	0.0035353008655751384	1.9698497120543217e-05	0.004494163540762061	0.0036100512363243915	3115.510317460313	0.00352371351432776	0.000487827487514629
ti|411479|org|Bacteroides_uniformis_ATCC_8492|accession|NZ_DS362236.1	0.004376744433178547	0.003524872249452498	3042.0	0.003524872249452498	0.0	0.004518614919332133	0.0036332139836154852	3135.5	0.003702158723537387	3.4762053742135087e-06
ti|411479|org|Bacteroides_uniformis_ATCC_8492|accession|NZ_DS362235.1	0.004166761264327129	0.0033916177101076463	2927.0	0.0033916177101076463	0.0	0.004159116379410658	0.003387562137171064	2923.5	0.0033916177101076463	0.0
ti|411479|org|Bacteroides_uniformis_ATCC_8492|accession|NZ_DS362233.1	0.0039491847656463195	0.003174934241781671	2740.0	0.003174934241781671	0.0	0.003949181655892578	0.0031760929769064088	2741.0	0.003177251712031147	0.0
ti|411479|org|Bacteroides_uniformis_ATCC_8492|accession|NZ_DS362232.1	0.0038428106378986704	0.0030833941669273822	2661.0	0.0030833941669273822	0.0	0.0038427460423118656	0.0030833941669273822	2661.0	0.0030833941669273822	0.0
ti|537011|org|Prevotella_copri_DSM_18205|accession|NZ_GG703860.1	0.003086249026373261	0.0033846652993592195	2921.0	0.0033580143914902494	2.665090786897023e-05	0.00889855250628458	0.009779401783358458	8439.721533056183	0.015003302395105503	0.004995307122744812
ti|411903|org|Collinsella_aerofaciens_ATCC_25986|accession|NZ_AAVN02000005.1	0.0029284280832142053	0.002311676573851983	1995.0	0.0023012479577293426	1.0428616122640526e-05	0.0030139067808052844	0.002411837729997423	2081.440079365076	0.0022838669308582753	0.000494779898263056
ti|411903|org|Collinsella_aerofaciens_ATCC_25986|accession|NZ_AAVN02000004.1	0.0028225378478142805	0.002278073255234586	1966.0	0.002278073255234586	0.0	0.0028541169968666204	0.0023303708338644237	2011.1333333333362	0.002276914520109848	0.00018076267945910245
ti|537011|org|Prevotella_copri_DSM_18205|accession|NZ_GG703861.1	0.0027740170727643993	0.0023951055028331074	2067.0	0.0023858356218352046	9.26988099790269e-06	0.008821458618299052	0.008970886548497604	7741.964800218917	0.014864254180136963	0.0021888506506297727
ti|411903|org|Collinsella_aerofaciens_ATCC_25986|accession|NZ_AAVN02000006.1	0.002737164139227555	0.002185374445255559	1886.0	0.002185374445255559	0.0	0.0027990741989979513	0.0022341732875504265	1928.1138888888936	0.0021320726295176186	0.0005897961784915586
ti|445970|org|Alistipes_putredinis_DSM_17216|accession|NZ_DS499581.1	0.002517593024195378	0.0024518835239452615	2116.0	0.0024518835239452615	0.0	0.0025176795109638802	0.0026343332665681213	2273.4559523809544	0.002544582333924288	0.00024912805181863477
ti|411903|org|Collinsella_aerofaciens_ATCC_25986|accession|NZ_AAVN02000007.1	0.0024587098684287537	0.0019965006199232915	1723.0	0.0019965006199232915	0.0	0.0023366733559119263	0.0018887745787492033	1630.03134920635	0.0016998644279904056	0.0007809874740733016
ti|411479|org|Bacteroides_uniformis_ATCC_8492|accession|NZ_DS362231.1	0.0021098243475101046	0.0017160867197367354	1481.0	0.0017160867197367354	0.0	0.0022443235723792927	0.0018342777024599848	1582.9999999999914	0.001733467746607803	0.0003626840940429427
ti|411903|org|Collinsella_aerofaciens_ATCC_25986|accession|NZ_AAVN02000008.1	0.0019598461044970515	0.0015480701266497492	1336.0	0.0015469113915250114	1.1587351247378362e-06	0.0021240009530777313	0.0017300159114564551	1493.0210317460353	0.0015921020613897869	0.0007103046314642935
ti|537011|org|Prevotella_copri_DSM_18205|accession|NZ_GG703862.1	0.0018390002859553967	0.00161180055851033	1391.0	0.0016083243531361167	3.4762053742135087e-06	0.007596559488138612	0.007495581164437815	6468.761500721479	0.012954658694569009	0.0015990544721382139
ti|537011|org|Prevotella_copri_DSM_18205|accession|NZ_GG703863.1	0.001730637274688722	0.001154100184238885	996.0	0.001154100184238885	0.0	0.007274794420118183	0.006991792033352826	6033.986442703822	0.012078654940267204	0.0014264029385522763
ti|411903|org|Collinsella_aerofaciens_ATCC_25986|accession|NZ_AAVN02000009.1	0.0014609816113348197	0.0011228143358709632	969.0	0.0011228143358709632	0.0	0.001661835180791754	0.0013284199285520215	1146.43968253968	0.0011228143358709632	0.0009663850940313553
ti|411479|org|Bacteroides_uniformis_ATCC_8492|accession|NZ_DS362229.1	0.0013908113382705416	0.0011575763896130983	999.0	0.0011575763896130983	0.0	0.0013908113389040273	0.0011575763896130983	999.0	0.0011575763896130983	0.0
ti|411903|org|Collinsella_aerofaciens_ATCC_25986|accession|NZ_AAVN02000010.1	0.001164267453500631	0.0009443691266613365	815.0	0.0009443691266613365	0.0	0.0011666618505073883	0.0009495834347226568	819.5	0.0009536390076592392	1.1587351247378362e-06
ti|411903|org|Collinsella_aerofaciens_ATCC_25986|accession|NZ_AAVN02000011.1	0.0011320089903835563	0.0009119245431686771	787.0	0.0009119245431686771	0.0	0.0011651746165756952	0.0009362579807881716	808.0	0.0009629088886571419	1.1587351247378362e-06
ti|1002367|org|Prevotella_stercorea_DSM_18206|accession|NZ_JH379375.1	0.0010579308336161517	0.0009026546621707744	779.0	0.0009026546621707744	0.0	0.0004012520312443329	0.00036336002286570636	313.58333333333326	0.00012282592322221064	0.0007392730095827395
ti|411479|org|Bacteroides_uniformis_ATCC_8492|accession|NZ_DS362228.1	0.0009383363068275948	0.0007554953013290691	652.0	0.0007554953013290691	0.0	0.0006596424255029235	0.0005542616346662646	478.33333333333303	0.0006755425777221585	9.96512207274539e-05
ti|411479|org|Bacteroides_uniformis_ATCC_8492|accession|NZ_DS362230.1	0.0008327308065791767	0.0006755425777221585	583.0	0.0006755425777221585	0.0	0.0007588660595492714	0.0006123915134239464	528.5	0.0006616377562253045	0.0
ti|537011|org|Prevotella_copri_DSM_18205|accession|NZ_GG703864.1	0.0008196887710647936	0.0006616377562253045	571.0	0.0006593202859758288	2.3174702494756723e-06	0.005705913031515103	0.006448688625862579	5565.2827710056645	0.009728740107298873	0.004287319961529994
ti|411479|org|Bacteroides_uniformis_ATCC_8492|accession|NZ_DS362225.1	0.0007418857630245672	0.0005840025028678694	504.0	0.0005840025028678694	0.0	0.0008157259731688031	0.0006488916698531883	560.0	0.0006975585450921774	0.0
ti|411903|org|Collinsella_aerofaciens_ATCC_25986|accession|NZ_AAVN02000012.1	0.0006968949711168221	0.0005480817140009965	473.0	0.0005480817140009965	0.0	0.000824286502275231	0.0006638678615248984	572.9246031746026	0.0005550341247494235	0.0005075259846351722
ti|411903|org|Collinsella_aerofaciens_ATCC_25986|accession|NZ_AAVN02000013.1	0.0006642409316238308	0.0005214308061320263	450.0	0.0005214308061320263	0.0	0.0007400159249488577	0.0005868910640002505	506.4928571428562	0.0005202720710072885	0.00023754070057125642
ti|1841857|org|Culturomica_massiliensis|accession|NZ_LT594621.1	0.0005721066426473442	0.00047276393089303715	408.0	0.00047276393089303715	0.0	0.0007793824637145239	0.0005342781776567742	461.08741009957265	0.0003290807754255455	0.0013406565393216765
ti|411903|org|Collinsella_aerofaciens_ATCC_25986|accession|NZ_AAVN02000015.1	0.0004789056737513529	0.0003870175316624373	334.0	0.0003870175316624373	0.0	0.0005175419354575756	0.000419310376031621	361.86904761904924	0.0003881762667871751	0.00016222291746329707
ti|411903|org|Collinsella_aerofaciens_ATCC_25986|accession|NZ_AAVN02000016.1	0.0004619516646163818	0.0003742714452903211	323.0	0.0003742714452903211	0.0	0.0005223485272559368	0.0004228095721821203	364.88888888889164	0.00038354132628822375	0.0002468105815691591
ti|411903|org|Collinsella_aerofaciens_ATCC_25986|accession|NZ_AAVN02000014.1	0.0004328016283495846	0.00035804915354399136	309.0	0.00035804915354399136	0.0	0.0005273788663260127	0.00043607341083616135	376.3357142857156	0.0003592078886687292	0.0003650015642924184
ti|537011|org|Prevotella_copri_DSM_18205|accession|NZ_GG703865.1	0.00038589665528672716	0.00032212836467711845	278.0	0.0003209696295523806	1.1587351247378362e-06	0.004323032264320898	0.004375351456414089	3775.972060399923	0.007158665600630352	0.0026338049385291017
ti|537011|org|Prevotella_copri_DSM_18205|accession|NZ_GG703873.1	0.0003728550403694261	0.00031517595392869147	272.0	0.00031517595392869147	0.0	0.0004415818647295309	0.0004335600591727398	374.1666666666662	0.0003986048829098156	0.00011819098272325929
ti|411903|org|Collinsella_aerofaciens_ATCC_25986|accession|NZ_AAVN02000017.1	0.00032878330585808964	0.00025723919769179965	222.0	0.00025723919769179965	0.0	0.0003493713819744592	0.0002769956315685791	239.04999999999944	0.00026071540306601314	7.99527236069107e-05
ti|226186|org|Bacteroides_thetaiotaomicron_VPI-5482|accession|NC_004663.1	0.0002746181162737855	0.0004449542878993291	384.0	0.0004449542878993291	0.0	0.0015887479260293293	0.0011575635983812138	998.9889610389713	0.00041482717465614533	0.0027774880939965933
ti|537011|org|Prevotella_copri_DSM_18205|accession|NZ_GG703866.1	0.00017548063913740275	0.0001506355662159187	130.0	0.0001506355662159187	0.0	0.0025349917649841614	0.003195794004060877	2758.0021834445774	0.004479669992236475	0.0020486437005364944
ti|537011|org|Prevotella_copri_DSM_18205|accession|NZ_GG703867.1	0.00012549062701213792	0.00010776236660061876	93.0	0.00010776236660061876	0.0	0.0018366016443632427	0.0021939616674034536	1893.4108585858544	0.0031158387504200413	0.001308211955829017
ti|411479|org|Bacteroides_uniformis_ATCC_8492|accession|NZ_DS362227.1	0.00012076308427309391	0.00010312742610166742	89.0	0.00010312742610166742	0.0	0.0001575976744181916	0.00013452914798206352	116.10000000000063	0.00010544489635114309	0.00016801659308698623
ti|411479|org|Bacteroides_uniformis_ATCC_8492|accession|NZ_DS362221.1	0.00011401181045286858	9.038133972955123e-05	78.0	9.038133972955123e-05	0.0	0.00025529801643241694	0.00019389501087279797	167.33333333333337	0.00024912805181863477	4.982561036372695e-05
ti|763034|org|Bacteroides_fluxus_YIT_12057|accession|NZ_GL882693.1	8.392138348698445e-05	8.574639923059987e-05	74.0	8.574639923059987e-05	0.0	0.00020500292802433796	0.00018346639475015742	158.33333333333334	8.690513435533771e-05	0.000289683781184459
ti|1841868|org|Provencibacterium_massiliense|accession|NZ_FWCH01000012.1	6.605366242027541e-05	0.0010637188445093335	918.0	0.0010625601093845957	1.1587351247378362e-06	1.5476723637284354e-05	2.0623507183490405e-05	17.798292934424055	1.1587351247378362e-06	0.00022942955469809157
ti|537011|org|Prevotella_copri_DSM_18205|accession|NZ_GG703868.1	4.974799570918223e-05	4.750814011425128e-05	41.0	4.750814011425128e-05	0.0	0.0014039363793124779	0.0015496903365611865	1337.3982573556696	0.0024426136429473587	0.0006245582322336937
ti|537011|org|Prevotella_copri_DSM_18205|accession|NZ_GG703875.1	4.527968042160283e-05	3.707952399161076e-05	32.0	3.707952399161076e-05	0.0	7.717143264720563e-05	0.00012199825527596923	105.2857142857142	5.793675623689181e-05	0.00017728647408488894
ti|411903|org|Collinsella_aerofaciens_ATCC_25986|accession|NZ_AAVN02000020.1	4.4688590682083246e-05	3.707952399161076e-05	32.0	3.707952399161076e-05	0.0	4.4688590682083246e-05	3.707952399161076e-05	32.0	3.707952399161076e-05	0.0
ti|411903|org|Collinsella_aerofaciens_ATCC_25986|accession|NZ_AAVN02000019.1	4.394584992348464e-05	3.707952399161076e-05	32.0	3.707952399161076e-05	0.0	4.8062503167882754e-05	4.163721548224624e-05	35.93333333333332	3.823825911634859e-05	1.3904821496854035e-05
ti|411903|org|Collinsella_aerofaciens_ATCC_25986|accession|NZ_AAVN02000018.1	4.117960572660257e-05	3.3603318617397246e-05	29.0	3.3603318617397246e-05	0.0	4.636366381715954e-05	3.9396994241086433e-05	34.0	3.592078886687292e-05	6.952410748427017e-06
ti|411483|org|Faecalibacterium_prausnitzii_A2-165|accession|NZ_GG697154.2	3.770530119467689e-05	0.008448337794463563	7291.0	0.008448337794463563	0.0	1.8920073945789716e-05	0.005566882826511635	4804.275548107806	0.005808739180310773	0.00029663619193288606
ti|411903|org|Collinsella_aerofaciens_ATCC_25986|accession|NZ_AAVN02000021.1	3.3289212844536896e-05	3.012711324318374e-05	26.0	3.012711324318374e-05	0.0	3.338605436432003e-05	3.012711324318374e-05	26.0	3.012711324318374e-05	0.0
ti|411483|org|Faecalibacterium_prausnitzii_A2-165|accession|NZ_GG697149.2	2.6363247219411736e-05	0.017583805517896664	15175.0	0.017582646782771928	1.1587351247378362e-06	1.690724189196775e-05	0.013722201883295282	11842.397447302661	0.013538661197436878	0.002286184401107751
ti|411479|org|Bacteroides_uniformis_ATCC_8492|accession|NZ_DS362218.1	2.5188410400513873e-05	1.9698497120543217e-05	17.0	1.9698497120543217e-05	0.0	0.00016963934697319529	0.00014406940050907085	124.33333333333323	0.00011819098272325929	0.00011819098272325929
ti|537011|org|Prevotella_copri_DSM_18205|accession|NZ_GG703869.1	1.9664936558295344e-05	1.506355662159187e-05	13.0	1.506355662159187e-05	0.0	0.0011103848911866287	0.0014003897948174407	1208.5503968253995	0.001984913268675913	0.0010069408233971797
ti|445970|org|Alistipes_putredinis_DSM_17216|accession|NZ_DS499580.1	1.6525583552522207e-05	8.690513435533771e-05	75.0	8.690513435533771e-05	0.0	0.0045872206383404035	0.0056431760583653704	4870.1173701298985	0.008027716944183728	0.0032641568463864846
ti|295405|org|Bacteroides_fragilis_YCH46|accession|NC_006347.1	1.4305216514534289e-05	0.00014136568521801602	122.0	0.00014136568521801602	0.0	0.00037803135275013875	0.00041859923794098015	361.25532833544526	0.00015411177159013222	0.0018076267945910244
ti|246787|org|Bacteroides_cellulosilyticus|accession|NZ_CP012801.1	9.922934903008422e-06	0.00018887382533226728	163.0	0.00018887382533226728	0.0	8.765889372532645e-05	0.0002109037808885445	182.0120719446228	0.0001761277389601511	0.0003870175316624373
ti|411483|org|Faecalibacterium_prausnitzii_A2-165|accession|NZ_GG697151.2	8.940877109487763e-06	0.01214470284237726	10481.0	0.012143544107252524	1.1587351247378362e-06	4.897658881188498e-06	0.010799585632640862	9320.150396825391	0.011587351247378362	0.00017728647408488894
ti|999419|org|Parabacteroides_johnsonii_CL02T12C29|accession|NZ_JH976467.1	6.772887289793138e-06	0.0003754301804150589	324.0	0.0003754301804150589	0.0	5.744829917043751e-06	0.0003040709909691726	262.41630591630565	0.00029895366218236175	7.99527236069107e-05
ti|484018|org|Bacteroides_plebeius_DSM_17135|accession|NZ_DS990127.1	6.045532571028093e-06	8.111145873164853e-06	7.0	8.111145873164853e-06	0.0	4.7362918543401224e-05	8.949634672736523e-05	77.23624218918347	8.111145873164853e-06	0.00032792204030080764
ti|411483|org|Faecalibacterium_prausnitzii_A2-165|accession|NZ_GG697159.2	5.3383237916705365e-06	0.0009281468349150067	801.0	0.0009281468349150067	0.0	4.571886204152835e-06	0.0008696996834445995	750.5595238095237	0.000989559796526112	1.0428616122640526e-05
ti|1499680|org|Bacillus_rubiinfantis|accession|NZ_CCFE01000031.1	4.99661677109263e-06	1.0428616122640526e-05	9.0	1.0428616122640526e-05	0.0	1.7796248230572974e-06	3.4762053742135087e-06	3.0	0.0	9.26988099790269e-06
ti|411903|org|Collinsella_aerofaciens_ATCC_25986|accession|NZ_AAVN02000024.1	4.492113469741595e-06	6.952410748427017e-06	6.0	6.952410748427017e-06	0.0	1.3631426296109604e-05	1.4310378790512276e-05	12.35	1.1587351247378362e-05	1.0428616122640526e-05
ti|1410653|org|Clostridium_lundense_DSM_17049|accession|NZ_JHVC01000015.1	3.879700232175058e-06	1.2746086372116198e-05	11.0	1.2746086372116198e-05	0.0	3.7690837942851544e-06	1.1857722776483858e-05	10.233333333333334	1.1587351247378362e-06	2.3174702494756724e-05
ti|537011|org|Prevotella_copri_DSM_18205|accession|NZ_GG703872.1	3.3326835979917896e-06	2.3174702494756723e-06	2.0	2.3174702494756723e-06	0.0	0.0005925707514015825	0.0005895837437186899	508.8166666666666	0.001018528174644558	0.00011007983685009443
ti|1121101|org|Bacteroides_salyersiae_WAL_10018_=_DSM_18765_=_JCM_12988|accession|NZ_KB905467.1	3.12189964953647e-06	5.909549136162964e-05	51.0	5.909549136162964e-05	0.0	9.197090019583664e-06	6.141296161110532e-05	53.0	6.373043186058099e-05	2.3174702494756723e-06
ti|763034|org|Bacteroides_fluxus_YIT_12057|accession|NZ_GL882607.1	3.0236644015086995e-06	4.866687523898912e-05	42.0	4.866687523898912e-05	0.0	5.672551696086954e-06	4.055572936582427e-05	35.0	4.055572936582427e-05	0.0
ti|411479|org|Bacteroides_uniformis_ATCC_8492|accession|NZ_DS362224.1	2.986572186202715e-06	2.3174702494756723e-06	2.0	2.3174702494756723e-06	0.0	0.00022221282350578177	0.0001711065534196204	147.6666666666666	0.00024449311131968343	0.00011123857197483228
ti|537011|org|Prevotella_copri_DSM_18205|accession|NZ_GG703871.1	2.718109726035232e-06	6.952410748427017e-06	6.0	6.952410748427017e-06	0.0	0.0004015546366439985	0.0006407667295142525	552.9880952380951	0.0007705588579506611	0.000629193172732645
ti|445970|org|Alistipes_putredinis_DSM_17216|accession|NZ_DS499570.1	2.044437828956827e-06	2.3174702494756723e-06	2.0	2.3174702494756723e-06	0.0	8.329634720356445e-06	1.313233141369548e-05	11.333333333333336	1.3904821496854035e-05	1.1587351247378362e-05
ti|484018|org|Bacteroides_plebeius_DSM_17135|accession|NZ_DS990132.1	1.9847635592570153e-06	2.3174702494756723e-06	2.0	2.3174702494756723e-06	0.0	0.00016357596040761878	0.00013634449967748526	117.66666666666656	7.300031285848368e-05	0.00029663619193288606
ti|537011|org|Prevotella_copri_DSM_18205|accession|NZ_GG703874.1	1.8197818939325475e-06	1.1587351247378362e-06	1.0	1.1587351247378362e-06	0.0	0.0002646430031985348	0.00025788244424181436	222.55512820512823	0.0004484304932735426	6.257169673584315e-05
ti|411903|org|Collinsella_aerofaciens_ATCC_25986|accession|NZ_AAVN02000025.1	1.6824316445186205e-06	2.3174702494756723e-06	2.0	2.3174702494756723e-06	0.0	2.566302794369796e-05	2.111242986203878e-05	18.220238095238088	8.111145873164853e-06	6.604790211005666e-05
ti|411483|org|Faecalibacterium_prausnitzii_A2-165|accession|NZ_GG697150.2	1.453177808225646e-06	0.013888599205107705	11986.0	0.013886281734858228	2.3174702494756723e-06	1.7768403158679055e-05	0.012939030191872019	11166.51244588747	0.01381559889224922	0.00036963650479136974
ti|1121101|org|Bacteroides_salyersiae_WAL_10018_=_DSM_18765_=_JCM_12988|accession|NZ_KB905466.1	1.3595922704206605e-06	7.99527236069107e-05	69.0	7.99527236069107e-05	0.0	4.93919074949251e-06	8.072521369006927e-05	69.66666666666669	7.415904798322151e-05	2.5492172744232397e-05
ti|1121094|org|Bacteroides_barnesiae_DSM_18169_=_JCM_13652|accession|NZ_KB894650.1	1.3432654982466618e-06	4.982561036372695e-05	43.0	4.982561036372695e-05	0.0	2.869666821845043e-06	0.00011471477734904578	99.0	0.0001216671880974728	0.0
ti|411483|org|Faecalibacterium_prausnitzii_A2-165|accession|NZ_GG697153.2	1.2131153813841187e-06	0.004147113011436715	3579.0	0.004145954276311978	1.1587351247378362e-06	1.1815458758299001e-05	0.004056999708788228	3501.2313186813285	0.004280367550781567	0.00023754070057125642
ti|411483|org|Faecalibacterium_prausnitzii_A2-165|accession|NZ_GG697152.2	7.605883398575238e-07	0.009480770790604975	8182.0	0.009479612055480239	1.1587351247378362e-06	1.771287444047571e-05	0.007931533652151011	6844.9928571428445	0.008435591708091448	0.00027462022456286716
ti|411903|org|Collinsella_aerofaciens_ATCC_25986|accession|NZ_AAVN02000023.1	7.481301512562231e-07	1.1587351247378362e-06	1.0	1.1587351247378362e-06	0.0	1.3140544133325655e-05	1.1511481685639575e-05	9.93452380952381	2.3174702494756723e-06	6.141296161110532e-05
ti|999419|org|Parabacteroides_johnsonii_CL02T12C29|accession|NZ_JH976465.1	4.98083585260438e-07	4.982561036372695e-05	43.0	4.982561036372695e-05	0.0	6.143778063052771e-07	6.813964473783017e-05	58.80519480519482	5.214308061320263e-05	8.227019385638637e-05
ti|28116|org|Bacteroides_ovatus|accession|NZ_CP012938.1	4.842157969653978e-07	1.1587351247378362e-05	10.0	1.1587351247378362e-05	0.0	0.0004375655120699501	0.0003810307335179574	328.8333333333324	2.665090786897023e-05	0.0010382266717651012
ti|411483|org|Faecalibacterium_prausnitzii_A2-165|accession|NZ_GG697156.2	2.629055391193925e-07	0.003672031610294203	3169.0	0.003670872875169465	1.1587351247378362e-06	1.6599381656123952e-05	0.004428395962966826	3821.7500000000005	0.004729956779179847	0.00010080995585219175
ti|40520|org|Blautia_obeum|accession|NZ_CYZA01000015.1	2.1741488199591173e-07	0.0004009223531592913	346.0	0.0004009223531592913	0.0	1.9253169913270775e-06	0.0004391606122756398	378.99999999999994	0.0004704464606435615	1.506355662159187e-05
ti|717959|org|Alistipes_shahii_WAL_8301|accession|NC_021030.1	1.3617528528399979e-07	0.00011355604222430795	98.0	0.00011355604222430795	0.0	0.000155945395897413	0.0004061940225591545	350.54950340877593	0.00021900093857545104	0.0013418152744464143
ti|1236513|org|Bacteroides_faecichinchillae_JCM_17102|accession|NZ_BAKK01000002.1	6.140572208604295e-08	9.26988099790269e-05	80.0	9.26988099790269e-05	0.0	6.144044351534593e-08	8.806386948007554e-05	76.0	8.806386948007554e-05	0.0
ti|1236513|org|Bacteroides_faecichinchillae_JCM_17102|accession|NZ_BAKK01000044.1	4.286533925525414e-08	1.1587351247378362e-05	10.0	1.1587351247378362e-05	0.0	4.286535796502701e-08	1.506355662159187e-05	13.0	1.506355662159187e-05	0.0
ti|1236513|org|Bacteroides_faecichinchillae_JCM_17102|accession|NZ_BAKK01000003.1	3.7363616635700066e-08	2.085723224528105e-05	18.0	2.085723224528105e-05	0.0	4.057623782313593e-08	2.085723224528105e-05	18.0	2.085723224528105e-05	0.0
ti|999419|org|Parabacteroides_johnsonii_CL02T12C29|accession|NZ_JH976466.1	3.531642849836801e-08	9.733375047797824e-05	84.0	9.733375047797824e-05	0.0	2.1700324791670195e-05	0.00010196869097692959	88.0	0.00010196869097692959	6.952410748427017e-06
ti|745368|org|Gemmiger_formicilis|accession|NZ_FUYF01000006.1	2.6858256576988544e-08	0.000975654975029258	842.0	0.000975654975029258	0.0	1.35688838330394e-06	0.0007690828519389605	663.7261920518423	0.0007647651823269719	0.0005608278003731127
ti|997884|org|Bacteroides_nordii_CL02T12C05|accession|NZ_JH724314.1	1.671282848673271e-08	2.8968378118445904e-05	25.0	2.8968378118445904e-05	0.0	0.00015832670555716266	0.00010039837059349508	86.6447978058922	2.085723224528105e-05	0.0002213184088249267
ti|1550024|org|Ruthenibacterium_lactatiformans|accession|NZ_JXXK01000008.1	1.5313158291939848e-08	0.00028273137043603204	244.0	0.00028273137043603204	0.0	7.722512951849422e-09	0.0002891044136220901	249.5	0.00031633468905342926	1.1587351247378362e-06
ti|411483|org|Faecalibacterium_prausnitzii_A2-165|accession|NZ_GG697155.2	5.7578608356141046e-09	0.003897984959618081	3364.0	0.003897984959618081	0.0	1.0798369821388017e-07	0.005595763664383956	4829.199999999998	0.0056071192686063896	0.0008099558521917475
ti|622312|org|Roseburia_inulinivorans_DSM_16841|accession|NZ_ACFY01000061.1	3.299488169827437e-09	0.00011819098272325929	102.0	0.00011819098272325929	0.0	6.345461743672962e-07	0.00013267517178248224	114.5	0.0001448418905922295	1.1587351247378362e-06
ti|1121129|org|Butyricimonas_synergistica_DSM_23225|accession|NZ_KB903359.1	1.2168105863429615e-09	4.055572936582427e-05	35.0	4.055572936582427e-05	0.0	8.37044933133204e-09	3.9396994241086433e-05	34.0	3.9396994241086433e-05	0.0
ti|1871016|org|Collinsella_phocaeensis|accession|NZ_FQLR01000004.1	6.104651046692851e-10	1.1587351247378362e-06	1.0	1.1587351247378362e-06	0.0	2.5843620610202925e-06	4.023385849784153e-07	0.3472222222222222	0.0	3.4762053742135087e-06
ti|1203606|org|Butyricicoccus_pullicaecorum_1.2|accession|NZ_KB976103.1	2.2457757658241783e-10	0.0017126105143625218	1478.0	0.0017126105143625218	0.0	7.643710814833709e-08	0.0005825090888499123	502.71116876836277	0.00045306543377249394	0.0007833049443227773
ti|1349822|org|Coprobacter_fastidiosus_NSB1|accession|NZ_KI440780.1	2.0907499362404975e-10	9.26988099790269e-06	8.0	9.26988099790269e-06	0.0	3.834956678952891e-10	1.1587351247378362e-05	10.0	1.1587351247378362e-05	0.0
ti|44008|org|Enterococcus_cecorum|accession|NZ_CP010064.1	1.2885215152164657e-10	1.1587351247378362e-06	1.0	1.1587351247378362e-06	0.0	1.0652555912634496e-07	3.4762053742135087e-06	3.0	2.3174702494756723e-06	5.793675623689181e-06
ti|947969|org|Cellulomonas_carbonis_T26|accession|NZ_AXCY01000293.1	7.930110481221798e-11	3.4762053742135087e-06	3.0	3.4762053742135087e-06	0.0	1.6534329875323484e-08	6.08335940487364e-06	5.25	4.634940498951345e-06	2.3174702494756723e-06
ti|745368|org|Gemmiger_formicilis|accession|NZ_FUYF01000012.1	6.084186061439903e-11	0.0004426368176498534	382.0	0.0004426368176498534	0.0	1.7102668119346824e-05	0.0018747240832531675	1617.905631088316	0.0014994032514107601	0.0013893234145606656
ti|449673|org|Bacteroides_stercoris_ATCC_43183|accession|NZ_DS499676.1	4.258123907914715e-11	3.4762053742135087e-06	3.0	3.4762053742135087e-06	0.0	0.0025754247918058164	0.0018951816482840839	1635.5607142856472	0.00018308014970857812	0.0051111806352185955
ti|796942|org|Stomatobaculum_longum|accession|NZ_JH590861.1	3.0979563870253166e-11	0.00022247714394966456	192.0	0.00022247714394966456	0.0	2.2110175931754467e-07	0.00027326836691733973	235.83333333333334	0.00031285848367921577	2.3174702494756723e-06
ti|40518|org|Ruminococcus_bromii|accession|NZ_FMUV01000051.1	1.3966455392060774e-11	3.244458349265941e-05	28.0	3.244458349265941e-05	0.0	6.983227764332679e-12	3.128584836792158e-05	27.0	3.244458349265941e-05	0.0
ti|470145|org|Bacteroides_coprocola_DSM_17136|accession|NZ_DS981511.1	6.336642993498864e-12	5.793675623689181e-06	5.0	5.793675623689181e-06	0.0	6.931618966954673e-12	6.952410748427017e-06	6.0	6.952410748427017e-06	0.0
ti|763034|org|Bacteroides_fluxus_YIT_12057|accession|NZ_GL882608.1	5.1368831602175425e-12	2.3174702494756723e-06	2.0	2.3174702494756723e-06	0.0	5.1368831602175425e-12	2.3174702494756723e-06	2.0	2.3174702494756723e-06	0.0
ti|667015|org|Bacteroides_salanitronis_DSM_18170|accession|NC_015164.1	4.409838409785175e-12	0.0001309370690953755	113.0	0.0001309370690953755	0.0	1.4513581629784296e-05	5.373615857635933e-05	46.374842212983864	3.9396994241086433e-05	0.0002213184088249267
ti|547042|org|Bacteroides_coprophilus_DSM_18228_=_JCM_13818|accession|NZ_EQ973646.1	3.6807261609468416e-12	1.1587351247378362e-06	1.0	1.1587351247378362e-06	0.0	0.0003327239673669759	0.0002666056399500993	230.0833333333352	3.476205374213509e-05	0.0007207332475869341
ti|411483|org|Faecalibacterium_prausnitzii_A2-165|accession|NZ_GG697158.2	2.652306032310536e-12	0.0010590839040103823	914.0	0.0010590839040103823	0.0	2.2139188767518037e-09	0.0013335110060524603	1150.8333333333337	0.0013487676851948413	0.00025492172744232396
ti|880526|org|Rikenella_microfusus_DSM_15922|accession|NZ_KE386488.1	2.152573255866951e-12	2.665090786897023e-05	23.0	2.665090786897023e-05	0.0	2.8730352358436432e-05	5.7140589675267604e-05	49.312900295652696	2.780964299370807e-05	0.0006094946756121019
ti|428125|org|[Clostridium]_leptum_DSM_753|accession|NZ_DS480350.1	1.0842492421564395e-12	9.96512207274539e-05	86.0	9.96512207274539e-05	0.0	1.7781589370552787e-05	0.00017980738674161468	155.17557283188088	0.00012630212859642416	0.00033023951055028333
ti|40518|org|Ruminococcus_bromii|accession|NZ_FMUV01000042.1	5.415030278285088e-13	0.0004426368176498534	382.0	0.0004426368176498534	0.0	2.7099555791923136e-13	0.0004397399798380088	379.5	0.00044147808252511557	0.0
ti|1550024|org|Ruthenibacterium_lactatiformans|accession|NZ_JXXK01000016.1	2.55749546325614e-13	0.00020625485220333484	178.0	0.00020625485220333484	0.0	4.1867015747113185e-05	0.0007389270868257206	637.7014652014651	0.0003070648080555266	0.0008609401976802123
ti|763034|org|Bacteroides_fluxus_YIT_12057|accession|NZ_GL882646.1	1.6235149535144215e-13	8.111145873164853e-06	7.0	8.111145873164853e-06	0.0	3.212252186492282e-09	1.9698497120543217e-05	17.0	1.7381026871067544e-05	2.3174702494756723e-06
ti|745368|org|Gemmiger_formicilis|accession|NZ_FUYF01000007.1	1.3131132490430055e-13	0.00020857232245281051	180.0	0.00020857232245281051	0.0	3.7948956148997205e-07	0.0008914535559649754	769.3333333333334	0.0009061308675449879	3.244458349265941e-05
ti|411474|org|Coprococcus_eutactus_ATCC_27759|accession|NZ_DS483527.1	1.1749794491682098e-13	0.00037311271016558323	322.0	0.00037311271016558323	0.0	1.338932802040144e-09	0.0003424062293600306	295.5	0.00034414433204713735	0.0
ti|1033732|org|Alistipes_senegalensis_JC50|accession|NZ_HE978647.1	1.0813963342627224e-13	1.2746086372116198e-05	11.0	1.2746086372116198e-05	0.0	1.3561568620557852e-11	1.8346639475015743e-05	15.833333333333336	1.6222291746329706e-05	5.793675623689181e-06
ti|1121094|org|Bacteroides_barnesiae_DSM_18169_=_JCM_13652|accession|NZ_KB894664.1	8.424908309691365e-14	8.111145873164853e-06	7.0	8.111145873164853e-06	0.0	1.3033620076184511e-12	1.1587351247378362e-05	10.0	1.1587351247378362e-05	0.0
ti|709991|org|Odoribacter_splanchnicus_DSM_20712|accession|NC_015160.1	3.225318978428014e-14	1.506355662159187e-05	13.0	1.506355662159187e-05	0.0	0.0001463191746295634	0.00015323820569414524	132.24610389610427	3.128584836792158e-05	0.0007972097658196312
ti|1445607|org|Bacteroides_reticulotermitis_JCM_10512|accession|NZ_BAIV01000014.1	2.08414546392453e-14	1.1587351247378362e-05	10.0	1.1587351247378362e-05	0.0	5.45320643371522e-06	2.085723224528105e-05	18.0	1.7381026871067544e-05	5.793675623689181e-06
ti|40518|org|Ruminococcus_bromii|accession|NZ_FMUV01000002.1	1.695862233902603e-14	0.00017381026871067542	150.0	0.00017381026871067542	0.0	2.5730132058389347e-13	0.00017149279846119975	148.0	0.00017496900383541327	0.0
ti|1236513|org|Bacteroides_faecichinchillae_JCM_17102|accession|NZ_BAKK01000078.1	1.0650043160480048e-14	4.634940498951345e-06	4.0	4.634940498951345e-06	0.0	3.522554049340211e-14	1.2746086372116198e-05	11.0	1.2746086372116198e-05	0.0
ti|1121129|org|Butyricimonas_synergistica_DSM_23225|accession|NZ_KB903370.1	1.8191037827958122e-15	4.634940498951345e-06	4.0	4.634940498951345e-06	0.0	1.9246993740542264e-15	5.793675623689181e-06	5.0	5.793675623689181e-06	0.0
ti|40518|org|Ruminococcus_bromii|accession|NZ_FMUV01000043.1	1.3814089291126016e-15	0.00018887382533226728	163.0	0.00018887382533226728	0.0	6.9824174514316996e-12	0.0001853976199580538	160.0	0.00018887382533226728	0.0
ti|449673|org|Bacteroides_stercoris_ATCC_43183|accession|NZ_DS499662.1	1.303621223784263e-15	1.9698497120543217e-05	17.0	1.9698497120543217e-05	0.0	0.000532303117404966	0.0006118747643758863	528.0540404040336	8.690513435533771e-05	0.0020891994299023185
ti|1236513|org|Bacteroides_faecichinchillae_JCM_17102|accession|NZ_BAKK01000016.1	9.339590233843242e-16	1.1587351247378362e-05	10.0	1.1587351247378362e-05	0.0	2.80723315662744e-09	1.1587351247378362e-05	10.0	1.1587351247378362e-05	0.0
ti|449673|org|Bacteroides_stercoris_ATCC_43183|accession|NZ_DS499672.1	8.847341843586306e-16	1.1587351247378362e-06	1.0	1.1587351247378362e-06	0.0	7.133537465110439e-05	4.342199346631768e-05	37.47361458136682	5.793675623689181e-06	0.0006280344376079072
ti|40518|org|Ruminococcus_bromii|accession|NZ_FMUV01000004.1	7.122815298611805e-16	0.0001251433934716863	108.0	0.0001251433934716863	0.0	3.5840303286801255e-16	0.00012398465834694846	107.0	0.0001251433934716863	0.0
ti|742817|org|Odoribacter_laneus_YIT_12061|accession|NZ_JH594596.1	6.779880659519655e-16	6.952410748427017e-06	6.0	6.952410748427017e-06	0.0	1.6646256604699654e-12	8.111145873164853e-06	7.0	8.111145873164853e-06	0.0
ti|411467|org|Pseudoflavonifractor_capillosus_ATCC_29799|accession|NZ_AAXG02000024.1	5.672742079850119e-16	6.141296161110532e-05	53.0	6.141296161110532e-05	0.0	5.48553714299861e-10	0.00010370679366403633	89.5	0.00010312742610166742	2.085723224528105e-05
ti|411483|org|Faecalibacterium_prausnitzii_A2-165|accession|NZ_GG697157.2	5.192303805981699e-16	0.0006094946756121019	526.0	0.0006094946756121019	0.0	5.194623765758591e-10	0.0012027330331289736	1037.9706349206356	0.0011992908541036604	0.00014020695009327817
ti|762982|org|Paraprevotella_xylaniphila_YIT_11841|accession|NZ_GL883849.1	3.8694990187115265e-16	4.634940498951345e-06	4.0	4.634940498951345e-06	0.0	3.8694990187115265e-16	4.634940498951345e-06	4.0	4.634940498951345e-06	0.0
ti|40518|org|Ruminococcus_bromii|accession|NZ_FMUV01000001.1	3.5059711355907736e-16	0.00011239730709957011	97.0	0.00011239730709957011	0.0	1.8717030198956576e-16	0.00010834173416298769	93.5	0.00011123857197483228	0.0
ti|547042|org|Bacteroides_coprophilus_DSM_18228_=_JCM_13818|accession|NZ_EQ973635.1	3.3739263606790774e-16	6.952410748427017e-06	6.0	6.952410748427017e-06	0.0	2.6170637738775104e-05	1.5836046704750414e-05	13.666666666666654	4.634940498951345e-06	6.952410748427018e-05
ti|679935|org|Alistipes_finegoldii_DSM_17242|accession|NC_018011.1	2.7426905799516704e-16	4.634940498951345e-06	4.0	4.634940498951345e-06	0.0	0.0001373139589560246	0.0004107262645679161	354.4608735847573	0.0003313982456750211	0.0012977833397063766
ti|1037355|org|Parabacteroides_chartae|accession|NZ_FUYQ01000013.1	2.464735744948951e-16	9.26988099790269e-06	8.0	9.26988099790269e-06	0.0	2.464735744948951e-16	9.26988099790269e-06	8.0	9.26988099790269e-06	0.0
ti|537013|org|[Clostridium]_methylpentosum_DSM_5476|accession|NZ_EQ973339.1	2.436033885627868e-16	0.0007612889769527583	657.0	0.0007612889769527583	0.0	3.5241828077613736e-10	0.0005287115251657957	456.2833333333333	0.00047508140114251284	0.00013209580422011332
ti|762982|org|Paraprevotella_xylaniphila_YIT_11841|accession|NZ_GL883832.1	1.0714425800723963e-16	1.1587351247378362e-06	1.0	1.1587351247378362e-06	0.0	1.0714425800723963e-16	1.1587351247378362e-06	1.0	1.1587351247378362e-06	0.0
ti|40518|org|Ruminococcus_bromii|accession|NZ_FMUV01000015.1	8.579441500754704e-17	4.055572936582427e-05	35.0	4.055572936582427e-05	0.0	1.5446110324778416e-15	4.403193474003777e-05	38.0	4.5190669864775614e-05	0.0
ti|745368|org|Gemmiger_formicilis|accession|NZ_FUYF01000003.1	8.57944148941652e-17	4.055572936582427e-05	35.0	4.055572936582427e-05	0.0	1.4592062304168754e-13	0.00010445997149511593	90.15	9.96512207274539e-05	1.6222291746329706e-05
ti|40518|org|Ruminococcus_bromii|accession|NZ_FMUV01000029.1	6.386767042374567e-17	0.00021900093857545104	189.0	0.00021900093857545104	0.0	3.802112150759152e-16	0.00021958030613781996	189.5	0.00021900093857545104	3.4762053742135087e-06
ti|40518|org|Ruminococcus_bromii|accession|NZ_FMUV01000024.1	4.289720778035827e-17	2.665090786897023e-05	23.0	2.665090786897023e-05	0.0	4.289720744708278e-17	2.4912805181863476e-05	21.5	2.5492172744232397e-05	0.0
ti|40518|org|Ruminococcus_bromii|accession|NZ_FMUV01000044.1	4.2897207113807013e-17	9.26988099790269e-06	8.0	9.26988099790269e-06	0.0	4.289720744708248e-17	9.849248560271608e-06	8.5	1.0428616122640526e-05	0.0
ti|1841865|org|Mediterranea_massiliensis|accession|NZ_LT635837.1	2.855687691622826e-17	4.634940498951345e-06	4.0	4.634940498951345e-06	0.0	1.3521889405306692e-06	5.487810516141594e-05	47.36035353535357	2.3174702494756723e-06	0.00023638196544651857
ti|1118061|org|Alistipes_communis|accession|NZ_HE978577.1	2.0236936321700554e-17	5.793675623689181e-06	5.0	5.793675623689181e-06	0.0	2.351282934717915e-17	8.304268393954492e-06	7.166666666666666	5.793675623689181e-06	5.793675623689181e-06
ti|763034|org|Bacteroides_fluxus_YIT_12057|accession|NZ_GL882691.1	1.6204471833231454e-17	2.3174702494756723e-06	2.0	2.3174702494756723e-06	0.0	3.725975306153891e-06	5.793675623689181e-06	5.0	4.634940498951345e-06	1.1587351247378362e-06
ti|762982|org|Paraprevotella_xylaniphila_YIT_11841|accession|NZ_GL883870.1	1.2717682846951984e-17	4.634940498951345e-06	4.0	4.634940498951345e-06	0.0	4.973362190796587e-05	3.862450415792786e-05	33.33333333333332	1.0428616122640526e-05	7.300031285848368e-05
ti|40518|org|Ruminococcus_bromii|accession|NZ_FMUV01000020.1	1.1619884023493809e-17	0.00010544489635114309	91.0	0.00010544489635114309	0.0	6.683332560902998e-14	0.00010138932341456066	87.5	0.00010428616122640526	0.0
ti|745368|org|Gemmiger_formicilis|accession|NZ_FUYF01000018.1	1.161101143982128e-17	8.111145873164853e-06	7.0	8.111145873164853e-06	0.0	8.847770864416093e-11	1.4484189059222952e-05	12.5	1.2746086372116198e-05	4.634940498951345e-06
ti|1236498|org|Bacteroides_paurosaccharolyticus_JCM_15092|accession|NZ_BAJR01000054.1	9.605850898547167e-18	2.3174702494756723e-06	2.0	2.3174702494756723e-06	0.0	1.267369755145907e-05	1.6336018065941437e-05	14.09814695108812	3.4762053742135087e-06	5.793675623689181e-05
ti|1033732|org|Alistipes_senegalensis_JC50|accession|NZ_HE978648.1	3.4203117013920726e-18	3.4762053742135087e-06	3.0	3.4762053742135087e-06	0.0	1.6409585852464046e-05	2.5144823915985312e-05	21.700234487734484	4.634940498951345e-06	7.300031285848368e-05
ti|1650663|org|Fournierella_massiliensis|accession|NZ_LN908964.1	2.7387715725453934e-18	0.00041482717465614533	358.0	0.00041482717465614533	0.0	3.3888354363239578e-06	0.0006046694054693677	521.835743614119	0.00029084251630919687	0.0010671950498835471
ti|40518|org|Ruminococcus_bromii|accession|NZ_FMUV01000031.1	1.9624155386620054e-18	3.012711324318374e-05	26.0	3.012711324318374e-05	0.0	1.9624155386620054e-18	3.012711324318374e-05	26.0	3.012711324318374e-05	0.0
ti|547042|org|Bacteroides_coprophilus_DSM_18228_=_JCM_13818|accession|NZ_EQ973639.1	1.4061321778078186e-18	2.3174702494756723e-06	2.0	2.3174702494756723e-06	0.0	1.4061321778078186e-18	2.3174702494756723e-06	2.0	2.3174702494756723e-06	0.0
ti|39482|org|Faecalicatena_contorta|accession|NZ_CYZU01000001.1	1.1968590773363244e-25	0.00045885910939618313	396.0	0.00045885910939618313	0.0	1.943197626925932e-05	0.0007703117513186345	664.7867445054948	0.0006906061343437504	0.00028273137043603204
ti|411471|org|Subdoligranulum_variabile_DSM_15176|accession|NZ_GG704769.1	2.919813440127946e-26	0.0003870175316624373	334.0	0.0003870175316624373	0.0	9.040918677101273e-07	0.0006518342191482038	562.5394494670913	0.000346461802296613	0.0011401953627420307
ti|40520|org|Blautia_obeum|accession|NZ_CYZA01000001.1	2.428171335800859e-26	0.0001599054472138214	138.0	0.00015758797696434573	2.3174702494756723e-06	4.108460682599602e-06	0.00017223769961281692	148.64285714285714	0.00016222291746329707	1.7381026871067544e-05
ti|476272|org|Blautia_hydrogenotrophica_DSM_10507|accession|NZ_GG657680.1	1.0289116080117647e-26	0.00016801659308698623	145.0	0.00016801659308698623	0.0	7.656612749902606e-09	0.00022218746016848008	191.75	0.00018192141458384028	5.44605508626783e-05
ti|1150298|org|Fusicatenibacter_saccharivorans|accession|NZ_CYYV01000010.1	7.583137529140702e-27	0.00010196869097692959	88.0	0.00010196869097692959	0.0	1.264649220590374e-07	6.965101656936048e-05	60.109523809523786	6.604790211005666e-05	3.012711324318374e-05
ti|1211819|org|Holdemania_massiliensis_AP2|accession|NZ_HE998569.1	6.731561308617729e-27	0.0002213184088249267	191.0	0.0002213184088249267	0.0	9.016134864085046e-08	0.0005010950046928773	432.45	0.00045885910939618313	0.00011934971784799712
ti|622312|org|Roseburia_inulinivorans_DSM_16841|accession|NZ_ACFY01000080.1	4.047538881268195e-27	3.592078886687292e-05	31.0	3.592078886687292e-05	0.0	1.1243585864383604e-06	5.121609251341236e-05	44.2	5.909549136162964e-05	3.4762053742135087e-06
ti|585394|org|Roseburia_hominis_A2-183|accession|NC_015977.1	3.8655165021782456e-27	0.00014947683109118088	129.0	0.00014947683109118088	0.0	2.6557564265463608e-05	0.0007176375102675557	619.3283477360033	0.00023290576007230508	0.0012247830268478927
ti|470146|org|Coprococcus_comes_ATCC_27758|accession|NZ_GG662007.1	3.230281127257326e-27	3.592078886687292e-05	31.0	3.244458349265941e-05	3.4762053742135087e-06	1.8847926094742686e-05	8.907522133972397e-05	76.87280676839518	2.433343761949456e-05	0.00036616029941715625
ti|511680|org|Butyrivibrio_crossotus_DSM_2876|accession|NZ_GG663521.1	2.3215028399166612e-27	3.9396994241086433e-05	34.0	3.9396994241086433e-05	0.0	3.5013898224318597e-10	3.9396994241086433e-05	34.0	3.9396994241086433e-05	0.0
ti|1410649|org|Blautia_schinkii_DSM_10518|accession|NZ_JNKJ01000020.1	1.9789886405163942e-27	7.531778310795935e-05	65.0	7.531778310795935e-05	0.0	2.2175539678792243e-07	0.00021448499909003632	185.10269906469225	9.96512207274539e-05	0.0003487792725460887
ti|36847|org|Anaerotignum_neopropionicum|accession|NZ_LRVM01000002.1	1.7370616345467845e-27	7.99527236069107e-05	69.0	7.99527236069107e-05	0.0	9.74034486886135e-07	0.00034989248593378304	301.9607142857141	0.00018308014970857812	0.0002943187216834104
ti|1871018|org|Angelakisella_massiliensis|accession|NZ_LT629945.1	9.709729554007193e-28	9.733375047797824e-05	84.0	9.733375047797824e-05	0.0	1.5139233277796584e-05	0.0004031177178358339	347.894621669503	0.00014136568521801602	0.0005979073243647235
ti|649756|org|Anaerostipes_hadrus|accession|NZ_CP012098.1	9.068278933778851e-28	3.823825911634859e-05	33.0	3.823825911634859e-05	0.0	1.791203849992387e-05	0.0002537171977364887	218.96047881856708	0.00014600062571696736	0.0003986048829098156
ti|745368|org|Gemmiger_formicilis|accession|NZ_FUYF01000005.1	7.023294518319628e-28	4.403193474003777e-05	38.0	4.403193474003777e-05	0.0	1.6868590718300634e-12	0.0003946573448672517	340.59323519388687	0.0003209696295523806	0.0005214308061320263
ti|511680|org|Butyrivibrio_crossotus_DSM_2876|accession|NZ_GG663519.1	6.428644719318401e-28	6.373043186058099e-05	55.0	6.373043186058099e-05	0.0	9.807685859215725e-17	6.373043186058099e-05	55.0	6.373043186058099e-05	0.0
ti|537011|org|Prevotella_copri_DSM_18205|accession|NZ_GG703870.1	3.5098826982586936e-28	1.1587351247378362e-06	1.0	1.1587351247378362e-06	0.0	0.0004104038898149022	0.0007666577830307106	661.6333333333336	0.0011413540978667685	0.00021204852782702403
ti|745368|org|Gemmiger_formicilis|accession|NZ_FUYF01000002.1	2.680978278195944e-28	8.458766410586204e-05	73.0	8.458766410586204e-05	0.0	7.841478581011017e-10	0.00026361224087785774	227.5	0.0002723027543133915	9.26988099790269e-06
ti|622312|org|Roseburia_inulinivorans_DSM_16841|accession|NZ_ACFY01000094.1	1.5515416731403052e-28	2.8968378118445904e-05	25.0	2.8968378118445904e-05	0.0	3.2691178208185733e-07	3.32556980799759e-05	28.7	3.128584836792158e-05	4.634940498951345e-06
ti|40518|org|Ruminococcus_bromii|accession|NZ_FMUV01000023.1	8.998889537400158e-29	0.00015874671208908355	137.0	0.00015874671208908355	0.0	2.174045364937884e-14	0.00016164354990092815	139.5	0.0001633816525880349	0.0
ti|40518|org|Ruminococcus_bromii|accession|NZ_FMUV01000040.1	8.684056647929183e-29	3.012711324318374e-05	26.0	3.012711324318374e-05	0.0	8.707290325199042e-29	3.012711324318374e-05	26.0	3.012711324318374e-05	0.0
ti|40518|org|Ruminococcus_bromii|accession|NZ_FMUV01000039.1	5.26994227679402e-29	2.5492172744232397e-05	22.0	2.5492172744232397e-05	0.0	5.269961495512285e-29	2.5492172744232397e-05	22.0	2.5492172744232397e-05	0.0
ti|221027|org|Treponema_putidum|accession|NZ_CP009228.1	3.9516276373350163e-29	8.111145873164853e-06	7.0	8.111145873164853e-06	0.0	2.828434153886387e-08	1.3008181221759278e-05	11.226190476190474	0.0	1.7381026871067544e-05
ti|40518|org|Ruminococcus_bromii|accession|NZ_FMUV01000046.1	1.9188271011793742e-29	2.8968378118445904e-05	25.0	2.8968378118445904e-05	0.0	3.8386107805192404e-17	1.564292418396079e-05	13.5	1.506355662159187e-05	1.1587351247378362e-06
ti|40518|org|Ruminococcus_bromii|accession|NZ_FMUV01000003.1	1.7655228425739048e-29	0.00013325453934485116	115.0	0.00013325453934485116	0.0	7.677221037685627e-17	0.0001089211017253566	94.0	0.00010312742610166742	6.952410748427017e-06
ti|745368|org|Gemmiger_formicilis|accession|NZ_FUYF01000024.1	1.580123199725235e-29	6.952410748427017e-06	6.0	6.952410748427017e-06	0.0	1.318677716636355e-12	7.821462091980394e-05	67.5	7.879398848217287e-05	3.4762053742135087e-06
ti|411461|org|Dorea_formicigenerans_ATCC_27755|accession|NZ_AAXA02000016.1	1.2337433811102948e-29	5.6778021112153974e-05	49.0	5.6778021112153974e-05	0.0	9.784080685712971e-07	0.0002170229614654441	187.29298597429292	5.44605508626783e-05	0.0008991784567965609
ti|40518|org|Ruminococcus_bromii|accession|NZ_FMUV01000010.1	9.798500280877762e-30	4.17144644905621e-05	36.0	4.17144644905621e-05	0.0	1.0658728123717752e-29	4.17144644905621e-05	36.0	4.17144644905621e-05	0.0
ti|40518|org|Ruminococcus_bromii|accession|NZ_FMUV01000016.1	9.169291563018956e-30	6.604790211005666e-05	57.0	6.604790211005666e-05	0.0	2.980646021252945e-18	6.430979942294991e-05	55.5	6.488916698531882e-05	0.0
ti|537007|org|Blautia_hansenii_DSM_20583|accession|NZ_GG698588.1	9.069737329258214e-30	1.9698497120543217e-05	17.0	1.9698497120543217e-05	0.0	3.086932730738199e-07	1.7381026871067544e-05	15.0	6.952410748427017e-06	1.0428616122640526e-05
ti|745368|org|Gemmiger_formicilis|accession|NZ_FUYF01000009.1	4.97275008495558e-30	0.00011587351247378362	100.0	0.00011587351247378362	0.0	1.8993993529666794e-12	0.0001280402312835309	110.5	0.0001436831554674917	0.0
ti|411471|org|Subdoligranulum_variabile_DSM_15176|accession|NZ_GG704770.1	3.649181464216465e-30	9.385754510376473e-05	81.0	9.385754510376473e-05	0.0	2.0407106606900209e-13	0.000197081532465827	170.08333333333337	0.00014020695009327817	0.00010428616122640526
ti|745368|org|Gemmiger_formicilis|accession|NZ_FUYF01000001.1	3.1105994191000623e-30	7.647651823269718e-05	66.0	7.647651823269718e-05	0.0	2.4179175251268687e-14	0.00018655635508279161	161.0	0.00018423888483331595	1.2746086372116198e-05
ti|566550|org|Hungatella_hathewayi_DSM_13479|accession|NZ_GG667607.1	2.971613916056439e-30	2.5492172744232397e-05	22.0	2.5492172744232397e-05	0.0	9.534857811736712e-11	3.1865215930290494e-05	27.5	2.665090786897023e-05	8.111145873164853e-06
ti|622312|org|Roseburia_inulinivorans_DSM_16841|accession|NZ_ACFY01000158.1	2.8124029184480954e-30	9.26988099790269e-06	8.0	9.26988099790269e-06	0.0	3.512582694685519e-07	2.8968378118445904e-07	0.25	0.0	1.1587351247378362e-06
ti|1871035|org|Negativibacillus_massiliensis|accession|NZ_FTRU01000007.1	2.095856229088482e-30	8.111145873164853e-06	7.0	8.111145873164853e-06	0.0	8.3418650753124e-08	3.0204362251499597e-05	26.066666666666666	0.0	8.111145873164854e-05
ti|566550|org|Hungatella_hathewayi_DSM_13479|accession|NZ_GG667868.1	1.783204962015124e-30	1.2746086372116198e-05	11.0	1.2746086372116198e-05	0.0	2.0205941975741496e-30	1.123973070995701e-05	9.7	6.952410748427017e-06	6.952410748427017e-06
ti|40518|org|Ruminococcus_bromii|accession|NZ_FMUV01000041.1	1.6665639819568328e-30	2.433343761949456e-05	21.0	2.433343761949456e-05	0.0	2.5203777714922228e-30	2.433343761949456e-05	21.0	2.433343761949456e-05	0.0
ti|290054|org|Eubacterium_coprostanoligenes|accession|NZ_FUWW01000019.1	1.4663064155669992e-30	2.665090786897023e-05	23.0	2.665090786897023e-05	0.0	9.05440313626465e-18	2.723027543133915e-05	23.5	2.780964299370807e-05	0.0
ti|40518|org|Ruminococcus_bromii|accession|NZ_FMUV01000034.1	1.2671521728000651e-30	6.373043186058099e-05	55.0	6.373043186058099e-05	0.0	4.289720744708372e-17	6.199232917347423e-05	53.5	6.141296161110532e-05	1.1587351247378362e-06
ti|566550|org|Hungatella_hathewayi_DSM_13479|accession|NZ_GG667646.1	1.2407051655427779e-30	6.488916698531882e-05	56.0	6.488916698531882e-05	0.0	6.972462670215243e-07	0.00032877356257240064	283.7348722356075	0.00018887382533226728	0.0002595566679412753
ti|1297617|org|Intestinimonas_butyriciproducens|accession|NZ_CP011307.1	1.008128980464476e-30	1.6222291746329706e-05	14.0	1.6222291746329706e-05	0.0	4.3405892842199074e-10	9.619878698583599e-05	83.02051515664631	3.3603318617397246e-05	0.00026071540306601314
ti|697329|org|Ruminococcus_albus_7_=_DSM_20455|accession|NC_014833.1	1.0035336251870674e-30	3.3603318617397246e-05	29.0	3.3603318617397246e-05	0.0	5.124708629955138e-15	1.0428616122640526e-05	9.0	6.952410748427017e-06	3.4762053742135087e-06
ti|301302|org|Roseburia_faecis|accession|NZ_CYXV01000001.1	7.1913880377241336e-31	2.433343761949456e-05	21.0	2.433343761949456e-05	0.0	6.22497443078312e-06	0.00029838554402290607	257.5097083472082	9.385754510376473e-05	0.00046697025526934796
ti|745368|org|Gemmiger_formicilis|accession|NZ_FUYF01000015.1	4.8947486809560725e-31	1.0428616122640526e-05	9.0	1.0428616122640526e-05	0.0	6.809608219499684e-15	1.7381026871067544e-05	15.0	1.9698497120543217e-05	0.0
ti|40518|org|Ruminococcus_bromii|accession|NZ_FMUV01000027.1	4.830064339202908e-31	8.458766410586204e-05	73.0	8.458766410586204e-05	0.0	4.289720744708295e-17	8.516703166823096e-05	73.5	8.458766410586204e-05	1.1587351247378362e-06
ti|1121131|org|Butyrivibrio_fibrisolvens_DSM_3071|accession|NZ_FQXK01000007.1	3.8673705364906716e-31	8.111145873164853e-06	7.0	8.111145873164853e-06	0.0	4.259663848191742e-13	0.0	0.0	0.0	0.0
ti|1160721|org|Ruminococcus_bicirculans|accession|NZ_HF545617.1	3.802031357474482e-31	3.592078886687292e-05	31.0	3.592078886687292e-05	0.0	5.882760038022634e-15	2.3174702494756724e-05	20.0	2.085723224528105e-05	2.3174702494756723e-06
ti|292800|org|Flavonifractor_plautii|accession|NZ_CP015406.2	3.2378394445799686e-31	5.909549136162964e-05	51.0	5.909549136162964e-05	0.0	3.2723993088234044e-06	0.00021784857012722275	188.0054945054945	0.0002560804625670618	0.00010428616122640526
ti|40518|org|Ruminococcus_bromii|accession|NZ_FMUV01000026.1	3.0428057406840437e-31	5.44605508626783e-05	47.0	5.44605508626783e-05	0.0	3.6978798616667626e-09	5.0984345488464794e-05	44.0	5.214308061320263e-05	0.0
ti|40518|org|Ruminococcus_bromii|accession|NZ_FMUV01000030.1	3.0402217941299334e-31	4.866687523898912e-05	42.0	4.866687523898912e-05	0.0	3.0336376024606048e-31	4.866687523898912e-05	42.0	4.866687523898912e-05	0.0
ti|411459|org|Blautia_obeum_ATCC_29174|accession|NZ_DS264296.1	2.9633579850510235e-31	6.952410748427017e-06	6.0	6.952410748427017e-06	0.0	4.717173094106736e-08	8.111145873164853e-06	7.0	8.111145873164853e-06	0.0
ti|40518|org|Ruminococcus_bromii|accession|NZ_FMUV01000007.1	2.2595177216550067e-31	8.227019385638637e-05	71.0	8.227019385638637e-05	0.0	1.8759264000095156e-16	8.574639923059987e-05	74.0	8.806386948007554e-05	0.0
ti|40518|org|Ruminococcus_bromii|accession|NZ_FMUV01000071.1	2.1037189365371024e-31	9.26988099790269e-06	8.0	9.26988099790269e-06	0.0	2.1037189365371024e-31	9.26988099790269e-06	8.0	9.26988099790269e-06	0.0
ti|40518|org|Ruminococcus_bromii|accession|NZ_FMUV01000012.1	1.9466454161812836e-31	9.26988099790269e-06	8.0	9.26988099790269e-06	0.0	1.9466454161812836e-31	9.26988099790269e-06	8.0	9.26988099790269e-06	0.0
ti|1650663|org|Fournierella_massiliensis|accession|NZ_LN908959.1	1.924489510005091e-31	4.5190669864775614e-05	39.0	4.5190669864775614e-05	0.0	4.119718127623458e-12	7.902360363513784e-05	68.1981601731603	6.141296161110532e-05	0.00010428616122640526
ti|1650663|org|Fournierella_massiliensis|accession|NZ_LN908958.1	1.7209106595268222e-31	4.287319961529994e-05	37.0	4.287319961529994e-05	0.0	2.1040844487339813e-12	7.473841554559044e-05	64.5	7.879398848217287e-05	1.1587351247378362e-06
ti|1298596|org|Ruminococcus_faecis_JCM_15917|accession|NZ_BBDW01000018.1	1.6432421810632952e-31	1.1587351247378362e-06	1.0	1.1587351247378362e-06	0.0	8.04474007254891e-07	2.398142793387344e-05	20.696212121212117	1.0428616122640526e-05	5.6778021112153974e-05
ti|1650663|org|Fournierella_massiliensis|accession|NZ_LN908963.1	1.3992346549243543e-31	1.2746086372116198e-05	11.0	1.2746086372116198e-05	0.0	1.4420288252925373e-05	4.8409378544602934e-05	41.77777777777778	3.3603318617397246e-05	5.561928598741614e-05
ti|1871021|org|Lachnoclostridium_phocaeense|accession|NZ_LT635479.1	1.3196218828049558e-31	2.665090786897023e-05	23.0	2.5492172744232397e-05	1.1587351247378362e-06	1.0221819535604065e-06	0.00023521573449862925	202.99353102966202	7.763525335743502e-05	0.0004970973685125317
ti|40518|org|Ruminococcus_bromii|accession|NZ_FMUV01000011.1	1.248913902440065e-31	6.720663723479449e-05	58.0	6.720663723479449e-05	0.0	2.0558760883019794e-31	7.300031285848368e-05	63.0	7.300031285848368e-05	0.0
ti|40520|org|Blautia_obeum|accession|NZ_CYZA01000003.1	1.0729866416512139e-31	8.111145873164853e-06	7.0	8.111145873164853e-06	0.0	8.400289132002504e-15	2.8968378118445905e-06	2.5	1.1587351247378362e-06	2.3174702494756723e-06
ti|566550|org|Hungatella_hathewayi_DSM_13479|accession|NZ_GG667621.1	1.046703141991752e-31	5.793675623689181e-06	5.0	5.793675623689181e-06	0.0	9.939071606133017e-13	5.716426615373325e-05	49.333333333333336	3.9396994241086433e-05	1.9698497120543217e-05
ti|997894|org|[Clostridium]_bolteae_90A9|accession|NZ_KB851182.1	8.772092037296432e-32	3.823825911634859e-05	33.0	3.823825911634859e-05	0.0	3.7747225843948314e-07	0.0001460272950174574	126.0230158730159	8.806386948007554e-05	0.0001089211017253566
ti|745368|org|Gemmiger_formicilis|accession|NZ_FUYF01000004.1	8.557934153426e-32	4.634940498951345e-05	40.0	4.634940498951345e-05	0.0	6.819318633044224e-14	7.375349068956328e-05	63.650000000000006	6.604790211005666e-05	1.853976199580538e-05
ti|1160721|org|Ruminococcus_bicirculans|accession|NZ_HF545616.1	8.420999493296551e-32	3.592078886687292e-05	31.0	3.592078886687292e-05	0.0	6.07765702504076e-08	3.32556980799759e-05	28.7	3.012711324318374e-05	4.634940498951345e-06
ti|1336236|org|Ruminococcus_flavefaciens_ATCC_19208|accession|NZ_KI912490.1	8.266611793440954e-32	5.793675623689181e-06	5.0	5.793675623689181e-06	0.0	1.7575900982525116e-30	1.6222291746329706e-05	14.0	1.506355662159187e-05	1.1587351247378362e-06
ti|566550|org|Hungatella_hathewayi_DSM_13479|accession|NZ_GG668188.1	8.207571084676016e-32	2.3174702494756723e-06	2.0	2.3174702494756723e-06	0.0	2.187382110528923e-30	1.0428616122640526e-05	9.0	6.952410748427017e-06	4.634940498951345e-06
ti|1650663|org|Fournierella_massiliensis|accession|NZ_LN908956.1	7.895099426695134e-32	2.8968378118445904e-05	25.0	2.8968378118445904e-05	0.0	1.962414234116148e-18	7.126221017137692e-05	61.5	5.6778021112153974e-05	1.7381026871067544e-05
ti|411467|org|Pseudoflavonifractor_capillosus_ATCC_29799|accession|NZ_AAXG02000012.1	7.578539806769549e-32	8.111145873164853e-06	7.0	8.111145873164853e-06	0.0	2.904132467041886e-27	3.7523182417971814e-05	32.382881658533854	1.0428616122640526e-05	0.00027693769481234286
ti|1650663|org|Fournierella_massiliensis|accession|NZ_LN908962.1	7.40580979120835e-32	1.853976199580538e-05	16.0	1.853976199580538e-05	0.0	1.7846390369248194e-16	0.00010235493601850885	88.33333333333333	8.690513435533771e-05	2.433343761949456e-05
ti|515620|org|[Eubacterium]_eligens_ATCC_27750|accession|NC_012778.1	6.724071982953837e-32	3.4762053742135087e-06	3.0	3.4762053742135087e-06	0.0	6.0669426038663715e-06	4.624908160209026e-06	3.9913419913419914	2.3174702494756723e-06	1.6222291746329706e-05
ti|1650663|org|Fournierella_massiliensis|accession|NZ_LN908960.1	6.569839987715146e-32	2.780964299370807e-05	24.0	2.780964299370807e-05	0.0	1.1255479237006029e-14	5.0984345488464794e-05	44.0	5.330181573794046e-05	2.3174702494756723e-06
ti|40518|org|Ruminococcus_bromii|accession|NZ_FMUV01000025.1	6.177049438990983e-32	1.6222291746329706e-05	14.0	1.6222291746329706e-05	0.0	3.835074672862239e-17	2.2015967370018886e-05	19.0	2.085723224528105e-05	1.1587351247378362e-06
ti|742733|org|[Clostridium]_citroniae_WAL-17108|accession|NZ_JH376421.1	6.012305048786745e-32	9.26988099790269e-06	8.0	9.26988099790269e-06	0.0	1.6000754072947046e-16	3.6002497255705374e-05	31.070515156646294	1.7381026871067544e-05	0.00018771509020752946
ti|40518|org|Ruminococcus_bromii|accession|NZ_FMUV01000018.1	5.066553237212985e-32	1.1587351247378362e-05	10.0	1.1587351247378362e-05	0.0	9.10893375212119e-31	1.1587351247378362e-05	10.0	1.1587351247378362e-05	0.0
ti|40518|org|Ruminococcus_bromii|accession|NZ_FMUV01000006.1	5.054853955377286e-32	4.287319961529994e-05	37.0	4.287319961529994e-05	0.0	5.054853955377286e-32	4.287319961529994e-05	37.0	4.287319961529994e-05	0.0
ti|745368|org|Gemmiger_formicilis|accession|NZ_FUYF01000053.1	5.033332881909887e-32	1.2746086372116198e-05	11.0	1.2746086372116198e-05	0.0	1.2400268393652772e-14	1.3325453934485116e-05	11.5	1.3904821496854035e-05	0.0
ti|717960|org|Faecalitalea_cylindroides_T2-87|accession|NC_021019.1	5.031805624914973e-32	2.433343761949456e-05	21.0	2.433343761949456e-05	0.0	7.575511938860172e-06	3.493218548664023e-05	30.14682539682539	1.853976199580538e-05	4.055572936582427e-05
ti|1150461|org|Bifidobacterium_scardovii_JCM_12489_=_DSM_13734|accession|NZ_AP012331.1	5.001184550373248e-32	2.3174702494756723e-06	2.0	2.3174702494756723e-06	0.0	1.7354006311634164e-06	6.722149281331677e-07	0.5801282051282051	0.0	4.634940498951345e-06
ti|622312|org|Roseburia_inulinivorans_DSM_16841|accession|NZ_ACFY01000106.1	4.971852310767398e-32	8.111145873164853e-06	7.0	8.111145873164853e-06	0.0	1.3643444169843024e-11	8.690513435533772e-06	7.5	9.26988099790269e-06	0.0
ti|745368|org|Gemmiger_formicilis|accession|NZ_FUYF01000008.1	4.1764345460978704e-32	1.3904821496854035e-05	12.0	1.3904821496854035e-05	0.0	1.3693857545513831e-18	6.448360969166059e-05	55.650000000000006	5.6778021112153974e-05	1.1587351247378362e-05
ti|40518|org|Ruminococcus_bromii|accession|NZ_FMUV01000014.1	3.6555816664454337e-32	3.244458349265941e-05	28.0	3.244458349265941e-05	0.0	3.678950940085161e-32	3.244458349265941e-05	28.0	3.244458349265941e-05	0.0
ti|745368|org|Gemmiger_formicilis|accession|NZ_FUYF01000010.1	3.421003569072515e-32	1.9698497120543217e-05	17.0	1.9698497120543217e-05	0.0	4.277205572956032e-12	6.75689501145202e-05	58.31267963833208	3.707952399161076e-05	0.00045306543377249394
ti|40518|org|Ruminococcus_bromii|accession|NZ_FMUV01000064.1	3.229788633701322e-32	6.952410748427017e-06	6.0	6.952410748427017e-06	0.0	3.1856979148224284e-32	6.952410748427017e-06	6.0	6.952410748427017e-06	0.0
ti|745368|org|Gemmiger_formicilis|accession|NZ_FUYF01000023.1	3.1398972333303066e-32	9.26988099790269e-06	8.0	9.26988099790269e-06	0.0	1.600732742858791e-13	1.9698497120543217e-05	17.0	1.9698497120543217e-05	2.3174702494756723e-06
ti|40518|org|Ruminococcus_bromii|accession|NZ_FMUV01000009.1	2.973474338412551e-32	2.8968378118445904e-05	25.0	2.8968378118445904e-05	0.0	2.973474338412551e-32	2.8968378118445904e-05	25.0	2.8968378118445904e-05	0.0
ti|1650663|org|Fournierella_massiliensis|accession|NZ_LN908957.1	2.9637846014462074e-32	1.9698497120543217e-05	17.0	1.9698497120543217e-05	0.0	1.285728015086155e-13	6.836537235953234e-05	59.0	9.733375047797824e-05	1.1587351247378362e-05
ti|745368|org|Gemmiger_formicilis|accession|NZ_FUYF01000013.1	2.591726164087334e-32	5.793675623689181e-06	5.0	5.793675623689181e-06	0.0	1.8085975590116688e-15	3.5341421304504005e-05	30.5	3.707952399161076e-05	0.0
ti|511680|org|Butyrivibrio_crossotus_DSM_2876|accession|NZ_GG663524.1	2.5320920806844716e-32	5.793675623689181e-06	5.0	5.793675623689181e-06	0.0	5.168493386797732e-05	0.00010981333885539898	94.77000956559787	9.501628022850257e-05	0.00020277864682912133
ti|745368|org|Gemmiger_formicilis|accession|NZ_FUYF01000061.1	2.0023341547410146e-32	8.111145873164853e-06	7.0	8.111145873164853e-06	0.0	2.699660085265933e-14	1.216671880974728e-05	10.5	1.3904821496854035e-05	0.0
ti|1410650|org|Butyrivibrio_proteoclasticus_P6B7|accession|NZ_JHWL01000011.1	1.561819275127449e-32	2.3174702494756723e-06	2.0	2.3174702494756723e-06	0.0	9.206344889037428e-17	0.0	0.0	0.0	0.0
ti|40518|org|Ruminococcus_bromii|accession|NZ_FMUV01000008.1	1.311572098090694e-32	1.2746086372116198e-05	11.0	1.2746086372116198e-05	0.0	1.311572098090694e-32	1.2746086372116198e-05	11.0	1.2746086372116198e-05	0.0
ti|1291051|org|[Clostridium]_glycyrrhizinilyticum_JCM_13369|accession|NZ_BBAB01000035.1	1.2878004569139722e-32	1.0428616122640526e-05	9.0	1.0428616122640526e-05	0.0	6.66581119500379e-12	1.3325453934485116e-05	11.5	1.6222291746329706e-05	0.0
ti|40518|org|Ruminococcus_bromii|accession|NZ_FMUV01000013.1	1.273613811129966e-32	1.506355662159187e-05	13.0	1.506355662159187e-05	0.0	1.273613811129966e-32	1.506355662159187e-05	13.0	1.506355662159187e-05	0.0
ti|745368|org|Gemmiger_formicilis|accession|NZ_FUYF01000011.1	1.2568658281582702e-32	1.7381026871067544e-05	15.0	1.7381026871067544e-05	0.0	8.881320856810465e-15	4.80875076766202e-05	41.5	4.982561036372695e-05	4.634940498951345e-06
ti|1256908|org|Eubacterium_ramulus_ATCC_29099|accession|NZ_KI271092.1	1.0818337912223796e-32	3.4762053742135087e-06	3.0	3.4762053742135087e-06	0.0	9.690624793031405e-11	1.1973596288957642e-05	10.333333333333334	1.0428616122640526e-05	3.4762053742135087e-06
ti|1150298|org|Fusicatenibacter_saccharivorans|accession|NZ_CYYV01000015.1	1.042078262791735e-32	4.634940498951345e-06	4.0	4.634940498951345e-06	0.0	2.4397695838035008e-06	0.00027584089003660227	238.0534465104881	5.793675623689181e-05	0.0009524802725345014
ti|470146|org|Coprococcus_comes_ATCC_27758|accession|NZ_GG662013.1	1.0349424771072465e-32	4.634940498951345e-06	4.0	4.634940498951345e-06	0.0	4.657316676863572e-08	0.0	0.0	0.0	0.0
ti|40518|org|Ruminococcus_bromii|accession|NZ_FMUV01000047.1	9.95119029840947e-33	5.793675623689181e-06	5.0	5.793675623689181e-06	0.0	8.117011978263503e-30	1.9698497120543217e-05	17.0	1.1587351247378362e-05	8.111145873164853e-06
ti|745368|org|Gemmiger_formicilis|accession|NZ_FUYF01000019.1	9.267332705191246e-33	1.1587351247378362e-05	10.0	1.1587351247378362e-05	0.0	1.4562414478240845e-16	1.3325453934485116e-05	11.5	1.2746086372116198e-05	1.1587351247378362e-06
ti|411467|org|Pseudoflavonifractor_capillosus_ATCC_29799|accession|NZ_AAXG02000017.1	9.263237483531274e-33	9.26988099790269e-06	8.0	9.26988099790269e-06	0.0	1.9344099995147252e-14	8.835355326126e-05	76.25	5.6778021112153974e-05	4.634940498951345e-05
ti|40518|org|Ruminococcus_bromii|accession|NZ_FMUV01000017.1	8.376621218905742e-33	1.2746086372116198e-05	11.0	1.2746086372116198e-05	0.0	8.376621218905742e-33	1.2746086372116198e-05	11.0	1.2746086372116198e-05	0.0
ti|1650663|org|Fournierella_massiliensis|accession|NZ_LN908961.1	8.244536992474291e-33	3.4762053742135087e-06	3.0	3.4762053742135087e-06	0.0	4.43152781944232e-16	4.426154989300262e-05	38.19816017316019	2.8968378118445904e-05	9.61750153532404e-05
ti|40518|org|Ruminococcus_bromii|accession|NZ_FMUV01000035.1	6.494941302616852e-33	1.0428616122640526e-05	9.0	1.0428616122640526e-05	0.0	6.494941302616852e-33	1.0428616122640526e-05	9.0	1.0428616122640526e-05	0.0
ti|428128|org|[Eubacterium]_siraeum_DSM_15702|accession|NZ_KB907514.1	6.245678349083247e-33	6.952410748427017e-06	6.0	6.952410748427017e-06	0.0	1.3627962305080165e-31	1.4484189059222952e-05	12.5	1.1587351247378362e-05	3.4762053742135087e-06
ti|428128|org|[Eubacterium]_siraeum_DSM_15702|accession|NZ_KB907523.1	6.13875729873596e-33	8.111145873164853e-06	7.0	8.111145873164853e-06	0.0	6.976136068273637e-33	1.0428616122640526e-05	9.0	1.0428616122640526e-05	0.0
ti|39495|org|Eubacterium_uniforme|accession|NZ_FUXZ01000008.1	6.129456015272251e-33	6.952410748427017e-06	6.0	6.952410748427017e-06	0.0	3.743614451426597e-07	7.2834779269235425e-06	6.2857142857142865	6.952410748427017e-06	2.3174702494756723e-06
ti|633697|org|[Eubacterium]_cellulosolvens_6|accession|NZ_CM001487.1	5.909266721985799e-33	1.1587351247378362e-06	1.0	1.1587351247378362e-06	0.0	1.2491999995185492e-07	2.3174702494756723e-06	2.0	1.1587351247378362e-06	1.1587351247378362e-06
ti|1871022|org|Libanicoccus_massiliensis|accession|NZ_LT671675.1	5.862101063517679e-33	1.1587351247378362e-06	1.0	1.1587351247378362e-06	0.0	1.914887301798315e-05	1.0056545341821051e-05	8.678899195444986	1.1587351247378362e-06	8.34289289811242e-05
ti|1776384|org|Emergencia_timonensis|accession|NZ_FLKM01000008.1	5.6589812753456414e-33	4.634940498951345e-06	4.0	4.634940498951345e-06	0.0	8.441666308409504e-11	6.179920665268459e-06	5.333333333333333	1.1587351247378362e-06	5.793675623689181e-06
ti|1550024|org|Ruthenibacterium_lactatiformans|accession|NZ_JXXK01000012.1	5.6376242320676625e-33	3.4762053742135087e-06	3.0	3.4762053742135087e-06	0.0	6.512450849874409e-31	8.690513435533772e-06	7.5	8.111145873164853e-06	1.1587351247378362e-06
ti|470145|org|Bacteroides_coprocola_DSM_17136|accession|NZ_DS981470.1	5.535174717449297e-33	6.952410748427017e-06	6.0	6.952410748427017e-06	0.0	2.443377459730795e-07	4.750814011425129e-06	4.1000000000000005	6.952410748427017e-06	4.634940498951345e-06
ti|411463|org|Eubacterium_ventriosum_ATCC_27560|accession|NZ_DS264270.1	5.504421576281665e-33	2.3174702494756723e-06	2.0	2.3174702494756723e-06	0.0	8.814106023378779e-06	4.2637144302348945e-05	36.79628190437016	4.634940498951345e-06	0.0002456518464444213
ti|1121323|org|Anaerotignum_lactatifermentans_DSM_14214|accession|NZ_FRAH01000013.1	4.950309310170207e-33	1.1587351247378362e-05	10.0	1.1587351247378362e-05	0.0	8.455109936329016e-13	1.796039443343646e-05	15.5	1.6222291746329706e-05	4.634940498951345e-06
ti|484018|org|Bacteroides_plebeius_DSM_17135|accession|NZ_DS990119.1	4.815264593888973e-33	2.3174702494756723e-06	2.0	2.3174702494756723e-06	0.0	4.679014672211801e-06	2.7037152910549514e-06	2.3333333333333335	1.1587351247378362e-06	8.111145873164853e-06
ti|1720204|org|Collinsella_ihuae|accession|NZ_FCOU01000005.1	4.763591203990743e-33	4.634940498951345e-06	4.0	4.634940498951345e-06	0.0	5.777019748599032e-10	6.952410748427017e-06	6.0	6.952410748427017e-06	0.0
ti|428128|org|[Eubacterium]_siraeum_DSM_15702|accession|NZ_KB907512.1	4.607697971068378e-33	2.3174702494756723e-06	2.0	2.3174702494756723e-06	0.0	1.9488085966656955e-32	4.634940498951345e-06	4.0	2.3174702494756723e-06	2.3174702494756723e-06
ti|745368|org|Gemmiger_formicilis|accession|NZ_FUYF01000017.1	4.566528258744765e-33	2.3174702494756723e-06	2.0	2.3174702494756723e-06	0.0	1.3414178263407075e-32	2.3174702494756723e-06	2.0	2.3174702494756723e-06	0.0
ti|1720313|org|Bittarella_massiliensis|accession|NZ_LN908977.1	4.553548316945511e-33	8.111145873164853e-06	7.0	8.111145873164853e-06	0.0	5.855545528363186e-28	8.704962793015986e-06	7.512469940000726	8.111145873164853e-06	3.128584836792158e-05
ti|1336236|org|Ruminococcus_flavefaciens_ATCC_19208|accession|NZ_JAEF01000016.1	4.463894748190929e-33	3.4762053742135087e-06	3.0	3.4762053742135087e-06	0.0	4.208292280385841e-31	1.3904821496854035e-05	12.0	1.2746086372116198e-05	1.1587351247378362e-06
ti|411467|org|Pseudoflavonifractor_capillosus_ATCC_29799|accession|NZ_AAXG02000008.1	4.409503512099167e-33	2.3174702494756723e-06	2.0	2.3174702494756723e-06	0.0	1.1534992371685014e-14	1.4484189059222952e-05	12.5	1.2746086372116198e-05	3.4762053742135087e-06
ti|290054|org|Eubacterium_coprostanoligenes|accession|NZ_FUWW01000007.1	4.117200941697314e-33	4.634940498951345e-06	4.0	4.634940498951345e-06	0.0	2.849743714175867e-32	4.634940498951345e-06	4.0	4.634940498951345e-06	0.0
ti|411467|org|Pseudoflavonifractor_capillosus_ATCC_29799|accession|NZ_AAXG02000002.1	3.953503378467894e-33	1.1587351247378362e-05	10.0	1.1587351247378362e-05	0.0	9.85828246896299e-18	1.216671880974728e-05	10.5	1.2746086372116198e-05	0.0
ti|679937|org|Bacteroides_coprosuis_DSM_18011|accession|NZ_CM001167.1	3.758664236921895e-33	1.1587351247378362e-06	1.0	1.1587351247378362e-06	0.0	1.0258745584707498e-06	4.634940498951345e-06	4.0	4.634940498951345e-06	0.0
ti|1009370|org|Acetonema_longum_DSM_6540|accession|NZ_AFGF01000024.1	3.579391039197081e-33	1.1587351247378362e-05	10.0	1.1587351247378362e-05	0.0	1.596962658361703e-13	1.216671880974728e-05	10.5	1.2746086372116198e-05	0.0
ti|1035196|org|Peptostreptococcus_anaerobius_VPI_4330_=_DSM_2949|accession|NZ_KB906630.1	3.472878889944861e-33	3.4762053742135087e-06	3.0	3.4762053742135087e-06	0.0	1.2652091138601268e-31	5.793675623689181e-06	5.0	5.793675623689181e-06	0.0
ti|693746|org|Oscillibacter_valericigenes_Sjm18-20|accession|NC_016048.1	3.4116339477597454e-33	8.111145873164853e-06	7.0	8.111145873164853e-06	0.0	7.566005425623667e-13	9.26988099790269e-06	8.0	9.26988099790269e-06	1.1587351247378362e-06
ti|1852384|org|Massilimaliae_massiliensis|accession|NZ_FUHT01000002.1	3.297644028547605e-33	8.111145873164853e-06	7.0	8.111145873164853e-06	0.0	6.415998752497043e-32	8.111145873164853e-06	7.0	8.111145873164853e-06	0.0
ti|1650661|org|Clostridium_phoceensis|accession|NZ_LN866274.1	3.238112033491243e-33	5.793675623689181e-06	5.0	5.793675623689181e-06	0.0	2.398797428996051e-13	0.00033611043518228846	290.0666666666668	0.00018076267945910245	0.00031285848367921577
ti|511680|org|Butyrivibrio_crossotus_DSM_2876|accession|NZ_GG663520.1	2.6383840089438525e-33	6.952410748427017e-06	6.0	6.952410748427017e-06	0.0	1.1069772922455014e-06	0.00018571504195229034	160.2739383552461	6.952410748427017e-06	0.0009258293646655311
ti|411467|org|Pseudoflavonifractor_capillosus_ATCC_29799|accession|NZ_AAXG02000047.1	2.620061209348957e-33	2.3174702494756723e-06	2.0	2.3174702494756723e-06	0.0	5.1349912092033735e-09	2.3174702494756723e-06	2.0	2.3174702494756723e-06	0.0
ti|745368|org|Gemmiger_formicilis|accession|NZ_FUYF01000016.1	2.5380531975153797e-33	1.0428616122640526e-05	9.0	1.0428616122640526e-05	0.0	1.878804545371372e-30	1.506355662159187e-05	13.0	1.506355662159187e-05	0.0
ti|411471|org|Subdoligranulum_variabile_DSM_15176|accession|NZ_GG704771.1	2.530961739072297e-33	6.952410748427017e-06	6.0	6.952410748427017e-06	0.0	4.033865749841442e-19	8.169082629401745e-05	70.5	4.5190669864775614e-05	7.184157773374585e-05
ti|1550024|org|Ruthenibacterium_lactatiformans|accession|NZ_JXXK01000042.1	2.5125016321456323e-33	4.634940498951345e-06	4.0	4.634940498951345e-06	0.0	1.8947810394683957e-33	4.634940498951345e-06	4.0	4.634940498951345e-06	0.0
ti|470145|org|Bacteroides_coprocola_DSM_17136|accession|NZ_DS981495.1	2.4247980786592193e-33	1.1587351247378362e-06	1.0	1.1587351247378362e-06	0.0	2.378588203060111e-07	2.3174702494756723e-06	2.0	1.1587351247378362e-06	1.1587351247378362e-06
ti|566550|org|Hungatella_hathewayi_DSM_13479|accession|NZ_GG668057.1	2.380068521660102e-33	3.4762053742135087e-06	3.0	3.4762053742135087e-06	0.0	2.4183162060804016e-14	4.634940498951345e-06	4.0	5.793675623689181e-06	0.0
ti|1336236|org|Ruminococcus_flavefaciens_ATCC_19208|accession|NZ_KI912489.1	2.1387053461971433e-33	4.634940498951345e-06	4.0	4.634940498951345e-06	0.0	4.99161182947055e-33	6.373043186058099e-06	5.5	5.793675623689181e-06	1.1587351247378362e-06
ti|40518|org|Ruminococcus_bromii|accession|NZ_FMUV01000050.1	2.0235017080264693e-33	3.4762053742135087e-06	3.0	3.4762053742135087e-06	0.0	5.80550571991064e-18	4.0555729365824265e-06	3.5	4.634940498951345e-06	0.0
ti|484018|org|Bacteroides_plebeius_DSM_17135|accession|NZ_DS990133.1	1.967640259879819e-33	1.1587351247378362e-06	1.0	1.1587351247378362e-06	0.0	2.1289444037800823e-09	0.0	0.0	0.0	0.0
ti|290054|org|Eubacterium_coprostanoligenes|accession|NZ_FUWW01000003.1	1.849644166228534e-33	3.4762053742135087e-06	3.0	3.4762053742135087e-06	0.0	1.9740685634611614e-32	9.849248560271608e-06	8.5	8.111145873164853e-06	2.3174702494756723e-06
ti|610130|org|[Clostridium]_saccharolyticum_WM1|accession|NC_014376.1	1.6793609227639302e-33	4.634940498951345e-06	4.0	4.634940498951345e-06	0.0	9.302284631029348e-08	5.793675623689181e-06	5.0	5.793675623689181e-06	0.0
ti|484018|org|Bacteroides_plebeius_DSM_17135|accession|NZ_DS990123.1	1.6063492409620454e-33	3.4762053742135087e-06	3.0	3.4762053742135087e-06	0.0	2.563375488820771e-09	3.4762053742135087e-06	3.0	3.4762053742135087e-06	0.0
ti|1211819|org|Holdemania_massiliensis_AP2|accession|NZ_HE998567.1	1.5937908845646103e-33	4.634940498951345e-06	4.0	4.634940498951345e-06	0.0	1.786147600177128e-33	4.634940498951345e-06	4.0	4.634940498951345e-06	0.0
ti|301302|org|Roseburia_faecis|accession|NZ_CYXV01000009.1	1.587201481585702e-33	2.3174702494756723e-06	2.0	2.3174702494756723e-06	0.0	2.2144219284401043e-07	1.4484189059222952e-05	12.5	1.506355662159187e-05	1.1587351247378362e-06
ti|1796620|org|Acutalibacter_muris|accession|NZ_CP021422.1	1.58713183116346e-33	3.4762053742135087e-06	3.0	3.4762053742135087e-06	0.0	3.025659387094164e-07	5.9192052622024466e-05	51.083333333333336	2.780964299370807e-05	5.214308061320263e-05
ti|1550024|org|Ruthenibacterium_lactatiformans|accession|NZ_JXXK01000001.1	1.5452330636884147e-33	1.1587351247378362e-06	1.0	1.1587351247378362e-06	0.0	9.162627880250285e-14	6.879024190526952e-05	59.36666666666665	9.26988099790269e-06	0.00010312742610166742
ti|428128|org|[Eubacterium]_siraeum_DSM_15702|accession|NZ_KB907520.1	1.4994530250856995e-33	2.3174702494756723e-06	2.0	2.3174702494756723e-06	0.0	6.3358844316385745e-31	6.952410748427017e-06	6.0	5.793675623689181e-06	1.1587351247378362e-06
ti|1150298|org|Fusicatenibacter_saccharivorans|accession|NZ_CYYV01000024.1	1.3827352990299123e-33	1.1587351247378362e-06	1.0	1.1587351247378362e-06	0.0	3.330928765909466e-18	1.7381026871067544e-06	1.5	2.3174702494756723e-06	0.0
ti|40518|org|Ruminococcus_bromii|accession|NZ_FMUV01000052.1	1.3618085837421433e-33	2.3174702494756723e-06	2.0	2.3174702494756723e-06	0.0	1.3618085837421433e-33	2.3174702494756723e-06	2.0	2.3174702494756723e-06	0.0
ti|745368|org|Gemmiger_formicilis|accession|NZ_FUYF01000029.1	1.3517824374441734e-33	5.793675623689181e-06	5.0	5.793675623689181e-06	0.0	3.3309287659121895e-18	6.373043186058099e-06	5.5	6.952410748427017e-06	0.0
ti|938289|org|Levyella_massiliensis|accession|NZ_HG529490.1	1.237325910319045e-33	1.1587351247378362e-06	1.0	1.1587351247378362e-06	0.0	2.5240203264910338e-17	1.1587351247378362e-06	1.0	1.1587351247378362e-06	0.0
ti|290054|org|Eubacterium_coprostanoligenes|accession|NZ_FUWW01000011.1	1.2127383250043458e-33	2.3174702494756723e-06	2.0	2.3174702494756723e-06	0.0	1.2127383250043458e-33	2.3174702494756723e-06	2.0	2.3174702494756723e-06	0.0
ti|40518|org|Ruminococcus_bromii|accession|NZ_FMUV01000022.1	1.1362456849499179e-33	3.4762053742135087e-06	3.0	3.4762053742135087e-06	0.0	1.1362456849499179e-33	3.4762053742135087e-06	3.0	3.4762053742135087e-06	0.0
ti|449673|org|Bacteroides_stercoris_ATCC_43183|accession|NZ_DS499670.1	1.1072078722666088e-33	1.1587351247378362e-06	1.0	1.1587351247378362e-06	0.0	4.914428865773741e-05	1.1464580502019232e-05	9.894047619047617	1.1587351247378362e-06	6.720663723479449e-05
ti|428127|org|Absiella_dolichum_DSM_3991|accession|NZ_DS483462.1	1.0017768000412916e-33	2.3174702494756723e-06	2.0	2.3174702494756723e-06	0.0	1.3192621262801144e-30	1.853976199580538e-05	16.0	1.0428616122640526e-05	8.111145873164853e-06
ti|1720204|org|Collinsella_ihuae|accession|NZ_FCOU01000003.1	1.0017768000412916e-33	2.3174702494756723e-06	2.0	2.3174702494756723e-06	0.0	3.547009805963322e-09	5.793675623689181e-06	5.0	5.793675623689181e-06	0.0
ti|518636|org|[Clostridium]_asparagiforme_DSM_15981|accession|NZ_GG657595.1	9.651551578969987e-34	4.634940498951345e-06	4.0	4.634940498951345e-06	0.0	3.434939848356064e-17	5.214308061320263e-06	4.5	5.793675623689181e-06	0.0
ti|470145|org|Bacteroides_coprocola_DSM_17136|accession|NZ_DS981514.1	9.295134396486733e-34	3.4762053742135087e-06	3.0	3.4762053742135087e-06	0.0	9.295134396486733e-34	3.4762053742135087e-06	3.0	3.4762053742135087e-06	0.0
ti|290054|org|Eubacterium_coprostanoligenes|accession|NZ_FUWW01000015.1	8.865827561278099e-34	1.1587351247378362e-06	1.0	1.1587351247378362e-06	0.0	8.865827561278099e-34	1.1587351247378362e-06	1.0	1.1587351247378362e-06	0.0
ti|1736|org|Eubacterium_limosum|accession|NZ_CP019962.1	8.865827561278099e-34	1.1587351247378362e-06	1.0	1.1587351247378362e-06	0.0	3.493145165160821e-31	2.3174702494756723e-06	2.0	2.3174702494756723e-06	0.0
ti|1458469|org|Pseudobutyrivibrio_ruminis_HUN009|accession|NZ_JNLH01000001.1	8.865827561278099e-34	1.1587351247378362e-06	1.0	1.1587351247378362e-06	0.0	7.498456714175852e-06	7.650410716423858e-06	6.602380952380953	2.3174702494756723e-06	1.506355662159187e-05
ti|1410649|org|Blautia_schinkii_DSM_10518|accession|NZ_JNKJ01000045.1	8.865827561278099e-34	1.1587351247378362e-06	1.0	1.1587351247378362e-06	0.0	1.8753979507873227e-15	2.182284484922925e-05	18.833333333333336	9.26988099790269e-06	1.506355662159187e-05
ti|1871018|org|Angelakisella_massiliensis|accession|NZ_LT629944.1	8.073104867100033e-34	3.4762053742135087e-06	3.0	3.4762053742135087e-06	0.0	1.6459077751871404e-07	9.694750543639898e-06	8.366666666666669	5.793675623689181e-06	1.2746086372116198e-05
ti|290054|org|Eubacterium_coprostanoligenes|accession|NZ_FUWW01000017.1	7.6074249527220755e-34	3.4762053742135087e-06	3.0	3.4762053742135087e-06	0.0	7.6074249527220755e-34	3.4762053742135087e-06	3.0	3.4762053742135087e-06	0.0
ti|411467|org|Pseudoflavonifractor_capillosus_ATCC_29799|accession|NZ_AAXG02000032.1	7.099199736126089e-34	1.1587351247378362e-06	1.0	1.1587351247378362e-06	0.0	1.802945247252241e-16	7.918023352375214e-06	6.833333333333333	4.634940498951345e-06	6.952410748427017e-06
ti|880074|org|Barnesiella_viscericola_DSM_18177|accession|NZ_CP007034.1	6.352643041803849e-34	1.1587351247378362e-06	1.0	1.1587351247378362e-06	0.0	3.8326528073092685e-05	4.8010640035998826e-05	41.43366245746735	9.26988099790269e-06	0.0005990660594894613
ti|428128|org|[Eubacterium]_siraeum_DSM_15702|accession|NZ_KB907513.1	6.352643041803849e-34	1.1587351247378362e-06	1.0	1.1587351247378362e-06	0.0	1.0299367213622753e-08	1.0235493601850887e-05	8.833333333333334	4.634940498951345e-06	9.26988099790269e-06
ti|1550024|org|Ruthenibacterium_lactatiformans|accession|NZ_JXXK01000007.1	6.352643041803849e-34	1.1587351247378362e-06	1.0	1.1587351247378362e-06	0.0	1.7254021407071033e-32	1.1587351247378362e-06	1.0	1.1587351247378362e-06	0.0
ti|1121323|org|Anaerotignum_lactatifermentans_DSM_14214|accession|NZ_FRAH01000008.1	6.273736630225512e-34	3.4762053742135087e-06	3.0	3.4762053742135087e-06	0.0	1.2900325344150624e-32	3.4762053742135087e-06	3.0	3.4762053742135087e-06	0.0
ti|742733|org|[Clostridium]_citroniae_WAL-17108|accession|NZ_JH376420.1	5.981857448139254e-34	2.3174702494756723e-06	2.0	2.3174702494756723e-06	0.0	1.1751847612532206e-07	3.522554779203022e-05	30.4	1.9698497120543217e-05	5.6778021112153974e-05
ti|566550|org|Hungatella_hathewayi_DSM_13479|accession|NZ_GG667792.1	5.981857448139254e-34	2.3174702494756723e-06	2.0	2.3174702494756723e-06	0.0	2.270263900055793e-30	1.6222291746329706e-05	14.0	1.3904821496854035e-05	2.3174702494756723e-06
ti|877422|org|Butyrivibrio_hungatei_NK4A153|accession|NZ_AUJY01000011.1	5.684594759493298e-34	1.1587351247378362e-06	1.0	1.1587351247378362e-06	0.0	1.036005293817238e-14	3.4762053742135087e-06	3.0	3.4762053742135087e-06	0.0
ti|1121131|org|Butyrivibrio_fibrisolvens_DSM_3071|accession|NZ_FQXK01000024.1	5.684594759493298e-34	1.1587351247378362e-06	1.0	1.1587351247378362e-06	0.0	4.632878700094997e-33	2.3174702494756723e-06	2.0	2.3174702494756723e-06	0.0
ti|411462|org|Dorea_longicatena_DSM_13814|accession|NZ_DS264418.1	5.255575036467278e-34	2.3174702494756723e-06	2.0	2.3174702494756723e-06	0.0	1.0769789753117061e-05	9.752812704111064e-06	8.416774891774889	2.3174702494756723e-06	3.3603318617397246e-05
ti|999413|org|[Clostridium]_innocuum_2959|accession|NZ_KB850945.1	5.086798890951513e-34	1.1587351247378362e-06	1.0	1.1587351247378362e-06	0.0	5.524496427605177e-16	0.00013045426279340136	112.58333333333331	4.634940498951345e-05	0.0001216671880974728
ti|742737|org|Hungatella_hathewayi_WAL-18680|accession|NZ_JH379027.1	5.086798890951513e-34	1.1587351247378362e-06	1.0	1.1587351247378362e-06	0.0	9.733845389193513e-08	1.1587351247378362e-06	1.0	1.1587351247378362e-06	0.0
ti|428128|org|[Eubacterium]_siraeum_DSM_15702|accession|NZ_KB907524.1	5.086798890951513e-34	1.1587351247378362e-06	1.0	1.1587351247378362e-06	0.0	4.07189840049258e-09	1.6222291746329706e-05	14.0	9.26988099790269e-06	6.952410748427017e-06
ti|626937|org|Christensenella_minuta|accession|NZ_LWGY01000019.1	4.807099896658361e-34	1.1587351247378362e-06	1.0	2.3174702494756723e-06	0.0	6.913412493865495e-34	1.1587351247378362e-06	1.0	2.3174702494756723e-06	0.0
ti|270498|org|Catabacter_hongkongensis|accession|NZ_LAYJ01000043.1	4.807099896658361e-34	1.1587351247378362e-06	1.0	2.3174702494756723e-06	0.0	6.913412493865495e-34	1.1587351247378362e-06	1.0	2.3174702494756723e-06	0.0
ti|1432052|org|Eisenbergiella_tayi|accession|NZ_MCGH01000002.1	4.674013544360903e-34	2.3174702494756723e-06	2.0	2.3174702494756723e-06	0.0	1.2276623675488526e-09	1.1587351247378362e-06	1.0	1.1587351247378362e-06	0.0
ti|40518|org|Ruminococcus_bromii|accession|NZ_FMUV01000028.1	4.551867644351164e-34	1.1587351247378362e-06	1.0	1.1587351247378362e-06	0.0	8.581816025410971e-31	1.1587351247378362e-06	1.0	1.1587351247378362e-06	0.0
ti|39482|org|Faecalicatena_contorta|accession|NZ_CYZU01000015.1	4.551867644351164e-34	1.1587351247378362e-06	1.0	1.1587351247378362e-06	0.0	2.2340281604759247e-06	1.2939208892905836e-05	11.166666666666666	4.634940498951345e-06	1.2746086372116198e-05
ti|1841865|org|Mediterranea_massiliensis|accession|NZ_LT635835.1	4.551867644351164e-34	1.1587351247378362e-06	1.0	1.1587351247378362e-06	0.0	2.808877738938222e-11	6.759288227637378e-06	5.833333333333334	5.793675623689181e-06	3.4762053742135087e-06
ti|1653435|org|Merdimonas_faecis|accession|NZ_MIEH01000003.1	4.484952294322908e-34	2.3174702494756723e-06	2.0	2.3174702494756723e-06	0.0	1.130581583838564e-14	5.983013779694135e-05	51.63400722013836	2.3174702494756723e-06	0.0003174934241781671
ti|1550024|org|Ruthenibacterium_lactatiformans|accession|NZ_JXXK01000009.1	4.482978365045285e-34	2.3174702494756723e-06	2.0	2.3174702494756723e-06	0.0	1.710155850696368e-18	1.796039443343646e-05	15.5	1.853976199580538e-05	0.0
ti|877422|org|Butyrivibrio_hungatei_NK4A153|accession|NZ_AUJY01000007.1	4.073190133100618e-34	1.1587351247378362e-06	1.0	1.1587351247378362e-06	0.0	4.771213787397163e-10	1.1587351247378362e-06	1.0	1.1587351247378362e-06	0.0
ti|474960|org|Hydrogenoanaerobacterium_saccharovorans|accession|NZ_FOCG01000002.1	4.073190133100618e-34	1.1587351247378362e-06	1.0	1.1587351247378362e-06	0.0	4.8787084871209324e-33	1.1587351247378362e-06	1.0	1.1587351247378362e-06	0.0
ti|428127|org|Absiella_dolichum_DSM_3991|accession|NZ_DS483468.1	4.073190133100618e-34	1.1587351247378362e-06	1.0	1.1587351247378362e-06	0.0	1.237564439001773e-31	1.506355662159187e-05	13.0	1.3904821496854035e-05	1.1587351247378362e-06
ti|1122986|org|Prevotella_maculosa_DSM_19339_=_JCM_15638|accession|NZ_KB908341.1	4.073190133100618e-34	1.1587351247378362e-06	1.0	1.1587351247378362e-06	0.0	4.073190133100618e-34	1.1587351247378362e-06	1.0	1.1587351247378362e-06	0.0
ti|47678|org|Bacteroides_caccae|accession|NZ_CP022412.2	3.644850675958803e-34	1.1587351247378362e-06	1.0	1.1587351247378362e-06	0.0	0.0006993450241699168	0.0005121609251341171	441.99999999999443	0.00018076267945910245	0.0012016083243531362
ti|411467|org|Pseudoflavonifractor_capillosus_ATCC_29799|accession|NZ_AAXG02000011.1	3.644850675958803e-34	1.1587351247378362e-06	1.0	1.1587351247378362e-06	0.0	2.311027228711753e-31	1.0235493601850885e-05	8.833333333333332	4.634940498951345e-06	6.952410748427017e-06
ti|40520|org|Blautia_obeum|accession|NZ_CYZA01000016.1	3.644850675958803e-34	1.1587351247378362e-06	1.0	1.1587351247378362e-06	0.0	2.6062042022875675e-16	2.3174702494756723e-06	2.0	1.1587351247378362e-06	1.1587351247378362e-06
ti|1121323|org|Anaerotignum_lactatifermentans_DSM_14214|accession|NZ_FRAH01000030.1	3.644850675958803e-34	1.1587351247378362e-06	1.0	1.1587351247378362e-06	0.0	3.229397592372948e-15	1.853976199580538e-05	16.0	6.952410748427017e-06	1.6222291746329706e-05
ti|270351|org|Methylobacterium_aquaticum|accession|NZ_AP014704.1	3.2790905652038862e-34	1.1587351247378362e-06	1.0	1.1587351247378362e-06	0.0	2.401793682186141e-19	2.3174702494756723e-06	2.0	0.0	2.3174702494756723e-06
ti|566550|org|Hungatella_hathewayi_DSM_13479|accession|NZ_GG668197.1	3.2615556887653587e-34	1.1587351247378362e-06	1.0	1.1587351247378362e-06	0.0	2.0047881834210806e-31	2.8968378118445905e-06	2.5	1.1587351247378362e-06	2.3174702494756723e-06
ti|411467|org|Pseudoflavonifractor_capillosus_ATCC_29799|accession|NZ_AAXG02000001.1	3.2615556887653587e-34	1.1587351247378362e-06	1.0	1.1587351247378362e-06	0.0	6.770317142079105e-13	1.7381026871067544e-06	1.5	2.3174702494756723e-06	0.0
ti|40520|org|Blautia_obeum|accession|NZ_CYZA01000018.1	3.2615556887653587e-34	1.1587351247378362e-06	1.0	1.1587351247378362e-06	0.0	5.7996487117997275e-06	3.9432271889703695e-05	34.030444963533185	1.1587351247378362e-06	0.0002271120844486159
ti|1550024|org|Ruthenibacterium_lactatiformans|accession|NZ_JXXK01000022.1	3.2615556887653587e-34	1.1587351247378362e-06	1.0	1.1587351247378362e-06	0.0	3.1294287452022602e-31	8.922260460481339e-06	7.7	3.4762053742135087e-06	9.26988099790269e-06
ti|1298596|org|Ruminococcus_faecis_JCM_15917|accession|NZ_BBDW01000012.1	3.2615556887653587e-34	1.1587351247378362e-06	1.0	1.1587351247378362e-06	0.0	3.2615556887653587e-34	1.1587351247378362e-06	1.0	1.1587351247378362e-06	0.0
ti|888832|org|Prevotella_salivae_DSM_15606|accession|NZ_GL629647.1	2.970328574150976e-34	1.1587351247378362e-06	1.0	1.1587351247378362e-06	0.0	5.295272019956779e-06	4.449200073572295e-06	3.8397041554936258	0.0	8.574639923059987e-05
ti|213810|org|Ruminococcus_champanellensis_18P13_=_JCM_17042|accession|NC_021039.1	2.918568264286826e-34	1.1587351247378362e-06	1.0	1.1587351247378362e-06	0.0	5.421365374932587e-13	1.0766580534022387e-05	9.29166666666666	6.952410748427017e-06	3.012711324318374e-05
ti|1265|org|Ruminococcus_flavefaciens|accession|NZ_FPJT01000004.1	2.918568264286826e-34	1.1587351247378362e-06	1.0	1.1587351247378362e-06	0.0	1.3590343834502598e-31	8.111145873164853e-06	7.0	4.634940498951345e-06	4.634940498951345e-06
ti|1007096|org|Oscillibacter_ruminantium_GH1|accession|NZ_DF158898.1	2.918568264286826e-34	1.1587351247378362e-06	1.0	1.1587351247378362e-06	0.0	1.2657417547738652e-33	2.3174702494756723e-06	2.0	2.3174702494756723e-06	0.0
ti|742725|org|Alistipes_indistinctus_YIT_12060|accession|NZ_JH370371.1	2.6116496316905165e-34	1.1587351247378362e-06	1.0	1.1587351247378362e-06	0.0	1.3581109837843365e-10	3.7102932782009508e-06	3.2020202020202024	2.3174702494756723e-06	9.26988099790269e-06
ti|290054|org|Eubacterium_coprostanoligenes|accession|NZ_FUWW01000024.1	2.6116496316905165e-34	1.1587351247378362e-06	1.0	1.1587351247378362e-06	0.0	2.6116496316905165e-34	1.1587351247378362e-06	1.0	1.1587351247378362e-06	0.0
ti|1236513|org|Bacteroides_faecichinchillae_JCM_17102|accession|NZ_BAKK01000040.1	2.6116496316905165e-34	1.1587351247378362e-06	1.0	1.1587351247378362e-06	0.0	7.566650001419043e-18	1.1587351247378362e-06	1.0	1.1587351247378362e-06	0.0
ti|411467|org|Pseudoflavonifractor_capillosus_ATCC_29799|accession|NZ_AAXG02000006.1	2.3370067721804514e-34	1.1587351247378362e-06	1.0	1.1587351247378362e-06	0.0	9.378558447444052e-15	1.1587351247378362e-06	1.0	1.1587351247378362e-06	0.0
ti|411467|org|Pseudoflavonifractor_capillosus_ATCC_29799|accession|NZ_AAXG02000004.1	2.3370067721804514e-34	1.1587351247378362e-06	1.0	1.1587351247378362e-06	0.0	1.8139196271081237e-32	1.1587351247378362e-06	1.0	1.1587351247378362e-06	0.0
ti|1550024|org|Ruthenibacterium_lactatiformans|accession|NZ_JXXK01000004.1	2.3370067721804514e-34	1.1587351247378362e-06	1.0	1.1587351247378362e-06	0.0	1.7812523409577167e-31	1.1587351247378362e-06	1.0	1.1587351247378362e-06	0.0
ti|1410650|org|Butyrivibrio_proteoclasticus_P6B7|accession|NZ_JHWL01000036.1	2.3370067721804514e-34	1.1587351247378362e-06	1.0	1.1587351247378362e-06	0.0	8.15886034993046e-17	1.1587351247378362e-06	1.0	1.1587351247378362e-06	0.0
ti|763034|org|Bacteroides_fluxus_YIT_12057|accession|NZ_GL882636.1	2.091245543408504e-34	1.1587351247378362e-06	1.0	1.1587351247378362e-06	0.0	6.965114126823957e-07	1.1587351247378362e-06	1.0	1.1587351247378362e-06	0.0
ti|762982|org|Paraprevotella_xylaniphila_YIT_11841|accession|NZ_GL883841.1	2.091245543408504e-34	1.1587351247378362e-06	1.0	1.1587351247378362e-06	0.0	2.091245543408504e-34	1.1587351247378362e-06	1.0	1.1587351247378362e-06	0.0
ti|40518|org|Ruminococcus_bromii|accession|NZ_FMUV01000045.1	2.091245543408504e-34	1.1587351247378362e-06	1.0	1.1587351247378362e-06	0.0	2.091245543408504e-34	1.1587351247378362e-06	1.0	1.1587351247378362e-06	0.0
ti|1321608|org|Polaromonas_jejuensis_NBRC_106434|accession|NZ_BCYO01000016.1	2.091245543408504e-34	1.1587351247378362e-06	1.0	1.1587351247378362e-06	0.0	2.091245543408504e-34	1.1587351247378362e-06	1.0	1.1587351247378362e-06	0.0
ti|1216932|org|Clostridium_bornimense|accession|NZ_HG917868.1	2.091245543408504e-34	1.1587351247378362e-06	1.0	1.1587351247378362e-06	0.0	1.8318258377771315e-11	1.1587351247378362e-06	1.0	1.1587351247378362e-06	0.0
ti|1121131|org|Butyrivibrio_fibrisolvens_DSM_3071|accession|NZ_FQXK01000052.1	2.091245543408504e-34	1.1587351247378362e-06	1.0	1.1587351247378362e-06	0.0	2.091245543408504e-34	1.1587351247378362e-06	1.0	1.1587351247378362e-06	0.0
ti|1720313|org|Bittarella_massiliensis|accession|NZ_LN908976.1	1.8713287333552442e-34	1.1587351247378362e-06	1.0	1.1587351247378362e-06	0.0	7.540899411880205e-18	0.00015897845911403108	137.19999999999996	2.433343761949456e-05	0.0002792551650618185
ti|428125|org|[Clostridium]_leptum_DSM_753|accession|NZ_DS480348.1	1.8713287333547687e-34	1.1587351247378362e-06	1.0	1.1587351247378362e-06	0.0	4.3884406334757884e-17	3.3796441138186886e-05	29.166666666666664	4.866687523898912e-05	1.6222291746329706e-05
ti|411474|org|Coprococcus_eutactus_ATCC_27759|accession|NZ_DS483540.1	1.8713287333547687e-34	1.1587351247378362e-06	1.0	1.1587351247378362e-06	0.0	1.8713287333547687e-34	1.1587351247378362e-06	1.0	1.1587351247378362e-06	0.0
ti|301302|org|Roseburia_faecis|accession|NZ_CYXV01000017.1	1.8713287333547687e-34	1.1587351247378362e-06	1.0	1.1587351247378362e-06	0.0	2.468565367897808e-07	4.634940498951345e-06	4.0	3.4762053742135087e-06	2.3174702494756723e-06
ti|1871002|org|Acidaminococcus_timonensis|accession|NZ_FNWH01000006.1	1.8713287333547687e-34	1.1587351247378362e-06	1.0	1.1587351247378362e-06	0.0	1.7754629402729818e-13	1.1587351247378362e-06	1.0	1.1587351247378362e-06	0.0
ti|1550024|org|Ruthenibacterium_lactatiformans|accession|NZ_JXXK01000030.1	1.8713287333547687e-34	1.1587351247378362e-06	1.0	1.1587351247378362e-06	0.0	1.8713287333547687e-34	1.1587351247378362e-06	1.0	1.1587351247378362e-06	0.0
