"TaxonomyID","Genome","read_count","Proportion","readsEM","EMProportion","domain","phylum","class","order","family","genus","species","best_hit_genus","genus_counts","best_hit_species","species_counts","uniqueness_score","species_percentage_hit","genus_percentage_hit","species_contaminant_score","genus_contaminant_score"
435590,"Phocaeicola vulgatus",95753,0.0959906729061155,87232.6,0.0874490775404173,"0","Bacteroidota","Bacteroidia","Bacteroidales","Bacteroidaceae","Phocaeicola","Phocaeicola vulgatus","Phocaeicola",37,"Phocaeicola vulgatus",18,2,0,0,0,0
537011,"Segatella copri",84639,0.0848490863377723,84636.4,0.0848464600164555,"0","Bacteroidota","Bacteroidia","Bacteroidales","Prevotellaceae","Segatella","Segatella copri","Bacteroides",1,"uncultured bacterium",1,1,0,0,0,0
820,"Bacteroides uniformis",61142,0.0612937633580746,62416.2,0.0625711043977149,"0","Bacteroidota","Bacteroidia","Bacteroidales","Bacteroidaceae","Bacteroides","Bacteroides uniformis","Bacteroides",21,"Bacteroides uniformis",18,1,0,0,0,0
853,"Faecalibacterium prausnitzii",56920,0.0570612837385366,56516.2,0.0566564815664597,"0","Bacillota","Clostridia","Eubacteriales","Oscillospiraceae","Faecalibacterium","Faecalibacterium prausnitzii","Faecalibacterium",17,"Faecalibacterium prausnitzii",1,1,0,0,0,0
39491,"Agathobacter rectalis",35612,0.0357003941759797,35263,0.0353505704332254,"0","Bacillota","Clostridia","Lachnospirales","Lachnospiraceae","Agathobacter","Agathobacter rectalis","Paenibacillus",1,"uncultured bacterium",1,1,0,0,0,0
1150298,"Fusicatenibacter saccharivorans",24678,0.0247392543938792,24369.3,0.0244297564325694,"0","Bacillota","Clostridia","Lachnospirales","Lachnospiraceae","Fusicatenibacter","Fusicatenibacter saccharivorans","Pseudarthrobacter",1,"Mediterraneibacter gnavus",1,2,0,0,0,0
357276,"Phocaeicola dorei",23350,0.0234079581042662,29192.9,0.0292653998819356,"0","Bacteroidota","Bacteroidia","Bacteroidales","Bacteroidaceae","Phocaeicola","Phocaeicola dorei","Phocaeicola",32,"Phocaeicola dorei",31,1,0,0,0,0
386585,"Escherichia coli",22347,0.0224024685120358,22339.8,0.0223952772286993,"0","Pseudomonadota","Gammaproteobacteria","Enterobacterales","Enterobacteriaceae","Escherichia","Escherichia coli","Escherichia",33,"Escherichia coli",33,1,0,0,0,0
28116,"Bacteroides ovatus",21639,0.0216927111528144,20255.2,0.020305467757909,"0","Bacteroidota","Bacteroidia","Bacteroidales","Bacteroidaceae","Bacteroides","Bacteroides ovatus","Bacteroides",44,"Bacteroides ovatus",9,1,0,0,0,0
301302,"Roseburia faecis",21369,0.0214220409734503,21012.4,0.0210645799135271,"0","Bacillota","Clostridia","Lachnospirales","Lachnospiraceae","Roseburia","Roseburia faecis","Roseburia",1,"Roseburia intestinalis",2,1,0,0,0,0
445970,"Alistipes putredinis",21041,0.0210932268296302,20735.7,0.0207871388733475,"0","Bacteroidota","Bacteroidia","Bacteroidales","Rikenellaceae","Alistipes","Alistipes putredinis","Bacteroides",2,"Salmonella bongori",1,1,0,0,0,0
411903,"Collinsella aerofaciens",21011,0.0210631523652564,21005.5,0.0210576435018241,"0","Actinomycetota","Coriobacteriia","Coriobacteriales","Coriobacteriaceae","Collinsella","Collinsella aerofaciens","Collinsella",1,"Collinsella aerofaciens",24,1,0,0,0,0
367928,"Bifidobacterium adolescentis",19841,0.0198902482546786,19808.2,0.0198574135705752,"0","Actinomycetota","Actinomycetes","Bifidobacteriales","Bifidobacteriaceae","Bifidobacterium","Bifidobacterium adolescentis","Bifidobacterium",27,"Bifidobacterium adolescentis",29,1,0,0,0,0
40518,"Ruminococcus bromii",18367,0.0184125895717797,18357.8,0.0184033742107105,"0","Bacillota","Clostridia","Eubacteriales","Oscillospiraceae","Ruminococcus","Ruminococcus bromii","Heyndrickxia",1,"Heyndrickxia coagulans",1,1,0,0,0,0
823,"Parabacteroides distasonis",16058,0.0160978582971437,16096.4,0.0161363324637048,"0","Bacteroidota","Bacteroidia","Bacteroidales","Tannerellaceae","Parabacteroides","Parabacteroides distasonis","Parabacteroides",36,"Parabacteroides distasonis",23,1,0,0,0,0
449673,"Bacteroides stercoris",15741,0.0157800714569274,15543.4,0.0155819418060601,"0","Bacteroidota","Bacteroidia","Bacteroidales","Bacteroidaceae","Bacteroides","Bacteroides stercoris","Bacteroides",9,"uncultured bacterium",1,1,0,0,0,0
484018,"Phocaeicola plebeius",14513,0.0145490233818936,13742,0.0137761468458949,"0","Bacteroidota","Bacteroidia","Bacteroidales","Bacteroidaceae","Phocaeicola","Phocaeicola plebeius","Phocaeicola",1,"Phocaeicola dorei",1,1,0,0,0,0
997873,"Bacteroides caccae",13510,0.0135435337896632,13527,0.0135605779113313,"0","Bacteroidota","Bacteroidia","Bacteroidales","Bacteroidaceae","Bacteroides","Bacteroides caccae","Bacteroides",19,"Bacteroides caccae",1,1,0,0,0,0
818,"Bacteroides thetaiotaomicron",13230,0.0132628387888412,12925.4,0.0129574457999626,"0","Bacteroidota","Bacteroidia","Bacteroidales","Bacteroidaceae","Bacteroides","Bacteroides thetaiotaomicron","Bacteroides",44,"Bacteroides thetaiotaomicron",34,1,0,0,0,0
239935,"Akkermansia muciniphila",13052,0.01308439696689,13051.9,0.0130842658695865,"0","Verrucomicrobiota","Verrucomicrobiia","Verrucomicrobiales","Akkermansiaceae","Akkermansia","Akkermansia muciniphila","Akkermansia",48,"Akkermansia muciniphila",48,1,0,0,0,0
565042,"Bifidobacterium longum",12800,0.0128317714661502,12817.4,0.0128492165933644,"0","Actinomycetota","Actinomycetes","Bifidobacteriales","Bifidobacteriaceae","Bifidobacterium","Bifidobacterium longum","Bifidobacterium",46,"Bifidobacterium longum",43,1,0,0,0,0
649756,"Anaerostipes hadrus",12213,0.0122433144465697,12134.7,0.0121647812102962,"0","Bacillota","Clostridia","Lachnospirales","Lachnospiraceae","Anaerostipes","Anaerostipes hadrus","Blautia",1,"Bacteriophage sp.",1,1,0,0,0,0
33039,"[Ruminococcus] torques",11023,0.0110503606930761,10352.8,0.0103784534779522,"0","Bacillota","Clostridia","Lachnospirales","Lachnospiraceae","Mediterraneibacter","[Ruminococcus] torques","Mediterraneibacter",1,"Citrobacter freundii",1,1,0,0,0,0
88431,"Dorea longicatena",10906,0.0109330702820183,11098.7,0.0111262883894567,"0","Bacillota","Clostridia","Lachnospirales","Lachnospiraceae","Dorea","Dorea longicatena","Mediterraneibacter",1,"Mediterraneibacter gnavus",1,1,0,0,0,0
622312,"Roseburia inulinivorans",10499,0.0105250600486805,10056.6,0.0100815155634766,"0","Bacillota","Clostridia","Lachnospirales","Lachnospiraceae","Roseburia","Roseburia inulinivorans","Faecalibacterium",2,"Roseburia intestinalis",2,1,0,0,0,0
39488,"Anaerobutyricum hallii",10329,0.0103546380838957,10228.7,0.010254083578935,"0","Bacillota","Clostridia","Lachnospirales","Lachnospiraceae","Anaerobutyricum","Anaerobutyricum hallii","Escherichia",1,"Escherichia coli",1,2,0,0,0,0
1125630,"Klebsiella pneumoniae",10115,0.010140106904696,9591.3,0.00961512055642493,"0","Pseudomonadota","Gammaproteobacteria","Enterobacterales","Enterobacteriaceae","Klebsiella","Klebsiella pneumoniae","Klebsiella",45,"Klebsiella pneumoniae",43,1,0,0,0,0
471870,"Bacteroides intestinalis",9806,0.009830339921646,8431,0.00845189191014127,"0","Bacteroidota","Bacteroidia","Bacteroidales","Bacteroidaceae","Bacteroides","Bacteroides intestinalis","Bacteroides",6,"Bacteroides fragilis",1,1,0,0,0,0
515620,"Lachnospira eligens",8973,0.00899527229420044,8920,0.00894218944025171,"0","Bacillota","Clostridia","Lachnospirales","Lachnospiraceae","Lachnospira","Lachnospira eligens","Roseburia",1,"Mediterraneibacter gnavus",1,2,0,0,0,0
46503,"Parabacteroides merdae",8853,0.00887497443670528,8951.5,0.00897375183308151,"0","Bacteroidota","Bacteroidia","Bacteroidales","Tannerellaceae","Parabacteroides","Parabacteroides merdae","Parabacteroides",1,"Parabacteroides merdae",43,2,0,0,0,0
470146,"Coprococcus comes",8706,0.00872760956127371,8893.9,0.00891595075344329,"0","Bacillota","Clostridia","Lachnospirales","Lachnospiraceae","Coprococcus","Coprococcus comes","Mediterraneibacter",1,"Mediterraneibacter gnavus",1,1,0,0,0,0
1121115,"Blautia wexlerae",8686,0.00870755991835785,8593.9,0.00861524891175633,"0","Bacillota","Clostridia","Lachnospirales","Lachnospiraceae","Blautia","Blautia wexlerae","Clostridioides",1,"Clostridioides difficile",1,1,0,0,0,0
33043,"Coprococcus eutactus",8185,0.00820531636331557,8254.7,0.00827521896586751,"0","Bacillota","Clostridia","Lachnospirales","Lachnospiraceae","Coprococcus","Coprococcus eutactus","Coprococcus",1,"Agathobacter rectalis",1,1,0,0,0,0
411459,"Blautia obeum",7996,0.0080158472377607,8008.2,0.00802807948295003,"0","Bacillota","Clostridia","Lachnospirales","Lachnospiraceae","Blautia","Blautia obeum","Blautia",2,"Bacteriophage sp.",1,1,0,0,0,0
214856,"Alistipes finegoldii",7827,0.00784642775512168,7250.3,0.0072683194344371,"0","Bacteroidota","Bacteroidia","Bacteroidales","Rikenellaceae","Alistipes","Alistipes finegoldii","Alistipes",2,"Mycobacterium intracellulare",1,1,0,0,0,0
411470,"Mediterraneibacter gnavus",7658,0.00767700827248267,7838.2,0.00785767860846563,"0","Bacillota","Clostridia","Lachnospirales","Lachnospiraceae","Mediterraneibacter","Mediterraneibacter gnavus","Mediterraneibacter",1,"Bacteriophage sp.",1,1,0,0,0,0
272559,"Bacteroides fragilis",7608,0.00762688416519302,7649.5,0.00766847902003436,"0","Bacteroidota","Bacteroidia","Bacteroidales","Bacteroidaceae","Bacteroides","Bacteroides fragilis","Bacteroides",46,"Bacteroides fragilis",46,1,0,0,0,0
585394,"Roseburia hominis",7600,0.00761886430802667,8199.1,0.00821941359022045,"0","Bacillota","Clostridia","Lachnospirales","Lachnospiraceae","Roseburia","Roseburia hominis","Roseburia",1,"uncultured bacterium",1,1,0,0,0,0
742726,"Barnesiella intestinihominis",7389,0.00740734057526435,7783.1,0.00780240024583442,"0","Bacteroidota","Bacteroidia","Bacteroidales","Barnesiellaceae","Barnesiella","Barnesiella intestinihominis","Phocaeicola",1,"Phocaeicola vulgatus",1,1,0,0,0,0
246787,"Bacteroides cellulosilyticus",7322,0.00734017427149622,8948.4,0.00897059510753123,"0","Bacteroidota","Bacteroidia","Bacteroidales","Bacteroidaceae","Bacteroides","Bacteroides cellulosilyticus","Bacteroides",2,"Bacteroides cellulosilyticus",27,3,0,0,0,0
116085,"Coprococcus catus",7252,0.00727000052129072,7517.8,0.00753650151525186,"0","Bacillota","Clostridia","Lachnospirales","Lachnospiraceae","Coprococcus","Coprococcus catus","Coprococcus",2,"Dorea longicatena",1,1,0,0,0,0
536231,"Roseburia intestinalis",6826,0.0068429431271829,7251.1,0.00726909818038481,"0","Bacillota","Clostridia","Lachnospirales","Lachnospiraceae","Roseburia","Roseburia intestinalis","Roseburia",1,"Roseburia intestinalis",1,1,0,0,0,0
1121098,"Phocaeicola massiliensis",6642,0.006658486412357,6825.9,0.00684279731504661,"0","Bacteroidota","Bacteroidia","Bacteroidales","Bacteroidaceae","Phocaeicola","Phocaeicola massiliensis","Phocaeicola",2,"Phocaeicola dorei",1,1,0,0,0,0
1550024,"Ruthenibacterium lactatiformans",6446,0.00646199991178157,6461.9,0.0064779684359142,"0","Bacillota","Clostridia","Eubacteriales","Oscillospiraceae","Ruthenibacterium","Ruthenibacterium lactatiformans","Faecalibacterium",1,"Faecalibacterium prausnitzii",2,4,0,0,0,0
28052,"Lachnospira pectinoschiza",6114,0.0061291758393783,6121,0.00613621262073826,"0","Bacillota","Clostridia","Lachnospirales","Lachnospiraceae","Lachnospira","Lachnospira pectinoschiza","Clostridium",1,"Clostridium botulinum",1,1,0,0,0,0
28111,"Bacteroides eggerthii",5733,0.00574723014183117,5929.6,0.00594435417436314,"0","Bacteroidota","Bacteroidia","Bacteroidales","Bacteroidaceae","Bacteroides","Bacteroides eggerthii","Bacteroides",1,"Bacteroides caccae",1,1,0,0,0,0
119219,"Cupriavidus metallidurans",5719,0.00573319539179007,5719,0.00573319539179007,"0","Pseudomonadota","Betaproteobacteria","Burkholderiales","Burkholderiaceae","Cupriavidus","Cupriavidus metallidurans","Cupriavidus",7,"Cupriavidus metallidurans",1,1,0,0,0,0
45851,"Eshraghiella crossota",5496,0.00550964187327824,5679.9,0.00569401662027321,"0","Bacillota","Clostridia","Lachnospirales","Lachnospiraceae","Eshraghiella","Eshraghiella crossota","Streptococcus",1,"Streptococcus agalactiae",1,1,0,0,0,0
868129,"Prevotella bivia",5172,0.00518483765804131,5124.3,0.00513702943904502,"0","Bacteroidota","Bacteroidia","Bacteroidales","Prevotellaceae","Prevotella","Prevotella bivia","Prevotella",1,"Prevotella melaninogenica",1,1,0,0,0,0
347253,"Streptococcus salivarius",5143,0.00515576567581331,5065.3,0.00507787762026665,"0","Bacillota","Bacilli","Lactobacillales","Streptococcaceae","Streptococcus","Streptococcus salivarius","Streptococcus",44,"Streptococcus salivarius",7,2,0,0,0,0
28118,"Odoribacter splanchnicus",5011,0.00502343803256864,5049.6,0.00506216354498455,"0","Bacteroidota","Bacteroidia","Bacteroidales","Odoribacteraceae","Odoribacter","Odoribacter splanchnicus","Serratia",1,"Serratia marcescens",1,1,0,0,0,0
310298,"Phocaeicola coprocola",4985,0.00499737349677802,4896.4,0.00490858421081005,"0","Bacteroidota","Bacteroidia","Bacteroidales","Bacteroidaceae","Phocaeicola","Phocaeicola coprocola","Bacteroides",1,"Bacteriophage sp.",1,1,0,0,0,0
745368,"Gemmiger formicilis",4757,0.00476880756753722,4847.5,0.00485957416812044,"0","Bacillota","Clostridia","Eubacteriales","0","Gemmiger","Gemmiger formicilis","Faecalibacterium",1,"Faecalibacterium prausnitzii",2,1,0,0,0,0
717959,"Alistipes shahii",4706,0.00471768097810178,5095.5,0.00510813692684118,"0","Bacteroidota","Bacteroidia","Bacteroidales","Rikenellaceae","Alistipes","Alistipes shahii","Alistipes",6,"Alistipes onderdonkii",4,1,0,0,0,0
292800,"Flavonifractor plautii",4702,0.00471367104951861,4715.4,0.00472709714403548,"0","Bacillota","Clostridia","Eubacteriales","Oscillospiraceae","Flavonifractor","Flavonifractor plautii","Flavonifractor",39,"Flavonifractor plautii",39,1,0,0,0,0
674529,"Bacteroides faecis",4444,0.00445503065590402,5294.7,0.00530784078047378,"0","Bacteroidota","Bacteroidia","Bacteroidales","Bacteroidaceae","Bacteroides","Bacteroides faecis","Bacteroides",18,"Bacteroides faecis",38,1,0,0,0,0
1735,"Holdemanella biformis",4347,0.0043577898877621,4376.1,0.00438700178337595,"0","Bacillota","Erysipelotrichia","Erysipelotrichales","Erysipelotrichaceae","Holdemanella","Holdemanella biformis","Clostridioides",1,"Clostridioides difficile",1,1,0,0,0,0
1501391,"Alistipes inops",4280,0.00429062358399397,4280.2,0.00429081075375257,"0","Bacteroidota","Bacteroidia","Bacteroidales","Rikenellaceae","Alistipes","Alistipes inops","Alistipes",1,"Alistipes onderdonkii",1,1,0,0,0,0
2173,"Methanobrevibacter smithii",4254,0.00426455904820335,4254,0.00426455904820335,"0","Methanobacteriota","Methanobacteria","Methanobacteriales","Methanobacteriaceae","Methanobrevibacter","Methanobrevibacter smithii","Methanobrevibacter",2,"Methanobrevibacter smithii",41,1,0,0,0,0
483215,"Bacteroides finegoldii",4017,0.00402697077965041,4401.1,0.00441204116181395,"0","Bacteroidota","Bacteroidia","Bacteroidales","Bacteroidaceae","Bacteroides","Bacteroides finegoldii","Bacteroides",18,"Bacteroides ovatus",1,1,0,0,0,0
291644,"Bacteroides salyersiae",3921,0.00393073249365429,4101.1,0.0041112409180077,"0","Bacteroidota","Bacteroidia","Bacteroidales","Bacteroidaceae","Bacteroides","Bacteroides salyersiae","Bacteroides",2,"Bacteroides fragilis",1,2,0,0,0,0
1002367,"Leyella stercorea",3748,0.0037573030824321,4121.5,0.00413172439219465,"0","Bacteroidota","Bacteroidia","Bacteroidales","Prevotellaceae","Leyella","Leyella stercorea","Alistipes",1,"Phocaeicola dorei",1,1,0,0,0,0
39486,"Dorea formicigenerans",3621,0.00362998784991639,3933.2,0.00394295360269078,"0","Bacillota","Clostridia","Lachnospirales","Lachnospiraceae","Dorea","Dorea formicigenerans","Lachnoclostridium",2,"[Clostridium] scindens",1,1,0,0,0,0
1384484,"Adlercreutzia equolifaciens",3503,0.00351169495671282,3502.7,0.00351142228835196,"0","Actinomycetota","Coriobacteriia","Eggerthellales","Eggerthellaceae","Adlercreutzia","Adlercreutzia equolifaciens","Eggerthella",3,"Eggerthella lenta",3,1,0,0,0,0
1308,"Streptococcus thermophilus",3441,0.00344954106367366,3515.5,0.003524210823399,"0","Bacillota","Bacilli","Lactobacillales","Streptococcaceae","Streptococcus","Streptococcus thermophilus","Streptococcus",50,"Streptococcus thermophilus",50,1,0,0,0,0
626940,"Phascolarctobacterium succinatutens",3392,0.0034004194385298,3388.6,0.0033969774488525,"0","Bacillota","Negativicutes","Acidaminococcales","Acidaminococcaceae","Phascolarctobacterium","Phascolarctobacterium succinatutens","Phascolarctobacterium",3,"Clostridioides difficile",1,2,0,0,0,0
39490,"Eubacterium ramulus",3058,0.00306559040183494,3192,0.00319995875376327,"0","Bacillota","Clostridia","Eubacteriales","Eubacteriaceae","Eubacterium","Eubacterium ramulus","Roseburia",1,"uncultured bacterium",1,1,0,0,0,0
566552,"Bifidobacterium catenulatum",3043,0.00305055316964805,2800.9,0.00280789187288784,"0","Actinomycetota","Actinomycetes","Bifidobacteriales","Bifidobacteriaceae","Bifidobacterium","Bifidobacterium catenulatum","Bifidobacterium",28,"Bifidobacterium pseudocatenulatum",1,1,0,0,0,0
762982,"Paraprevotella xylaniphila",3020,0.00302749608029481,3060.7,0.00306827635538933,"0","Bacteroidota","Bacteroidia","Bacteroidales","Prevotellaceae","Paraprevotella","Paraprevotella xylaniphila","Bacteroides",1,"Bacteroides caccae",1,1,0,0,0,0
471875,"[Ruminococcus] lactaris",2959,0.00296634466940144,2992,0.00299943232781576,"0","Bacillota","Clostridia","Lachnospirales","Lachnospiraceae","Mediterraneibacter","[Ruminococcus] lactaris","Lachnoclostridium",1,"[Clostridium] scindens",1,1,0,0,0,0
1628085,"Agathobaculum butyriciproducens",2874,0.00288113368700903,2901.3,0.00290852474285308,"0","Bacillota","Clostridia","Eubacteriales","Butyricicoccaceae","Agathobaculum","Agathobaculum butyriciproducens","Flavonifractor",1,"Flavonifractor plautii",1,1,0,0,0,0
762966,"Parasutterella excrementihominis",2866,0.00287311382984269,2866.7,0.00287380368641819,"0","Pseudomonadota","Betaproteobacteria","Burkholderiales","Sutterellaceae","Parasutterella","Parasutterella excrementihominis","Nitrosomonas",1,"Nitrosomonas sp.",1,1,0,0,0,0
371601,"Bacteroides xylanisolvens",2749,0.00275582341878491,4208.3,0.00421872922936497,"0","Bacteroidota","Bacteroidia","Bacteroidales","Bacteroidaceae","Bacteroides","Bacteroides xylanisolvens","Bacteroides",31,"Bacteroides xylanisolvens",12,1,0,0,0,0
679190,"Hoylesella buccalis",2740,0.00274680107947277,2948.8,0.0029561070488341,"0","Bacteroidota","Bacteroidia","Bacteroidales","Prevotellaceae","Hoylesella","Hoylesella buccalis","Prevotella",1,"Prevotella intermedia",1,2,0,0,0,0
1681,"Bifidobacterium bifidum",2660,0.00266660250780934,2673,0.00267965396437964,"0","Actinomycetota","Actinomycetes","Bifidobacteriales","Bifidobacteriaceae","Bifidobacterium","Bifidobacterium bifidum","Bifidobacterium",46,"Bifidobacterium bifidum",42,1,0,0,0,0
33025,"Phascolarctobacterium faecium",2611,0.00261748088266548,2617.7,0.00262416983186055,"0","Bacillota","Negativicutes","Acidaminococcales","Acidaminococcaceae","Phascolarctobacterium","Phascolarctobacterium faecium","Phascolarctobacterium",39,"Phascolarctobacterium faecium",39,1,0,0,0,0
261299,"Intestinibacter bartlettii",2294,0.0022996940424491,2299.2,0.00230492522847189,"0","Bacillota","Clostridia","Peptostreptococcales","Peptostreptococcaceae","Intestinibacter","Intestinibacter bartlettii","Clostridium",2,"uncultured bacterium",1,1,0,0,0,0
572010,"Slackia isoflavoniconvertens",2257,0.00226260220305476,2256.5,0.00226210731650161,"0","Actinomycetota","Coriobacteriia","Eggerthellales","Eggerthellaceae","Slackia","Slackia isoflavoniconvertens","Bifidobacterium",1,"Bifidobacterium breve",1,1,0,0,0,0
39496,"Eubacterium ventriosum",2200,0.00220546072074456,2259.6,0.00226518829659185,"0","Bacillota","Clostridia","Eubacteriales","Eubacteriaceae","Eubacterium","Eubacterium ventriosum","Enterococcus",1,"Enterococcus mundtii",1,1,0,0,0,0
84112,"Eggerthella lenta",2196,0.00220145079216139,2161.7,0.00216708409271318,"0","Actinomycetota","Coriobacteriia","Eggerthellales","Eggerthellaceae","Eggerthella","Eggerthella lenta","Eggerthella",36,"Eggerthella lenta",33,1,0,0,0,0
1122992,"Hoylesella timonensis",2153,0.00215834405989229,1911.2,0.00191589590163783,"0","Bacteroidota","Bacteroidia","Bacteroidales","Prevotellaceae","Hoylesella","Hoylesella timonensis","Prevotella",1,"Prevotella denticola",1,2,0,0,0,0
901,"Desulfovibrio piger",2127,0.00213227952410168,2127,0.00213227952410168,"0","Thermodesulfobacteriota","Desulfovibrionia","Desulfovibrionales","Desulfovibrionaceae","Desulfovibrio","Desulfovibrio piger","Desulfovibrio",2,"Desulfovibrio desulfuricans",1,2,0,0,0,0
2590157,"Klebsiella variicola",2087,0.00209218023826996,2617.9,0.00262435786533662,"0","Pseudomonadota","Gammaproteobacteria","Enterobacterales","Enterobacteriaceae","Klebsiella","Klebsiella variicola","Klebsiella",47,"Klebsiella variicola",19,2,0,0,0,0
1069534,"Ligilactobacillus ruminis",1927,0.00193178309494308,1927.2,0.00193201603334531,"0","Bacillota","Bacilli","Lactobacillales","Lactobacillaceae","Ligilactobacillus","Ligilactobacillus ruminis","Lactiplantibacillus",1,"Lactiplantibacillus pentosus",1,1,0,0,0,0
518635,"Bifidobacterium angulatum",1922,0.00192677068421411,1930.6,0.00193543994919073,"0","Actinomycetota","Actinomycetes","Bifidobacteriales","Bifidobacteriaceae","Bifidobacterium","Bifidobacterium angulatum","Bifidobacterium",11,"Bifidobacterium bifidum",1,4,0,0,0,0
626929,"Bacteroides clarus",1872,0.00187664657692447,1907.6,0.00191230810063949,"0","Bacteroidota","Bacteroidia","Bacteroidales","Bacteroidaceae","Bacteroides","Bacteroides clarus","Bacteroides",2,"Bacteroides ovatus",1,1,0,0,0,0
187327,"Acidaminococcus intestini",1831,0.00183554480894695,1842.6,0.0018471608192014,"0","Bacillota","Negativicutes","Acidaminococcales","Acidaminococcaceae","Acidaminococcus","Acidaminococcus intestini","Acidaminococcus",1,"Acidaminococcus intestini",49,1,0,0,0,0
547043,"Bifidobacterium pseudocatenulatum",1811,0.00181549516603109,2046.8,0.0020519122041683,"0","Actinomycetota","Actinomycetes","Bifidobacteriales","Bifidobacteriaceae","Bifidobacterium","Bifidobacterium pseudocatenulatum","Bifidobacterium",24,"Bifidobacterium pseudocatenulatum",26,1,0,0,0,0
1352,"Enterococcus faecium",1740,0.00174431893367979,1740,0.00174431893354025,"0","Bacillota","Bacilli","Lactobacillales","Enterococcaceae","Enterococcus","Enterococcus faecium","Enterococcus",50,"Enterococcus faecium",46,1,0,0,0,0
592028,"Dialister invisus",1719,0.00172326680861814,1719,0.00172326680861814,"0","Bacillota","Negativicutes","Veillonellales","Veillonellaceae","Dialister","Dialister invisus","Clostridium",1,"Clostridium perfringens",1,1,0,0,0,0
471189,"Gordonibacter pamelaeae",1711,0.00171524695145179,1750.2,0.00175453882368723,"0","Actinomycetota","Coriobacteriia","Eggerthellales","Eggerthellaceae","Gordonibacter","Gordonibacter pamelaeae","Eggerthella",1,"Eggerthella lenta",1,1,0,0,0,0
1260,"Finegoldia magna",1564,0.00156788207602023,1564,0.00156788207596327,"0","Bacillota","Tissierellia","Tissierellales","Peptoniphilaceae","Finegoldia","Finegoldia magna","Finegoldia",21,"Finegoldia magna",21,1,0,0,0,0
760570,"Streptococcus parasanguinis",1530,0.00153379768306326,1534.2,0.00153798740935353,"0","Bacillota","Bacilli","Lactobacillales","Streptococcaceae","Streptococcus","Streptococcus parasanguinis","Streptococcus",17,"Streptococcus thermophilus",1,1,0,0,0,0
1122981,"Prevotella corporis",1517,0.00152076541516796,1529.5,0.00153329671410551,"0","Bacteroidota","Bacteroidia","Bacteroidales","Prevotellaceae","Prevotella","Prevotella corporis","Prevotella",2,"Prevotella melaninogenica",1,1,0,0,0,0
1981510,"Monoglobus pectinilyticus",1463,0.00146663137929513,1463.7,0.0014673526936279,"0","Bacillota","Clostridia","Monoglobales","Monoglobaceae","Monoglobus","Monoglobus pectinilyticus","Lachnoclostridium",1,"Ruminococcus flavefaciens",1,3,0,0,0,0
555970,"Bifidobacterium animalis",1436,0.00143956436135872,1436,0.00143955344907142,"0","Actinomycetota","Actinomycetes","Bifidobacteriales","Bifidobacteriaceae","Bifidobacterium","Bifidobacterium animalis","Bifidobacterium",50,"Bifidobacterium animalis",50,1,0,0,0,0
2764323,"Catenibacterium faecis",1402,0.00140547996840176,1260.7,0.001263873567619,"0","Bacillota","Erysipelotrichia","Erysipelotrichales","Coprobacillaceae","Catenibacterium","Catenibacterium faecis","Lactobacillus",1,"Lactobacillus helveticus",1,1,0,0,0,0
1064535,"Megasphaera elsdenii",1251,0.00125410516438702,1251.1,0.00125422275897412,"0","Bacillota","Negativicutes","Veillonellales","Veillonellaceae","Megasphaera","Megasphaera elsdenii","Megasphaera",5,"Megasphaera elsdenii",45,1,0,0,0,0
28130,"Prevotella disiens",1180,0.00118292893203572,1311.6,0.00131485029315808,"0","Bacteroidota","Bacteroidia","Bacteroidales","Prevotellaceae","Prevotella","Prevotella disiens","Prevotella",6,"Prevotella intermedia",4,1,0,0,0,0
29466,"Veillonella parvula",1129,0.00113180234260028,1129,0.00113180233022976,"0","Bacillota","Negativicutes","Veillonellales","Veillonellaceae","Veillonella","Veillonella parvula","Veillonella",4,"Veillonella parvula",1,1,0,0,0,0
3035606,"Catenibacterium tridentinum",316,0.000316784358070583,457.4,0.000458487343916276,"0","Bacillota","Erysipelotrichia","Erysipelotrichales","Coprobacillaceae","Catenibacterium","Catenibacterium tridentinum","0",0,"0",0,0,0,0,0,0
871665,"Blautia faecis",46,4.61141787064772e-05,34.6,3.46937394107361e-05,"0","Bacillota","Clostridia","Lachnospirales","Lachnospiraceae","Blautia","Blautia faecis","0",0,"0",0,0,0,0,0,0
290052,"Acetivibrio ethanolgignens",22,2.20546072074456e-05,18.5,1.85686486993046e-05,"0","Bacillota","Clostridia","Eubacteriales","Oscillospiraceae","Acetivibrio","Acetivibrio ethanolgignens","0",0,"0",0,0,0,0,0,0
2881276,"Fusicatenibacter faecihominis",20,2.00496429158597e-05,17.1,1.70997940949388e-05,"0","Bacillota","Clostridia","Lachnospirales","Lachnospiraceae","Fusicatenibacter","Fusicatenibacter faecihominis","0",0,"0",0,0,0,0,0,0
2763042,"Dysosmobacter segnis",17,1.70421964784807e-05,24.7,2.47355628629201e-05,"0","Bacillota","Clostridia","Eubacteriales","Oscillospiraceae","Dysosmobacter","Dysosmobacter segnis","0",0,"0",0,0,0,0,0,0
411468,"[Clostridium] scindens",15,1.50372321868948e-05,11.4,1.14761648412521e-05,"0","Bacillota","Clostridia","Lachnospirales","Lachnospiraceae","Lachnoclostridium","[Clostridium] scindens","0",0,"0",0,0,0,0,0,0
2763064,"Roseburia zhanii",13,1.30322678953088e-05,11.9,1.18948675341369e-05,"0","Bacillota","Clostridia","Lachnospirales","Lachnospiraceae","Roseburia","Roseburia zhanii","0",0,"0",0,0,0,0,0,0
1410674,"Sharpea azabuensis",12,1.20297857495158e-05,12,1.20299257586309e-05,"0","Bacillota","Erysipelotrichia","Erysipelotrichales","Coprobacillaceae","Sharpea","Sharpea azabuensis","0",0,"0",0,0,0,0,0,0
2447885,"Bacteroides faecalis",12,1.20297857495158e-05,9.6,9.66008983223286e-06,"0","Bacteroidota","Bacteroidia","Bacteroidales","Bacteroidaceae","Bacteroides","Bacteroides faecalis","0",0,"0",0,0,0,0,0,0
411483,"Faecalibacterium duncaniae",10,1.00248214579298e-05,12.7,1.27068574619315e-05,"0","Bacillota","Clostridia","Eubacteriales","Oscillospiraceae","Faecalibacterium","Faecalibacterium duncaniae","0",0,"0",0,0,0,0,0,0
2763030,"Blautia segnis",10,1.00248214579298e-05,10,1.00569054387574e-05,"0","Bacillota","Clostridia","Lachnospirales","Lachnospiraceae","Blautia","Blautia segnis","0",0,"0",0,0,0,0,0,0
1410657,"Kandleria vitulina",9,9.02233931213685e-06,9,9.02286942927749e-06,"0","Bacillota","Erysipelotrichia","Erysipelotrichales","Coprobacillaceae","Kandleria","Kandleria vitulina","0",0,"0",0,0,0,0,0,0
1982626,"Faecalibacillus intestinalis",9,9.02233931213685e-06,8.9,8.93123357009784e-06,"0","Bacillota","Erysipelotrichia","Erysipelotrichales","Coprobacillaceae","Faecalibacillus","Faecalibacillus intestinalis","0",0,"0",0,0,0,0,0,0
39482,"Faecalicatena contorta",9,9.02233931213685e-06,8.6,8.64703753920477e-06,"0","Bacillota","Clostridia","Lachnospirales","Lachnospiraceae","Faecalicatena","Faecalicatena contorta","0",0,"0",0,0,0,0,0,0
2605778,"Clostridium porci",7,7.01737502055088e-06,7.3,7.30293175973427e-06,"0","Bacillota","Clostridia","Eubacteriales","Clostridiaceae","Clostridium","Clostridium porci","0",0,"0",0,0,0,0,0,0
89014,"Blautia luti",7,7.01737502055088e-06,10.3,1.03035374083298e-05,"0","Bacillota","Clostridia","Lachnospirales","Lachnospiraceae","Blautia","Blautia luti","0",0,"0",0,0,0,0,0,0
3133154,"Coprococcus intestinihominis",7,7.01737502055088e-06,8,8.02077851532591e-06,"0","Bacillota","Clostridia","Lachnospirales","Lachnospiraceae","Coprococcus","Coprococcus intestinihominis","0",0,"0",0,0,0,0,0,0
2763677,"Zongyangia hominis",6,6.0148928747579e-06,6.7,6.70277985997123e-06,"0","Bacillota","Clostridia","Eubacteriales","Oscillospiraceae","Zongyangia","Zongyangia hominis","0",0,"0",0,0,0,0,0,0
1871018,"Angelakisella massiliensis",6,6.0148928747579e-06,6.7,6.67510649424112e-06,"0","Bacillota","Clostridia","Eubacteriales","Oscillospiraceae","Angelakisella","Angelakisella massiliensis","0",0,"0",0,0,0,0,0,0
1871030,"Merdibacter massiliensis",6,6.0148928747579e-06,8.2,8.26069622103386e-06,"0","Bacillota","Erysipelotrichia","Erysipelotrichales","Erysipelotrichaceae","Merdibacter","Merdibacter massiliensis","0",0,"0",0,0,0,0,0,0
762210,"Bifidobacterium saguini",5,5.01241072896492e-06,5,5.01241595171724e-06,"0","Actinomycetota","Actinomycetes","Bifidobacteriales","Bifidobacteriaceae","Bifidobacterium","Bifidobacterium saguini","0",0,"0",0,0,0,0,0,0
2939491,"Parabacteroides leei",5,5.01241072896492e-06,6.3,6.29908767860369e-06,"0","Bacteroidota","Bacteroidia","Bacteroidales","Tannerellaceae","Parabacteroides","Parabacteroides leei","0",0,"0",0,0,0,0,0,0
2079531,"Prevotella merdae",5,5.01241072896492e-06,4.7,4.66763965480013e-06,"0","Bacteroidota","Bacteroidia","Bacteroidales","Prevotellaceae","Prevotella","Prevotella merdae","0",0,"0",0,0,0,0,0,0
2838470,"Candidatus Bacteroides intestinigallinarum",4,4.00992858317193e-06,4.7,4.7384318306656e-06,"0","Bacteroidota","Bacteroidia","Bacteroidales","Bacteroidaceae","Bacteroides","Candidatus Bacteroides intestinigallinarum","0",0,"0",0,0,0,0,0,0
2989541,"Bacteroides rhinocerotis",4,4.00992858317193e-06,3.6,3.61254679608669e-06,"0","Bacteroidota","Bacteroidia","Bacteroidales","Bacteroidaceae","Bacteroides","Bacteroides rhinocerotis","0",0,"0",0,0,0,0,0,0
2941338,"Streptococcus caecimuris",4,4.00992858317193e-06,3.2,3.24376142437759e-06,"0","Bacillota","Bacilli","Lactobacillales","Streptococcaceae","Streptococcus","Streptococcus caecimuris","0",0,"0",0,0,0,0,0,0
568814,"Streptococcus suis",3,3.00744643737895e-06,2.5,2.4828082450031e-06,"0","Bacillota","Bacilli","Lactobacillales","Streptococcaceae","Streptococcus","Streptococcus suis","0",0,"0",0,0,0,0,0,0
2739389,"Phocaeicola faecicola",3,3.00744643737895e-06,3.6,3.64419903779581e-06,"0","Bacteroidota","Bacteroidia","Bacteroidales","Bacteroidaceae","Phocaeicola","Phocaeicola faecicola","0",0,"0",0,0,0,0,0,0
2764327,"Holdemanella hominis",3,3.00744643737895e-06,3,3.00745141772986e-06,"0","Bacillota","Erysipelotrichia","Erysipelotrichales","Erysipelotrichaceae","Holdemanella","Holdemanella hominis","0",0,"0",0,0,0,0,0,0
2529381,"Enterobacter wuhouensis",3,3.00744643737895e-06,2.5,2.50620543664968e-06,"0","Pseudomonadota","Gammaproteobacteria","Enterobacterales","Enterobacteriaceae","Enterobacter","Enterobacter wuhouensis","0",0,"0",0,0,0,0,0,0
3133166,"Laedolimicola intestinihominis",3,3.00744643737895e-06,3.7,3.67465142374061e-06,"0","Bacillota","Clostridia","Lachnospirales","Lachnospiraceae","Laedolimicola","Laedolimicola intestinihominis","0",0,"0",0,0,0,0,0,0
1776384,"Emergencia timonensis",3,3.00744643737895e-06,2.9,2.86717998242179e-06,"0","Bacillota","Clostridia","Peptostreptococcales","Anaerovoracaceae","Emergencia","Emergencia timonensis","0",0,"0",0,0,0,0,0,0
596329,"Peptostreptococcus anaerobius",2,2.00496429158597e-06,2,2.00496441736961e-06,"0","Bacillota","Clostridia","Peptostreptococcales","Peptostreptococcaceae","Peptostreptococcus","Peptostreptococcus anaerobius","0",0,"0",0,0,0,0,0,0
537007,"Blautia hansenii",2,2.00496429158597e-06,2.2,2.16994915515901e-06,"0","Bacillota","Clostridia","Lachnospirales","Lachnospiraceae","Blautia","Blautia hansenii","0",0,"0",0,0,0,0,0,0
2652286,"Sharpea porci",2,2.00496429158597e-06,2,2.00496429356917e-06,"0","Bacillota","Erysipelotrichia","Erysipelotrichales","Coprobacillaceae","Sharpea","Sharpea porci","0",0,"0",0,0,0,0,0,0
2763065,"Ruminococcus hominis",2,2.00496429158597e-06,2.3,2.3200280917246e-06,"0","Bacillota","Clostridia","Eubacteriales","Oscillospiraceae","Ruminococcus","Ruminococcus hominis","0",0,"0",0,0,0,0,0,0
2763670,"Wujia chipingensis",2,2.00496429158597e-06,3.7,3.72456240034276e-06,"0","Bacillota","Clostridia","Lachnospirales","Lachnospiraceae","Wujia","Wujia chipingensis","0",0,"0",0,0,0,0,0,0
2780922,"Solibaculum mannosilyticum",2,2.00496429158597e-06,2,2.02648544975646e-06,"0","Bacillota","Clostridia","Eubacteriales","Oscillospiraceae","Solibaculum","Solibaculum mannosilyticum","0",0,"0",0,0,0,0,0,0
1748967,"Citrobacter cronae",2,2.00496429158597e-06,2.5,2.50620538237495e-06,"0","Pseudomonadota","Gammaproteobacteria","Enterobacterales","Enterobacteriaceae","Citrobacter","Citrobacter cronae","0",0,"0",0,0,0,0,0,0
2230878,"Enterococcus sp. DIV1094",2,2.00496429158597e-06,2,2.00496439354734e-06,"0","Bacillota","Bacilli","Lactobacillales","Enterococcaceae","Enterococcus","Enterococcus sp. DIV1094","0",0,"0",0,0,0,0,0,0
3111861,"Streptococcus gingivalis",2,2.00496429158597e-06,2.9,2.86850096913988e-06,"0","Bacillota","Bacilli","Lactobacillales","Streptococcaceae","Streptococcus","Streptococcus gingivalis","0",0,"0",0,0,0,0,0,0
1841857,"Culturomica massiliensis",2,2.00496429158597e-06,2.3,2.33139685100731e-06,"0","Bacteroidota","Bacteroidia","Bacteroidales","Odoribacteraceae","Culturomica","Culturomica massiliensis","0",0,"0",0,0,0,0,0,0
1156431,"Streptococcus ilei",1,1.00248214579298e-06,1.4,1.39375900616855e-06,"0","Bacillota","Bacilli","Lactobacillales","Streptococcaceae","Streptococcus","Streptococcus ilei","0",0,"0",0,0,0,0,0,0
762211,"Bifidobacterium stellenboschense",1,1.00248214579298e-06,0.6,5.87800779705215e-07,"0","Actinomycetota","Actinomycetes","Bifidobacteriales","Bifidobacteriaceae","Bifidobacterium","Bifidobacterium stellenboschense","0",0,"0",0,0,0,0,0,0
518634,"Bifidobacterium breve",1,1.00248214579298e-06,1,9.81119597073018e-07,"0","Actinomycetota","Actinomycetes","Bifidobacteriales","Bifidobacteriaceae","Bifidobacterium","Bifidobacterium breve","0",0,"0",0,0,0,0,0,0
158822,"Cedecea neteri",1,1.00248214579298e-06,1,1.0024821564226e-06,"0","Pseudomonadota","Gammaproteobacteria","Enterobacterales","Enterobacteriaceae","Cedecea","Cedecea neteri","0",0,"0",0,0,0,0,0,0
624,"Shigella sonnei",1,1.00248214579298e-06,1,1.00248344288616e-06,"0","Pseudomonadota","Gammaproteobacteria","Enterobacterales","Enterobacteriaceae","Shigella","Shigella sonnei","0",0,"0",0,0,0,0,0,0
255723,"Slackia faecicanis",1,1.00248214579298e-06,1,1.02901523884285e-06,"0","Actinomycetota","Coriobacteriia","Eggerthellales","Eggerthellaceae","Slackia","Slackia faecicanis","0",0,"0",0,0,0,0,0,0
197614,"Streptococcus pasteurianus",1,1.00248214579298e-06,1.2,1.19921177009674e-06,"0","Bacillota","Bacilli","Lactobacillales","Streptococcaceae","Streptococcus","Streptococcus pasteurianus","0",0,"0",0,0,0,0,0,0
2764330,"Veillonella hominis",1,1.00248214579298e-06,1,1.00249451631535e-06,"0","Bacillota","Negativicutes","Veillonellales","Veillonellaceae","Veillonella","Veillonella hominis","0",0,"0",0,0,0,0,0,0
2763672,"Simiaoa sunii",1,1.00248214579298e-06,1.2,1.19417732831985e-06,"0","Bacillota","Clostridia","Lachnospirales","Lachnospiraceae","Simiaoa","Simiaoa sunii","0",0,"0",0,0,0,0,0,0
1712515,"Butyricicoccus faecihominis",1,1.00248214579298e-06,1.3,1.27107995765196e-06,"0","Bacillota","Clostridia","Eubacteriales","Butyricicoccaceae","Butyricicoccus","Butyricicoccus faecihominis","0",0,"0",0,0,0,0,0,0
387090,"Phocaeicola coprophilus",1,1.00248214579298e-06,1.1,1.1360488251916e-06,"0","Bacteroidota","Bacteroidia","Bacteroidales","Bacteroidaceae","Phocaeicola","Phocaeicola coprophilus","0",0,"0",0,0,0,0,0,0
2489010,"Klebsiella africana",1,1.00248214579298e-06,1,1.00248521312193e-06,"0","Pseudomonadota","Gammaproteobacteria","Enterobacterales","Enterobacteriaceae","Klebsiella","Klebsiella africana","0",0,"0",0,0,0,0,0,0
2885348,"Hominifimenecus microfluidus",1,1.00248214579298e-06,1.2,1.16830070422007e-06,"0","Bacillota","Clostridia","Lachnospirales","Lachnospiraceae","Hominifimenecus","Hominifimenecus microfluidus","0",0,"0",0,0,0,0,0,0
2126740,"Clostridium fessum",1,1.00248214579298e-06,1.2,1.19956745200626e-06,"0","Bacillota","Clostridia","Eubacteriales","Clostridiaceae","Clostridium","Clostridium fessum","0",0,"0",0,0,0,0,0,0
133448,"Citrobacter youngae",1,1.00248214579298e-06,0.7,6.81251221870719e-07,"0","Pseudomonadota","Gammaproteobacteria","Enterobacterales","Enterobacteriaceae","Citrobacter","Citrobacter youngae","0",0,"0",0,0,0,0,0,0
3065809,"Lachnoanaerobaculum sp. JCM 36186",1,1.00248214579298e-06,1,1.02971740667821e-06,"0","Bacillota","Clostridia","Lachnospirales","Lachnospiraceae","Lachnoanaerobaculum","Lachnoanaerobaculum sp. JCM 36186","0",0,"0",0,0,0,0,0,0
3030638,"Faecalibacterium taiwanense",1,1.00248214579298e-06,1.1,1.07432083547582e-06,"0","Bacillota","Clostridia","Eubacteriales","Oscillospiraceae","Faecalibacterium","Faecalibacterium taiwanense","0",0,"0",0,0,0,0,0,0
3230259,"Lachnospira hominis (ex Hitch et al. 2024)",1,1.00248214579298e-06,1.3,1.29226205179724e-06,"0","Bacillota","Clostridia","Lachnospirales","Lachnospiraceae","Lachnospira","Lachnospira hominis (ex Hitch et al. 2024)","0",0,"0",0,0,0,0,0,0
3133162,"Ruminococcoides intestinale",1,1.00248214579298e-06,1.2,1.16964982317363e-06,"0","Bacillota","Clostridia","Eubacteriales","Oscillospiraceae","Ruminococcoides","Ruminococcoides intestinale","0",0,"0",0,0,0,0,0,0
3014267,"Agathobaculum massiliense",1,1.00248214579298e-06,1,1.04195627529353e-06,"0","Bacillota","Clostridia","Eubacteriales","Butyricicoccaceae","Agathobaculum","Agathobaculum massiliense","0",0,"0",0,0,0,0,0,0
150055,"Streptococcus lutetiensis",1,1.00248214579298e-06,1.1,1.09377869156229e-06,"0","Bacillota","Bacilli","Lactobacillales","Streptococcaceae","Streptococcus","Streptococcus lutetiensis","0",0,"0",0,0,0,0,0,0
571,"Klebsiella oxytoca",1,1.00248214579298e-06,1,1.00248221237402e-06,"0","Pseudomonadota","Gammaproteobacteria","Enterobacterales","Enterobacteriaceae","Klebsiella","Klebsiella oxytoca","0",0,"0",0,0,0,0,0,0
