Superkingdom,Phylum,Class,Order,Family,Genus,Species,Name,ti,healthy_stool_10_1,healthy_stool_10_10,healthy_stool_10_100,healthy_stool_10_50,healthy_stool_100_1,healthy_stool_100_10,healthy_stool_100_100,healthy_stool_100_50
NA,Bacillota,Clostridia,Lachnospirales,Lachnospiraceae,Acetitomaculum,Acetitomaculum ruminis,Acetitomaculum ruminis,1,0,0,0,0,0,2,30,0
NA,Bacillota,Clostridia,Eubacteriales,Oscillospiraceae,Acetivibrio,Acetivibrio cellulolyticus,Acetivibrio cellulolyticus,2,0,0,0,0,0,0,3,0
NA,Bacillota,Clostridia,Eubacteriales,Oscillospiraceae,Acetivibrio,Acetivibrio ethanolgignens,Acetivibrio ethanolgignens,3,0,2,0,1,2,7,3,3
NA,Bacillota,Clostridia,Peptostreptococcales,Filifactoraceae,Acetoanaerobium,Acetoanaerobium sticklandii,Acetoanaerobium sticklandii,4,0,0,0,0,0,0,2,0
NA,Bacillota,Negativicutes,Acidaminococcales,Acidaminococcaceae,Acidaminococcus,Acidaminococcus fermentans,Acidaminococcus fermentans,5,0,0,0,0,1,10,15,2
NA,Bacillota,Negativicutes,Acidaminococcales,Acidaminococcaceae,Acidaminococcus,Acidaminococcus intestini,Acidaminococcus intestini,6,0,0,0,0,470,1250,6353,1807
NA,Bacillota,Negativicutes,Acidaminococcales,Acidaminococcaceae,Acidaminococcus,Acidaminococcus timonensis,Acidaminococcus timonensis,7,0,0,0,0,0,0,3,2
NA,Pseudomonadota,Betaproteobacteria,Burkholderiales,Comamonadaceae,Acidovorax,Acidovorax soli,Acidovorax soli,8,0,0,0,0,0,0,1,0
NA,Pseudomonadota,Gammaproteobacteria,Moraxellales,Moraxellaceae,Acinetobacter,Acinetobacter johnsonii,Acinetobacter johnsonii,9,0,0,0,0,2,8,5,8
NA,Pseudomonadota,Gammaproteobacteria,Moraxellales,Moraxellaceae,Acinetobacter,Acinetobacter junii,Acinetobacter junii,10,0,0,0,0,0,0,6,0
NA,Pseudomonadota,Gammaproteobacteria,Moraxellales,Moraxellaceae,Acinetobacter,Acinetobacter schindleri,Acinetobacter schindleri,11,0,0,0,0,3,1,0,1
NA,Pseudomonadota,Gammaproteobacteria,Pasteurellales,Pasteurellaceae,Actinobacillus,Actinobacillus succinogenes,Actinobacillus succinogenes,12,0,0,0,0,1,0,0,0
NA,Bacillota,Clostridia,Eubacteriales,Acutalibacteraceae,Acutalibacter,Acutalibacter muris,Acutalibacter muris,13,6,4,4,8,1,3,1,1
NA,Actinomycetota,Coriobacteriia,Eggerthellales,Eggerthellaceae,Adlercreutzia,Adlercreutzia caecimuris,Adlercreutzia caecimuris,14,0,0,0,0,0,0,1,4
NA,Actinomycetota,Coriobacteriia,Eggerthellales,Eggerthellaceae,Adlercreutzia,Adlercreutzia equolifaciens,Adlercreutzia equolifaciens,15,0,0,0,0,930,2431,8092,3505
NA,Actinomycetota,Coriobacteriia,Eggerthellales,Eggerthellaceae,Adlercreutzia,Adlercreutzia mucosicola,Adlercreutzia mucosicola,16,0,0,0,0,0,1,0,0
NA,Bacillota,Bacilli,Lactobacillales,Aerococcaceae,Aerococcus,Aerococcus viridans,Aerococcus viridans,17,0,0,0,0,0,1,0,0
NA,Pseudomonadota,Gammaproteobacteria,Aeromonadales,Aeromonadaceae,Aeromonas,Aeromonas schubertii,Aeromonas schubertii,18,0,0,0,0,0,0,1,0
NA,Bacillota,Clostridia,Lachnospirales,Lachnospiraceae,Agathobacter,Agathobacter rectalis,Agathobacter rectalis,19,50706,76658,101545,46725,20915,20351,9212,36080
NA,Bacillota,Clostridia,Eubacteriales,Butyricicoccaceae,Agathobaculum,Agathobaculum desmolans,Agathobaculum desmolans,20,45,64,37,46,16,31,43,19
NA,Uroviricota,Caudoviricetes,NA,NA,Aguilavirus,Aguilavirus mEp213,Aguilavirus mEp213,21,0,0,0,0,0,3,2,1
NA,Verrucomicrobiota,Verrucomicrobiia,Verrucomicrobiales,Akkermansiaceae,Akkermansia,Akkermansia muciniphila,Akkermansia muciniphila,22,0,0,0,0,6998,18467,7007,11309
NA,Pseudomonadota,Betaproteobacteria,Burkholderiales,Comamonadaceae,Alicycliphilus,Alicycliphilus denitrificans,Alicycliphilus denitrificans,23,0,0,0,0,0,0,2,8
NA,Bacteroidota,Bacteroidia,Bacteroidales,Rikenellaceae,Alistipes,Alistipes communis,Alistipes communis,24,0,0,0,0,983,1875,16,1235
NA,Bacteroidota,Bacteroidia,Bacteroidales,Rikenellaceae,Alistipes,Alistipes finegoldii,Alistipes finegoldii,25,1199,1735,3058,936,4210,9263,10159,6175
NA,Bacteroidota,Bacteroidia,Bacteroidales,Rikenellaceae,Alistipes,Alistipes ihumii,Alistipes ihumii,26,0,0,0,0,3,3,6,3
NA,Bacteroidota,Bacteroidia,Bacteroidales,Rikenellaceae,Alistipes,Alistipes inops,Alistipes inops,27,0,0,0,0,1137,2969,6491,4283
NA,Bacteroidota,Bacteroidia,Bacteroidales,Rikenellaceae,Alistipes,Alistipes putredinis,Alistipes putredinis,28,28250,42585,70415,25442,11612,11488,6316,19723
NA,Bacteroidota,Bacteroidia,Bacteroidales,Rikenellaceae,Alistipes,Alistipes senegalensis,Alistipes senegalensis,29,1,0,0,1,9,574,522,25
NA,Bacteroidota,Bacteroidia,Bacteroidales,Rikenellaceae,Alistipes,Alistipes shahii,Alistipes shahii,30,5,13,19,7,1163,3018,9354,4458
NA,Bacteroidota,Bacteroidia,Bacteroidales,Rikenellaceae,Alistipes,Alistipes timonensis,Alistipes timonensis,31,0,0,0,0,23,2,1,1
NA,Bacillota,Erysipelotrichia,Erysipelotrichales,Erysipelotrichaceae,Allobaculum,Allobaculum stercoricanis,Allobaculum stercoricanis,32,0,0,0,0,4,0,0,47
NA,Bacillota,Clostridia,Eubacteriales,Oscillospiraceae,Allofournierella,Allofournierella massiliensis,Allofournierella massiliensis,33,179,495,343,423,7,344,752,26
NA,Bacillota,Bacilli,Lactobacillales,Carnobacteriaceae,Alloiococcus,Alloiococcus otitis,Alloiococcus otitis,34,0,0,0,0,0,1,0,0
NA,Bacteroidota,Bacteroidia,Bacteroidales,Prevotellaceae,Alloprevotella,Alloprevotella rava,Alloprevotella rava,35,0,0,0,0,0,1,1,0
NA,Bacteroidota,Bacteroidia,Bacteroidales,Prevotellaceae,Alloprevotella,Alloprevotella tannerae,Alloprevotella tannerae,36,0,0,0,0,25,51,9,14
NA,Actinomycetota,Actinomycetes,Bifidobacteriales,Bifidobacteriaceae,Alloscardovia,Alloscardovia criceti,Alloscardovia criceti,37,2,0,0,0,3,7,2,6
NA,Actinomycetota,Actinomycetes,Bifidobacteriales,Bifidobacteriaceae,Alloscardovia,Alloscardovia omnicolens,Alloscardovia omnicolens,38,0,0,0,0,5,8,3,4
NA,Bacillota,Clostridia,Peptostreptococcales,Anaerovoracaceae,Alterileibacterium,Alterileibacterium massiliense,Alterileibacterium massiliense,39,0,0,0,0,5,4,2,5
NA,Bacillota,Erysipelotrichia,Erysipelotrichales,Erysipelotrichaceae,Amedibacillus,Amedibacillus dolichus,Amedibacillus dolichus,40,18,20,13,16,16,82,459,58
NA,Bacillota,Bacilli,Bacillales,Bacillaceae,Amphibacillus,Amphibacillus xylanus,Amphibacillus xylanus,41,0,6,7,2,0,0,0,0
NA,Bacillota,Bacilli,Lactobacillales,Lactobacillaceae,Amylolactobacillus,Amylolactobacillus amylophilus,Amylolactobacillus amylophilus,42,0,0,0,0,0,1,2,2
NA,Bacillota,Clostridia,Lachnospirales,Lachnospiraceae,Anaerobium,Anaerobium acetethylicum,Anaerobium acetethylicum,43,0,0,0,0,0,1,0,0
NA,Bacillota,Clostridia,Lachnospirales,Lachnospiraceae,Anaerobutyricum,Anaerobutyricum hallii,Anaerobutyricum hallii,44,2,9,4,33,6156,15457,8653,9807
NA,Bacillota,Tissierellia,Tissierellales,Peptoniphilaceae,Anaerococcus,Anaerococcus lactolyticus,Anaerococcus lactolyticus,45,0,0,0,0,0,9,21,2
NA,Bacillota,Tissierellia,Tissierellales,Peptoniphilaceae,Anaerococcus,Anaerococcus mediterraneensis,Anaerococcus mediterraneensis,46,0,0,0,0,0,0,3,2
NA,Bacillota,Tissierellia,Tissierellales,Peptoniphilaceae,Anaerococcus,Anaerococcus obesiensis,Anaerococcus obesiensis,47,0,0,0,0,0,20,152,19
NA,Bacillota,Tissierellia,Tissierellales,Peptoniphilaceae,Anaerococcus,Anaerococcus prevotii,Anaerococcus prevotii,48,0,0,0,0,0,3,15,35
NA,Bacillota,Tissierellia,Tissierellales,Peptoniphilaceae,Anaerococcus,Anaerococcus provencensis,Anaerococcus provencensis,49,0,0,0,0,0,2,1,1
NA,Bacillota,Tissierellia,Tissierellales,Peptoniphilaceae,Anaerococcus,Anaerococcus tetradius,Anaerococcus tetradius,50,0,0,0,0,2,0,19,6
NA,Bacillota,Clostridia,Lachnospirales,Lachnospiraceae,Anaerosporobacter,Anaerosporobacter mobilis,Anaerosporobacter mobilis,51,0,0,0,0,0,1,0,0
NA,Bacillota,Clostridia,Lachnospirales,Lachnospiraceae,Anaerostipes,Anaerostipes caccae,Anaerostipes caccae,52,0,0,0,0,6,25,14,34
NA,Bacillota,Clostridia,Lachnospirales,Lachnospiraceae,Anaerostipes,Anaerostipes hadrus,Anaerostipes hadrus,53,10,28,8,28,5787,15117,6978,9098
NA,Bacillota,Clostridia,Lachnospirales,Anaerotignaceae,Anaerotignum,Anaerotignum lactatifermentans,Anaerotignum lactatifermentans,54,43,83,112,144,41,73,113,10
NA,Bacillota,Clostridia,Lachnospirales,Anaerotignaceae,Anaerotignum,Anaerotignum neopropionicum,Anaerotignum neopropionicum,55,48,41,22,47,24,10,5,36
NA,Bacillota,Clostridia,Eubacteriales,Oscillospiraceae,Anaerotruncus,Anaerotruncus colihominis,Anaerotruncus colihominis,56,1,1,1,1,53,64,192,330
NA,Bacillota,Clostridia,Eubacteriales,Oscillospiraceae,Anaerotruncus,Anaerotruncus rubiinfantis,Anaerotruncus rubiinfantis,57,0,0,0,1,0,0,0,0
NA,Bacillota,Tissierellia,Tissierellales,Gottschalkiaceae,Andreesenia,Andreesenia angusta,Andreesenia angusta,58,0,0,0,0,203,9,1,5
NA,Bacillota,Clostridia,Eubacteriales,Oscillospiraceae,Angelakisella,Angelakisella massiliensis,Angelakisella massiliensis,59,148,137,114,142,27,31,13,9
NA,Pseudomonadota,Betaproteobacteria,Burkholderiales,NA,Aquabacterium,Aquabacterium parvum,Aquabacterium parvum,60,0,0,0,0,0,0,0,2
NA,Bacillota,Clostridia,Peptostreptococcales,Peptostreptococcaceae,Asaccharospora,Asaccharospora irregularis,Asaccharospora irregularis,61,0,0,0,0,0,0,2,0
NA,Ascomycota,Eurotiomycetes,Eurotiales,Aspergillaceae,Aspergillus,Aspergillus clavatus,Aspergillus clavatus,62,0,0,0,0,4,7,2,1
NA,Ascomycota,Eurotiomycetes,Eurotiales,Aspergillaceae,Aspergillus,Aspergillus niger,Aspergillus niger,63,0,0,0,0,1,0,0,0
NA,Actinomycetota,Coriobacteriia,Coriobacteriales,Atopobiaceae,Atopobium,Atopobium deltae,Atopobium deltae,64,0,0,0,0,0,1,2,0
NA,Bacillota,Bacilli,Lactobacillales,Carnobacteriaceae,Atopococcus,Atopococcus tabaci,Atopococcus tabaci,65,0,0,0,0,0,0,1,1
NA,Bacillota,Bacilli,Bacillales,Bacillaceae,Bacillus,Bacillus coahuilensis,Bacillus coahuilensis,66,0,0,0,0,0,2,2,0
NA,Bacillota,Bacilli,Bacillales,Bacillaceae,Bacillus,Bacillus thermotolerans,Bacillus thermotolerans,67,0,0,0,0,0,9,13,0
NA,Bacteroidota,Bacteroidia,Bacteroidales,Bacteroidaceae,Bacteroides,Bacteroides caccae,Bacteroides caccae,68,0,0,0,0,6653,20368,14012,12312
NA,Bacteroidota,Bacteroidia,Bacteroidales,Bacteroidaceae,Bacteroides,Bacteroides cellulosilyticus,Bacteroides cellulosilyticus,69,57,109,193,77,5211,13974,21714,11328
NA,Bacteroidota,Bacteroidia,Bacteroidales,Bacteroidaceae,Bacteroides,Bacteroides faecichinchillae,Bacteroides faecichinchillae,70,34,43,111,22,56,128,200,93
NA,Bacteroidota,Bacteroidia,Bacteroidales,Bacteroidaceae,Bacteroides,Bacteroides fluxus,Bacteroides fluxus,71,104,162,2537,103,746,148,271,226
NA,Bacteroidota,Bacteroidia,Bacteroidales,Bacteroidaceae,Bacteroides,Bacteroides fragilis,Bacteroides fragilis,72,54,77,676,53,5485,12532,18173,7425
NA,Bacteroidota,Bacteroidia,Bacteroidales,Bacteroidaceae,Bacteroides,Bacteroides ihuae,Bacteroides ihuae,73,1,7,10,2,1,2,2,1
NA,Bacteroidota,Bacteroidia,Bacteroidales,Bacteroidaceae,Bacteroides,Bacteroides luti,Bacteroides luti,74,0,0,0,0,0,23,2,0
NA,Bacteroidota,Bacteroidia,Bacteroidales,Bacteroidaceae,Bacteroides,Bacteroides neonati,Bacteroides neonati,75,0,0,0,0,0,0,946,0
NA,Bacteroidota,Bacteroidia,Bacteroidales,Bacteroidaceae,Bacteroides,Bacteroides nordii,Bacteroides nordii,76,7,11,20,5,868,289,334,235
NA,Bacteroidota,Bacteroidia,Bacteroidales,Bacteroidaceae,Bacteroides,Bacteroides ovatus,Bacteroides ovatus,77,14,22,40,15,12252,31800,26419,19989
NA,Bacteroidota,Bacteroidia,Bacteroidales,Bacteroidaceae,Bacteroides,Bacteroides reticulotermitis,Bacteroides reticulotermitis,78,0,0,0,0,86,98,84,91
NA,Bacteroidota,Bacteroidia,Bacteroidales,Bacteroidaceae,Bacteroides,Bacteroides salyersiae,Bacteroides salyersiae,79,48,74,158,42,1262,2646,14236,3547
NA,Bacteroidota,Bacteroidia,Bacteroidales,Bacteroidaceae,Bacteroides,Bacteroides stercoris,Bacteroides stercoris,80,5,6,89,4,9529,33628,12182,17081
NA,Bacteroidota,Bacteroidia,Bacteroidales,Bacteroidaceae,Bacteroides,Bacteroides thetaiotaomicron,Bacteroides thetaiotaomicron,81,221,297,594,202,8855,21179,24843,13940
NA,Bacteroidota,Bacteroidia,Bacteroidales,Bacteroidaceae,Bacteroides,Bacteroides uniformis,Bacteroides uniformis,82,85846,129277,132760,165557,38214,33942,14725,61740
NA,Bacillota,Clostridia,Lachnospirales,Lachnospiraceae,Bariatricus,Bariatricus massiliensis,Bariatricus massiliensis,83,0,7,3,8,2,22,86,15
NA,Bacteroidota,Bacteroidia,Bacteroidales,Barnesiellaceae,Barnesiella,Barnesiella intestinihominis,Barnesiella intestinihominis,84,0,0,0,0,4456,11599,10121,7094
NA,Bacteroidota,Bacteroidia,Bacteroidales,Barnesiellaceae,Barnesiella,Barnesiella viscericola,Barnesiella viscericola,85,0,0,0,0,1,4,6,6
NA,Bacillota,Erysipelotrichia,Erysipelotrichales,Erysipelotrichaceae,Beduini,Beduini massiliensis,Beduini massiliensis,86,0,0,0,0,0,0,0,9
NA,Pseudomonadota,Gammaproteobacteria,Pasteurellales,Pasteurellaceae,Bibersteinia,Bibersteinia trehalosi,Bibersteinia trehalosi,87,0,0,0,0,0,5,0,6
NA,Actinomycetota,Actinomycetes,Bifidobacteriales,Bifidobacteriaceae,Bifidobacterium,Bifidobacterium adolescentis,Bifidobacterium adolescentis,88,28242,42501,60413,25501,12346,11431,6511,19936
NA,Actinomycetota,Actinomycetes,Bifidobacteriales,Bifidobacteriaceae,Bifidobacterium,Bifidobacterium aesculapii,Bifidobacterium aesculapii,89,0,0,0,0,3,6,3,4
NA,Actinomycetota,Actinomycetes,Bifidobacteriales,Bifidobacteriaceae,Bifidobacterium,Bifidobacterium angulatum,Bifidobacterium angulatum,90,0,0,0,1,529,1393,6122,2054
NA,Actinomycetota,Actinomycetes,Bifidobacteriales,Bifidobacteriaceae,Bifidobacterium,Bifidobacterium biavatii,Bifidobacterium biavatii,91,0,0,3,0,1,17,25,6
NA,Actinomycetota,Actinomycetes,Bifidobacteriales,Bifidobacteriaceae,Bifidobacterium,Bifidobacterium bifidum,Bifidobacterium bifidum,92,0,0,0,0,1596,4042,5852,2494
NA,Actinomycetota,Actinomycetes,Bifidobacteriales,Bifidobacteriaceae,Bifidobacterium,Bifidobacterium bohemicum,Bifidobacterium bohemicum,93,0,0,0,0,0,0,1,0
NA,Actinomycetota,Actinomycetes,Bifidobacteriales,Bifidobacteriaceae,Bifidobacterium,Bifidobacterium breve,Bifidobacterium breve,94,0,0,0,0,98,370,188,902
NA,Actinomycetota,Actinomycetes,Bifidobacteriales,Bifidobacteriaceae,Bifidobacterium,Bifidobacterium callitrichos,Bifidobacterium callitrichos,95,0,0,0,0,1,1,3,1
NA,Actinomycetota,Actinomycetes,Bifidobacteriales,Bifidobacteriaceae,Bifidobacterium,Bifidobacterium choerinum,Bifidobacterium choerinum,96,0,0,0,0,1,5,30,9
NA,Actinomycetota,Actinomycetes,Bifidobacteriales,Bifidobacteriaceae,Bifidobacterium,Bifidobacterium commune,Bifidobacterium commune,97,0,0,0,0,0,2,0,0
NA,Actinomycetota,Actinomycetes,Bifidobacteriales,Bifidobacteriaceae,Bifidobacterium,Bifidobacterium cuniculi,Bifidobacterium cuniculi,98,0,0,0,0,0,2,1,1
NA,Actinomycetota,Actinomycetes,Bifidobacteriales,Bifidobacteriaceae,Bifidobacterium,Bifidobacterium dentium,Bifidobacterium dentium,99,1,0,0,0,11,56,130,62
NA,Actinomycetota,Actinomycetes,Bifidobacteriales,Bifidobacteriaceae,Bifidobacterium,Bifidobacterium gallicum,Bifidobacterium gallicum,100,0,0,0,0,0,1,1,3
NA,Actinomycetota,Actinomycetes,Bifidobacteriales,Bifidobacteriaceae,Bifidobacterium,Bifidobacterium lemurum,Bifidobacterium lemurum,101,0,0,0,0,1,2,0,1
NA,Actinomycetota,Actinomycetes,Bifidobacteriales,Bifidobacteriaceae,Bifidobacterium,Bifidobacterium longum,Bifidobacterium longum,102,1,6,7,3,6155,16403,5285,9279
NA,Actinomycetota,Actinomycetes,Bifidobacteriales,Bifidobacteriaceae,Bifidobacterium,Bifidobacterium magnum,Bifidobacterium magnum,103,0,0,0,0,0,1,1,0
NA,Actinomycetota,Actinomycetes,Bifidobacteriales,Bifidobacteriaceae,Bifidobacterium,Bifidobacterium pseudolongum,Bifidobacterium pseudolongum,104,0,0,0,0,9,22,110,26
NA,Actinomycetota,Actinomycetes,Bifidobacteriales,Bifidobacteriaceae,Bifidobacterium,Bifidobacterium pullorum,Bifidobacterium pullorum,105,0,0,0,0,1,5,6,7
NA,Actinomycetota,Actinomycetes,Bifidobacteriales,Bifidobacteriaceae,Bifidobacterium,Bifidobacterium reuteri,Bifidobacterium reuteri,106,0,0,0,0,159,73,82,38
NA,Actinomycetota,Actinomycetes,Bifidobacteriales,Bifidobacteriaceae,Bifidobacterium,Bifidobacterium saguini,Bifidobacterium saguini,107,0,0,0,0,8,38,12,19
NA,Actinomycetota,Actinomycetes,Bifidobacteriales,Bifidobacteriaceae,Bifidobacterium,Bifidobacterium scardovii,Bifidobacterium scardovii,108,0,0,0,0,12,25,12,19
NA,Actinomycetota,Actinomycetes,Bifidobacteriales,Bifidobacteriaceae,Bifidobacterium,Bifidobacterium stellenboschense,Bifidobacterium stellenboschense,109,0,0,0,0,2,7,0,10
NA,Actinomycetota,Actinomycetes,Bifidobacteriales,Bifidobacteriaceae,Bifidobacterium,Bifidobacterium subtile,Bifidobacterium subtile,110,0,0,0,0,0,1,8,1
NA,Actinomycetota,Actinomycetes,Bifidobacteriales,Bifidobacteriaceae,Bifidobacterium,Bifidobacterium thermophilum,Bifidobacterium thermophilum,111,0,0,0,0,0,34,67,3
NA,Actinomycetota,Actinomycetes,Bifidobacteriales,Bifidobacteriaceae,Bifidobacterium,Bifidobacterium tsurumiense,Bifidobacterium tsurumiense,112,6,0,0,0,0,2,4,0
NA,Thermodesulfobacteriota,Desulfovibrionia,Desulfovibrionales,Desulfovibrionaceae,Bilophila,Bilophila wadsworthia,Bilophila wadsworthia,113,0,0,0,0,0,1,7,2
NA,Bacillota,Clostridia,Eubacteriales,Oscillospiraceae,Bittarella (ex Durand et al. 2017),Bittarella massiliensis (ex Durand et al. 2017),Bittarella massiliensis (ex Durand et al. 2017),114,5,4,4,3,1,0,6,0
NA,Bacillota,Clostridia,Lachnospirales,Lachnospiraceae,Blautia,Blautia hansenii,Blautia hansenii,115,24,47,72,124,198,1081,608,699
NA,Bacillota,Clostridia,Lachnospirales,Lachnospiraceae,Blautia,Blautia hydrogenotrophica,Blautia hydrogenotrophica,116,33,61,54,82,20,29,11,20
NA,Bacillota,Clostridia,Lachnospirales,Lachnospiraceae,Blautia,Blautia obeum,Blautia obeum,117,208,362,306,443,7858,25428,20761,13199
NA,Bacillota,Clostridia,Lachnospirales,Lachnospiraceae,Blautia,Blautia producta,Blautia producta,118,0,0,0,0,8,41,40,35
NA,Pseudomonadota,Gammaproteobacteria,Enterobacterales,Pectobacteriaceae,Brenneria,Brenneria goodwinii,Brenneria goodwinii,119,0,0,0,0,0,4,0,3
NA,Bacillota,Bacilli,Bacillales,Paenibacillaceae,Brevibacillus,Brevibacillus choshinensis,Brevibacillus choshinensis,120,0,0,0,0,1,0,0,0
NA,Actinomycetota,Actinomycetes,Micrococcales,Brevibacteriaceae,Brevibacterium,Brevibacterium ravenspurgense,Brevibacterium ravenspurgense,121,0,0,0,0,0,0,1,0
NA,Uroviricota,Caudoviricetes,NA,Aliceevansviridae,Brussowvirus,Brussowvirus bvO1205,Brussowvirus bvO1205,122,0,0,0,0,1,1,1,1
NA,Pseudomonadota,Gammaproteobacteria,Enterobacterales,Enterobacteriaceae,Buttiauxella,Buttiauxella ferragutiae,Buttiauxella ferragutiae,123,0,0,0,0,0,0,1,1
NA,Bacillota,Clostridia,Eubacteriales,Butyricicoccaceae,Butyricicoccus,Butyricicoccus pullicaecorum,Butyricicoccus pullicaecorum,124,3,2,0,1,0,12,8,74
NA,Bacteroidota,Bacteroidia,Bacteroidales,Odoribacteraceae,Butyricimonas,Butyricimonas synergistica,Butyricimonas synergistica,125,8,14,24,10,2,1,2,2
NA,Bacillota,Clostridia,Lachnospirales,Lachnospiraceae,Butyrivibrio,Butyrivibrio hungatei,Butyrivibrio hungatei,126,0,0,0,0,6,0,0,0
NA,Uroviricota,Caudoviricetes,NA,NA,Byrnievirus,Byrnievirus HK97,Byrnievirus HK97,127,0,0,0,0,0,2,0,1
NA,Pseudomonadota,Betaproteobacteria,Burkholderiales,Burkholderiaceae,Caballeronia,Caballeronia glathei,Caballeronia glathei,128,0,0,0,0,0,0,0,1
NA,Bacillota,Bacilli,Bacillales,Bacillaceae,Calidifontibacillus,Calidifontibacillus oryziterrae,Calidifontibacillus oryziterrae,129,0,0,0,0,0,0,0,3
NA,Pseudomonadota,Betaproteobacteria,Burkholderiales,NA,Candidatus Ichthyocystis,Candidatus Ichthyocystis sparus,Candidatus Ichthyocystis sparus,130,0,0,0,0,0,2,0,1
NA,Bacteroidota,Flavobacteriia,Flavobacteriales,Flavobacteriaceae,Capnocytophaga,Capnocytophaga gingivalis,Capnocytophaga gingivalis,131,0,0,0,0,2,4,2,11
NA,Bacteroidota,Flavobacteriia,Flavobacteriales,Flavobacteriaceae,Capnocytophaga,Capnocytophaga granulosa,Capnocytophaga granulosa,132,0,0,0,0,0,0,2,3
NA,Bacillota,Bacilli,Lactobacillales,Carnobacteriaceae,Carnobacterium,Carnobacterium maltaromaticum,Carnobacterium maltaromaticum,133,0,0,0,0,0,0,2,4
NA,Pseudomonadota,Gammaproteobacteria,Enterobacterales,Enterobacteriaceae,Cedecea,Cedecea neteri,Cedecea neteri,134,0,0,0,0,2,0,37,1
NA,Actinomycetota,Actinomycetes,Micrococcales,Cellulomonadaceae,Cellulomonas,Cellulomonas carbonis,Cellulomonas carbonis,135,1,1,5,3,3,1,3,1
NA,Bacillota,Clostridia,Christensenellales,Christensenellaceae,Christensenella,Christensenella minuta,Christensenella minuta,136,0,0,0,0,8,11,123,31
NA,Bacillota,Clostridia,Christensenellales,Christensenellaceae,Christensenella,Christensenella timonensis,Christensenella timonensis,137,5,3,2,9,0,0,0,0
NA,Bacillota,Clostridia,Peptostreptococcales,Peptostreptococcaceae,Clostridioides,Clostridioides difficile,Clostridioides difficile,138,0,0,0,0,11,25,30,15
NA,Bacillota,Clostridia,Lachnospirales,Lachnospiraceae,Lachnoclostridium,Clostridium aminophilum,Clostridium aminophilum,139,0,0,0,0,0,6,4,3
NA,Bacillota,Clostridia,Eubacteriales,Clostridiaceae,Clostridium,Clostridium cadaveris,Clostridium cadaveris,140,0,0,0,0,0,1,0,0
NA,Bacillota,Clostridia,Eubacteriales,Clostridiaceae,Clostridium,Clostridium kluyveri,Clostridium kluyveri,141,0,0,0,0,0,1,0,1
NA,Bacillota,Clostridia,Eubacteriales,Clostridiaceae,Clostridium,Clostridium lundense,Clostridium lundense,142,0,0,3,0,0,1,0,2
NA,Bacillota,Clostridia,Eubacteriales,Clostridiaceae,Clostridium,Clostridium oryzae,Clostridium oryzae,143,0,0,0,0,0,0,1,0
NA,Bacillota,Clostridia,Eubacteriales,Clostridiaceae,Clostridium,Clostridium phoceensis,Clostridium phoceensis,144,33,78,61,88,29,76,17,71
NA,Bacillota,Clostridia,Lachnospirales,Lachnospiraceae,Lachnoclostridium,Clostridium scindens,Clostridium scindens,145,0,0,0,0,2,8,2,3
NA,Bacillota,Clostridia,Lachnospirales,Lachnospiraceae,Lachnoclostridium,Clostridium symbiosum,Clostridium symbiosum,146,21,24,295,290,7,17,910,23
NA,Actinomycetota,Coriobacteriia,Coriobacteriales,Coriobacteriaceae,Collinsella,Collinsella aerofaciens,Collinsella aerofaciens,147,30303,45594,70863,27354,13024,11898,6800,20944
NA,Actinomycetota,Coriobacteriia,Coriobacteriales,Coriobacteriaceae,Collinsella,Collinsella bouchesdurhonensis,Collinsella bouchesdurhonensis,148,0,0,0,0,5,16,54,14
NA,Actinomycetota,Coriobacteriia,Coriobacteriales,Coriobacteriaceae,Collinsella,Collinsella ihumii,Collinsella ihumii,149,1,2,4,1,1,1,1,0
NA,Actinomycetota,Coriobacteriia,Coriobacteriales,Coriobacteriaceae,Collinsella,Collinsella tanakaei,Collinsella tanakaei,150,0,0,0,0,0,0,4,0
NA,Pseudomonadota,Gammaproteobacteria,Alteromonadales,Colwelliaceae,Colwellia,Colwellia marinimaniae,Colwellia marinimaniae,151,0,0,0,0,0,33,0,17
NA,Pseudomonadota,Betaproteobacteria,Burkholderiales,Comamonadaceae,Comamonas,Comamonas kerstersii,Comamonas kerstersii,152,0,0,0,0,2,0,0,0
NA,Pseudomonadota,Betaproteobacteria,Burkholderiales,Comamonadaceae,Comamonas,Comamonas testosteroni,Comamonas testosteroni,153,0,0,0,0,0,0,5,4
NA,Bacteroidota,Bacteroidia,Bacteroidales,Barnesiellaceae,Coprobacter,Coprobacter fastidiosus,Coprobacter fastidiosus,154,2,3,6,0,19,35,15,29
NA,Bacillota,Clostridia,Lachnospirales,Lachnospiraceae,Coprococcus,Coprococcus eutactus,Coprococcus eutactus,155,60,77,130,114,5135,15241,9856,9753
NA,Actinomycetota,Coriobacteriia,Coriobacteriales,Coriobacteriaceae,Coriobacterium,Coriobacterium glomerans,Coriobacterium glomerans,156,0,0,0,0,0,1,0,0
NA,Actinomycetota,Actinomycetes,Mycobacteriales,Corynebacteriaceae,Corynebacterium,Corynebacterium aurimucosum,Corynebacterium aurimucosum,157,0,0,0,0,0,0,0,2
NA,Actinomycetota,Actinomycetes,Mycobacteriales,Corynebacteriaceae,Corynebacterium,Corynebacterium imitans,Corynebacterium imitans,158,0,0,0,0,1,0,0,0
NA,Pseudomonadota,Gammaproteobacteria,Enterobacterales,Enterobacteriaceae,Cronobacter,Cronobacter sakazakii,Cronobacter sakazakii,159,0,0,0,0,1,5,7,10
NA,Uroviricota,Caudoviricetes,NA,NA,Cuauhtlivirus,Cuauhtlivirus mEpX1,Cuauhtlivirus mEpX1,160,0,0,0,0,1,10,6,6
NA,Bacteroidota,Bacteroidia,Bacteroidales,Odoribacteraceae,Culturomica,Culturomica massiliensis,Culturomica massiliensis,161,0,0,0,0,40,37,30,22
NA,Pseudomonadota,Betaproteobacteria,Burkholderiales,Burkholderiaceae,Cupriavidus,Cupriavidus basilensis,Cupriavidus basilensis,162,0,0,0,0,24,49,260,66
NA,Pseudomonadota,Betaproteobacteria,Burkholderiales,Burkholderiaceae,Cupriavidus,Cupriavidus metallidurans,Cupriavidus metallidurans,163,0,0,0,0,1207,3174,15454,4441
NA,Pseudomonadota,Betaproteobacteria,Burkholderiales,Burkholderiaceae,Cupriavidus,Cupriavidus necator,Cupriavidus necator,164,0,0,0,0,0,1,2,34
NA,Pseudomonadota,Betaproteobacteria,Burkholderiales,Burkholderiaceae,Cupriavidus,Cupriavidus pauculus,Cupriavidus pauculus,165,0,0,0,0,0,0,31,2
NA,Pseudomonadota,Betaproteobacteria,Burkholderiales,Sutterellaceae,Dakarella,Dakarella massiliensis,Dakarella massiliensis,166,0,0,0,0,0,7,0,1
NA,Pseudomonadota,Betaproteobacteria,Rhodocyclales,Azonexaceae,Dechloromonas,Dechloromonas agitata,Dechloromonas agitata,167,0,0,0,0,0,2,2,0
NA,Pseudomonadota,Betaproteobacteria,Burkholderiales,Comamonadaceae,Delftia,Delftia acidovorans,Delftia acidovorans,168,0,0,0,0,0,0,2,0
NA,Actinomycetota,Coriobacteriia,Eggerthellales,Eggerthellaceae,Denitrobacterium,Denitrobacterium detoxificans,Denitrobacterium detoxificans,169,0,0,0,0,2,0,0,0
NA,Bacillota,Clostridia,Eubacteriales,Clostridiaceae,Desnuesiella,Desnuesiella massiliensis,Desnuesiella massiliensis,170,0,0,0,0,0,8,0,0
NA,Bacillota,Clostridia,Eubacteriales,Desulfitobacteriaceae,Desulfitobacterium,Desulfitobacterium dichloroeliminans,Desulfitobacterium dichloroeliminans,171,0,0,0,0,5,6,23,46
NA,Thermodesulfobacteriota,Desulfovibrionia,Desulfovibrionales,Desulfovibrionaceae,Desulfovibrio,Desulfovibrio piger,Desulfovibrio piger,172,0,0,0,0,270,748,3635,1060
NA,Bacillota,Negativicutes,Veillonellales,Veillonellaceae,Dialister,Dialister invisus,Dialister invisus,173,0,0,0,0,453,1192,5362,1719
NA,Bacillota,Negativicutes,Veillonellales,Veillonellaceae,Dialister,Dialister micraerophilus,Dialister micraerophilus,174,0,0,0,0,2,0,0,0
NA,Bacillota,Negativicutes,Veillonellales,Veillonellaceae,Dialister,Dialister succinatiphilus,Dialister succinatiphilus,175,0,0,0,0,11,43,41,27
NA,Pseudomonadota,Gammaproteobacteria,Enterobacterales,Pectobacteriaceae,Dickeya,Dickeya solani,Dickeya solani,176,0,0,0,0,3,2,0,4
NA,Uroviricota,Caudoviricetes,NA,NA,Diegovirus,Diegovirus dv7502Stx,Diegovirus dv7502Stx,177,0,0,0,0,0,4,1,1
NA,Bacillota,Erysipelotrichia,Erysipelotrichales,Erysipelotrichaceae,Dielma,Dielma fastidiosa,Dielma fastidiosa,178,0,0,0,0,5,0,5,5
NA,Bacillota,Bacilli,Lactobacillales,Aerococcaceae,Dolosicoccus,Dolosicoccus paucivorans,Dolosicoccus paucivorans,179,0,0,0,0,0,0,6,0
NA,Bacillota,Clostridia,Lachnospirales,Lachnospiraceae,Dorea,Dorea formicigenerans,Dorea formicigenerans,180,351,156,133,127,4599,8671,9157,4475
NA,Bacillota,Clostridia,Lachnospirales,Lachnospiraceae,Dorea,Dorea longicatena,Dorea longicatena,181,0,2,1,0,7024,18229,9069,11752
NA,Pseudomonadota,Gammaproteobacteria,Enterobacterales,Erwiniaceae,Duffyella,Duffyella gerundensis,Duffyella gerundensis,182,0,0,0,0,0,0,2,0
NA,Pseudomonadota,Gammaproteobacteria,Enterobacterales,Hafniaceae,Edwardsiella,Edwardsiella anguillarum,Edwardsiella anguillarum,183,0,0,0,0,8,7,9,7
NA,Actinomycetota,Coriobacteriia,Eggerthellales,Eggerthellaceae,Eggerthella,Eggerthella lenta,Eggerthella lenta,184,0,0,0,0,515,1308,9373,2006
NA,Bacillota,Erysipelotrichia,Erysipelotrichales,Coprobacillaceae,Eggerthia,Eggerthia catenaformis,Eggerthia catenaformis,185,0,0,0,0,0,0,12,1
NA,Bacillota,Clostridia,Lachnospirales,Lachnospiraceae,Eisenbergiella,Eisenbergiella tayi,Eisenbergiella tayi,186,0,0,0,0,0,1,8,7
NA,Bacillota,Clostridia,Peptostreptococcales,Anaerovoracaceae,Emergencia,Emergencia timonensis,Emergencia timonensis,187,0,0,0,0,34,525,86,98
NA,Actinomycetota,Coriobacteriia,Coriobacteriales,Coriobacteriaceae,Enorma,Enorma massiliensis,Enorma massiliensis,188,0,0,0,0,3,0,3,0
NA,Pseudomonadota,Gammaproteobacteria,Enterobacterales,Enterobacteriaceae,Enterobacter,Enterobacter hormaechei,Enterobacter hormaechei,189,0,0,0,0,15,6,93,8
NA,Pseudomonadota,Gammaproteobacteria,Enterobacterales,Enterobacteriaceae,Enterobacter,Enterobacter kobei,Enterobacter kobei,190,0,0,0,0,11,0,9,5
NA,Pseudomonadota,Gammaproteobacteria,Enterobacterales,Enterobacteriaceae,Pluralibacter,Enterobacter lignolyticus,Enterobacter lignolyticus,191,0,0,0,0,8,36,186,84
NA,Uroviricota,Caudoviricetes,NA,NA,NA,Enterobacteria phage cdtI,Enterobacteria phage cdtI,192,0,0,0,0,1,46,12,2
NA,Uroviricota,Caudoviricetes,NA,NA,NA,Enterobacteria phage mEp460,Enterobacteria phage mEp460,193,0,0,0,0,17,16,2,27
NA,Uroviricota,Caudoviricetes,NA,NA,NA,Enterobacteria phage SfI,Enterobacteria phage SfI,194,0,0,0,0,0,0,0,1
NA,Bacillota,Clostridia,Lachnospirales,Lachnospiraceae,Enterocloster,Enterocloster asparagiformis,Enterocloster asparagiformis,195,0,0,0,0,1,13,30,15
NA,Bacillota,Clostridia,Lachnospirales,Lachnospiraceae,Enterocloster,Enterocloster bolteae,Enterocloster bolteae,196,0,0,0,0,23,40,46,29
NA,Bacillota,Clostridia,Lachnospirales,Lachnospiraceae,Enterocloster,Enterocloster citroniae,Enterocloster citroniae,197,100,143,93,157,2,10,13,8
NA,Bacillota,Bacilli,Lactobacillales,Enterococcaceae,Enterococcus,Enterococcus asini,Enterococcus asini,198,0,0,0,0,0,0,2,0
NA,Bacillota,Bacilli,Lactobacillales,Enterococcaceae,Enterococcus,Enterococcus canis,Enterococcus canis,199,0,0,0,0,1,0,1,0
NA,Bacillota,Bacilli,Lactobacillales,Enterococcaceae,Enterococcus,Enterococcus casseliflavus,Enterococcus casseliflavus,200,0,0,0,0,8,8,18,16
NA,Bacillota,Bacilli,Lactobacillales,Enterococcaceae,Enterococcus,Enterococcus cecorum,Enterococcus cecorum,201,0,0,6,0,12,0,6,22
NA,Bacillota,Bacilli,Lactobacillales,Enterococcaceae,Enterococcus,Enterococcus columbae,Enterococcus columbae,202,0,0,0,0,0,0,1,4
NA,Bacillota,Bacilli,Lactobacillales,Enterococcaceae,Enterococcus,Enterococcus dispar,Enterococcus dispar,203,0,0,0,0,0,0,2,0
NA,Bacillota,Bacilli,Lactobacillales,Enterococcaceae,Enterococcus,Enterococcus faecalis,Enterococcus faecalis,204,0,0,0,0,0,6,70,5
NA,Bacillota,Bacilli,Lactobacillales,Enterococcaceae,Enterococcus,Enterococcus faecium,Enterococcus faecium,205,0,0,0,0,387,1047,6916,1502
NA,Bacillota,Bacilli,Lactobacillales,Enterococcaceae,Enterococcus,Enterococcus gilvus,Enterococcus gilvus,206,0,0,0,0,10,20,5,24
NA,Bacillota,Bacilli,Lactobacillales,Enterococcaceae,Enterococcus,Enterococcus hirae,Enterococcus hirae,207,0,0,0,0,4,6,31,0
NA,Bacillota,Bacilli,Lactobacillales,Enterococcaceae,Enterococcus,Enterococcus italicus,Enterococcus italicus,208,0,0,0,0,0,0,18,2
NA,Bacillota,Bacilli,Lactobacillales,Enterococcaceae,Enterococcus,Enterococcus malodoratus,Enterococcus malodoratus,209,0,0,0,0,1,0,12,1
NA,Bacillota,Bacilli,Lactobacillales,Enterococcaceae,Enterococcus,Enterococcus massiliensis,Enterococcus massiliensis,210,0,0,0,0,0,0,6,1
NA,Bacillota,Bacilli,Lactobacillales,Enterococcaceae,Enterococcus,Enterococcus mundtii,Enterococcus mundtii,211,0,0,0,0,0,0,38,0
NA,Bacillota,Bacilli,Lactobacillales,Enterococcaceae,Enterococcus,Enterococcus pallens,Enterococcus pallens,212,0,0,0,0,0,2,4,2
NA,Bacillota,Bacilli,Lactobacillales,Enterococcaceae,Enterococcus,Enterococcus rivorum,Enterococcus rivorum,213,0,0,0,0,0,0,1,0
NA,Bacillota,Bacilli,Lactobacillales,Enterococcaceae,Enterococcus,Enterococcus saccharolyticus,Enterococcus saccharolyticus,214,0,0,0,0,0,0,11,0
NA,Bacillota,Bacilli,Lactobacillales,Enterococcaceae,Enterococcus,Enterococcus thailandicus,Enterococcus thailandicus,215,0,0,0,0,0,0,1,0
NA,Pseudomonadota,Gammaproteobacteria,Enterobacterales,Enterobacteriaceae,Entomohabitans,Entomohabitans teleogrylli,Entomohabitans teleogrylli,216,0,0,0,0,0,8,11,2
NA,Pseudomonadota,Gammaproteobacteria,Enterobacterales,Erwiniaceae,Erwinia,Erwinia mallotivora,Erwinia mallotivora,217,0,0,0,0,0,0,3,0
NA,Pseudomonadota,Gammaproteobacteria,Enterobacterales,Erwiniaceae,Erwinia,Erwinia oleae,Erwinia oleae,218,0,0,0,0,7,2,29,14
NA,Pseudomonadota,Gammaproteobacteria,Enterobacterales,Erwiniaceae,Erwinia,Erwinia persicina,Erwinia persicina,219,0,0,0,0,0,0,0,1
NA,Pseudomonadota,Gammaproteobacteria,Enterobacterales,Erwiniaceae,Erwinia,Erwinia tracheiphila,Erwinia tracheiphila,220,0,0,0,0,4,9,6,4
NA,Uroviricota,Caudoviricetes,NA,NA,Traversvirus,Escherichia Stx1 converting phage,Escherichia Stx1 converting phage,221,0,0,0,0,3,24,8,11
NA,Uroviricota,Caudoviricetes,NA,NA,Lambdavirus,Escherichia virus DE3,Escherichia virus DE3,222,0,0,0,0,0,0,30,0
NA,Bacillota,Clostridia,Lachnospirales,Lachnospiraceae,Eshraghiella,Eshraghiella crossota,Eshraghiella crossota,223,19,26,38,44,3443,9603,6998,7542
NA,Bacillota,Clostridia,Eubacteriales,Oscillospiraceae,Ethanoligenens,Ethanoligenens harbinense,Ethanoligenens harbinense,224,1,0,1,1,0,0,0,2
NA,Bacillota,Clostridia,Eubacteriales,Eubacteriaceae,Eubacterium,Eubacterium coprostanoligenes,Eubacterium coprostanoligenes,225,3,2,1,6,0,3,1,2
NA,Bacillota,Clostridia,Eubacteriales,Eubacteriaceae,Eubacterium,Eubacterium oxidoreducens,Eubacterium oxidoreducens,226,0,0,0,0,0,4,1,1
NA,Bacillota,Clostridia,Eubacteriales,Eubacteriaceae,Eubacterium,Eubacterium pyruvativorans,Eubacterium pyruvativorans,227,0,0,0,0,1,0,1,0
NA,Bacillota,Clostridia,Eubacteriales,Eubacteriaceae,Eubacterium,Eubacterium ramulus,Eubacterium ramulus,228,4,15,6,24,901,2171,7946,3194
NA,Bacillota,Clostridia,Eubacteriales,Eubacteriaceae,Eubacterium,Eubacterium ruminantium,Eubacterium ruminantium,229,0,0,0,0,0,0,2,0
NA,Bacillota,Clostridia,Eubacteriales,Eubacteriaceae,Eubacterium,Eubacterium uniforme,Eubacterium uniforme,230,0,0,0,0,0,1,0,0
NA,Bacillota,Clostridia,Eubacteriales,Eubacteriaceae,Eubacterium,Eubacterium ventriosum,Eubacterium ventriosum,231,47,33,66,30,671,1434,6336,2813
NA,Bacillota,Tissierellia,NA,NA,Ezakiella,Ezakiella massiliensis,Ezakiella massiliensis,232,0,0,0,0,6,1,0,0
NA,Bacillota,Bacilli,Lactobacillales,Aerococcaceae,Facklamia,Facklamia hominis,Facklamia hominis,233,0,0,0,0,1,0,0,0
NA,Bacillota,Clostridia,Eubacteriales,Oscillospiraceae,Faecalibacterium,Faecalibacterium duncaniae,Faecalibacterium duncaniae,234,9129,12816,9812,18036,4225,5795,2625,7968
NA,Bacillota,Clostridia,Lachnospirales,Lachnospiraceae,Faecalicatena,Faecalicatena contorta,Faecalicatena contorta,235,313,421,330,149,452,633,62,44
NA,Bacillota,Erysipelotrichia,Erysipelotrichales,Erysipelotrichaceae,Faecalicoccus,Faecalicoccus pleomorphus,Faecalicoccus pleomorphus,236,250,297,261,385,84,124,0,75
NA,Bacillota,Bacilli,Lactobacillales,Aerococcaceae,Falseniella,Falseniella ignava,Falseniella ignava,237,0,0,0,0,1,6,1,0
NA,Uroviricota,Caudoviricetes,NA,Peduoviridae,Felsduovirus,Felsduovirus RE2010,Felsduovirus RE2010,238,0,0,0,0,2,0,0,0
NA,Bacillota,Tissierellia,Tissierellales,Peptoniphilaceae,Finegoldia,Finegoldia magna,Finegoldia magna,239,0,0,0,0,96,263,1137,338
NA,Actinomycetota,Actinomycetes,Actinomycetales,Actinomycetaceae,Flaviflexus,Flaviflexus massiliensis,Flaviflexus massiliensis,240,0,0,0,0,0,1,0,2
NA,Bacillota,Clostridia,Eubacteriales,Oscillospiraceae,Flavonifractor,Flavonifractor plautii,Flavonifractor plautii,241,0,0,0,429,949,2403,8366,3565
NA,Bacillota,Clostridia,Lachnospirales,Lachnospiraceae,Fusicatenibacter,Fusicatenibacter saccharivorans,Fusicatenibacter saccharivorans,242,53,60,54,84,11630,29724,7939,18641
NA,Bacillota,Bacilli,Bacillales,Gemellaceae,Gemelliphila,Gemelliphila asaccharolytica,Gemelliphila asaccharolytica,243,0,0,0,0,0,0,1,0
NA,Bacillota,Clostridia,Eubacteriales,NA,Gemmiger,Gemmiger formicilis,Gemmiger formicilis,244,613,951,710,1154,1466,3392,8478,5531
NA,Bacillota,Bacilli,Lactobacillales,Aerococcaceae,Globicatella,Globicatella sulfidifaciens,Globicatella sulfidifaciens,245,0,0,0,0,0,0,0,2
NA,Actinomycetota,Coriobacteriia,Eggerthellales,Eggerthellaceae,Gordonibacter,Gordonibacter pamelaeae,Gordonibacter pamelaeae,246,0,0,0,0,457,1237,8994,1636
NA,Bacillota,Bacilli,Lactobacillales,Carnobacteriaceae,Granulicatella,Granulicatella elegans,Granulicatella elegans,247,0,0,0,0,0,0,1,0
NA,Pseudomonadota,Gammaproteobacteria,Pasteurellales,Pasteurellaceae,Haemophilus,Haemophilus sputorum,Haemophilus sputorum,248,0,0,0,0,35,66,161,110
NA,Bacteroidota,Bacteroidia,Bacteroidales,Prevotellaceae,Hallella,Hallella bergensis,Hallella bergensis,249,0,0,0,0,14,158,83,161
NA,Bacteroidota,Bacteroidia,Bacteroidales,Prevotellaceae,Hallella,Hallella multisaccharivorax,Hallella multisaccharivorax,250,0,0,0,0,0,0,2,0
NA,Bacillota,Clostridia,Eubacteriales,Clostridiaceae,Hathewaya,Hathewaya proteolytica,Hathewaya proteolytica,251,0,0,0,0,0,0,40,0
NA,Bacillota,Tissierellia,Tissierellales,Peptoniphilaceae,Helcococcus,Helcococcus kunzii,Helcococcus kunzii,252,0,0,0,0,0,1,1,1
NA,Bacillota,Tissierellia,Tissierellales,Peptoniphilaceae,Helcococcus,Helcococcus sueciensis,Helcococcus sueciensis,253,0,0,0,0,0,0,3,11
NA,Bacillota,Clostridia,Lachnospirales,Lachnospiraceae,Hespellia,Hespellia stercorisuis,Hespellia stercorisuis,254,0,2,0,0,20,352,13,11
NA,Bacillota,Bacilli,Bacillales,Bacillaceae,Heyndrickxia,Heyndrickxia acidiproducens,Heyndrickxia acidiproducens,255,0,0,0,0,3,0,2,0
NA,Bacillota,Erysipelotrichia,Erysipelotrichales,Erysipelotrichaceae,Holdemanella,Holdemanella biformis,Holdemanella biformis,256,0,0,0,0,922,2365,5546,3802
NA,Bacillota,Erysipelotrichia,Erysipelotrichales,Erysipelotrichaceae,Holdemania,Holdemania massiliensis,Holdemania massiliensis,257,65,61,33,71,59,29,21,82
NA,Bacteroidota,Bacteroidia,Bacteroidales,Prevotellaceae,Hoylesella,Hoylesella buccalis,Hoylesella buccalis,258,0,3,95,2,362,969,4457,1853
NA,Bacteroidota,Bacteroidia,Bacteroidales,Prevotellaceae,Hoylesella,Hoylesella enoeca,Hoylesella enoeca,259,0,0,0,0,20,1,0,0
NA,Bacteroidota,Bacteroidia,Bacteroidales,Prevotellaceae,Hoylesella,Hoylesella loescheii,Hoylesella loescheii,260,1,0,0,1,5,1,3,2
NA,Bacteroidota,Bacteroidia,Bacteroidales,Prevotellaceae,Hoylesella,Hoylesella marshii,Hoylesella marshii,261,0,0,0,0,35,2,6,1
NA,Bacteroidota,Bacteroidia,Bacteroidales,Prevotellaceae,Hoylesella,Hoylesella nanceiensis,Hoylesella nanceiensis,262,0,0,0,0,10,45,29,24
NA,Bacteroidota,Bacteroidia,Bacteroidales,Prevotellaceae,Hoylesella,Hoylesella oralis,Hoylesella oralis,263,0,0,0,0,0,0,1,0
NA,Bacteroidota,Bacteroidia,Bacteroidales,Prevotellaceae,Hoylesella,Hoylesella saccharolytica,Hoylesella saccharolytica,264,0,0,0,0,0,1,15,3
NA,Bacteroidota,Bacteroidia,Bacteroidales,Prevotellaceae,Hoylesella,Hoylesella timonensis,Hoylesella timonensis,265,0,0,0,0,472,1180,8603,1464
NA,Bacillota,Clostridia,Lachnospirales,Lachnospiraceae,Hungatella,Hungatella hathewayi,Hungatella hathewayi,266,8,13,7,18,31,115,850,105
NA,Pseudomonadota,Betaproteobacteria,Burkholderiales,Comamonadaceae,Hydrogenophaga,Hydrogenophaga intermedia,Hydrogenophaga intermedia,267,0,0,0,0,0,2,0,5
NA,Bacteroidota,Cytophagia,Cytophagales,Hymenobacteraceae,Hymenobacter,Hymenobacter glacialis,Hymenobacter glacialis,268,0,0,0,0,2,0,0,0
NA,Pseudomonadota,Alphaproteobacteria,Hyphomicrobiales,Hyphomicrobiaceae,Hyphomicrobium,Hyphomicrobium sulfonivorans,Hyphomicrobium sulfonivorans,269,0,0,0,0,0,1,0,0
NA,Pseudomonadota,Gammaproteobacteria,Alteromonadales,Idiomarinaceae,Idiomarina,Idiomarina xiamenensis,Idiomarina xiamenensis,270,0,0,0,0,0,14,0,0
NA,Bacillota,Clostridia,Eubacteriales,Butyricicoccaceae,Intestinibacillus,Intestinibacillus massiliensis,Intestinibacillus massiliensis,271,0,0,0,0,0,0,0,18
NA,Bacillota,Clostridia,Peptostreptococcales,Peptostreptococcaceae,Intestinibacter,Intestinibacter bartlettii,Intestinibacter bartlettii,272,0,0,0,0,629,1992,8552,2336
NA,Bacillota,Clostridia,Eubacteriales,NA,Intestinimonas,Intestinimonas butyriciproducens,Intestinimonas butyriciproducens,273,3,16,6,12,5,35,103,9
NA,Bacillota,Clostridia,Lachnospirales,Lachnospiraceae,Johnsonella,Johnsonella ignava,Johnsonella ignava,274,1,2,1,4,3,13,76,8
NA,Bacillota,Erysipelotrichia,Erysipelotrichales,Coprobacillaceae,Kandleria,Kandleria vitulina,Kandleria vitulina,275,0,0,0,0,8,27,57,41
NA,Uroviricota,Caudoviricetes,NA,NA,NA,Klebsiella phage phiKO2,Klebsiella phage phiKO2,276,0,0,0,0,0,0,1,0
NA,Pseudomonadota,Gammaproteobacteria,Enterobacterales,Enterobacteriaceae,Kluyvera,Kluyvera ascorbata,Kluyvera ascorbata,277,0,0,0,0,7,41,77,64
NA,Pseudomonadota,Gammaproteobacteria,Enterobacterales,Enterobacteriaceae,Kluyvera,Kluyvera cryocrescens,Kluyvera cryocrescens,278,0,0,0,0,0,10,38,31
NA,Pseudomonadota,Gammaproteobacteria,Enterobacterales,Enterobacteriaceae,Kosakonia,Kosakonia cowanii,Kosakonia cowanii,279,0,0,0,0,7,7,19,5
NA,Pseudomonadota,Gammaproteobacteria,Enterobacterales,Enterobacteriaceae,Kosakonia,Kosakonia sacchari,Kosakonia sacchari,280,0,0,0,0,0,3,12,7
NA,Bacillota,Bacilli,Bacillales,Planococcaceae,Kurthia,Kurthia massiliensis,Kurthia massiliensis,281,0,0,0,0,0,0,1,0
NA,Uroviricota,Caudoviricetes,NA,NA,Kwaitsingvirus,Kwaitsingvirus HK544,Kwaitsingvirus HK544,282,0,0,0,0,1,2,5,2
NA,Bacteroidota,Bacteroidia,Marinilabiliales,Marinilabiliaceae,Labilibacter,Labilibacter marinus,Labilibacter marinus,283,0,0,0,0,0,0,1,0
NA,Bacillota,Clostridia,Lachnospirales,Lachnospiraceae,Lachnoanaerobaculum,Lachnoanaerobaculum saburreum,Lachnoanaerobaculum saburreum,284,0,0,0,0,1,2,10,1
NA,Bacillota,Clostridia,Lachnospirales,Lachnospiraceae,Lachnobacterium,Lachnobacterium bovis,Lachnobacterium bovis,285,0,0,0,0,2,3,1,1
NA,Bacillota,Clostridia,Lachnospirales,Lachnospiraceae,Lachnoclostridium,Lachnoclostridium phocaeense,Lachnoclostridium phocaeense,286,10,15,11,23,81,58,16,41
NA,Bacillota,Clostridia,Lachnospirales,Lachnospiraceae,Lachnoclostridium,Lachnoclostridium phytofermentans,Lachnoclostridium phytofermentans,287,0,0,0,0,1,0,0,2
NA,Bacillota,Clostridia,Lachnospirales,Lachnospiraceae,Lachnospira,Lachnospira eligens,Lachnospira eligens,288,5,36,11,37,5642,15041,7576,8524
NA,Bacillota,Clostridia,Lachnospirales,Lachnospiraceae,Lachnospira,Lachnospira multipara,Lachnospira multipara,289,0,0,0,0,2622,6813,5220,4212
NA,Bacillota,Bacilli,Lactobacillales,Lactobacillaceae,Lactobacillus,Lactobacillus gasseri,Lactobacillus gasseri,290,0,0,0,0,0,1,0,0
NA,Bacillota,Clostridia,Eubacteriales,Clostridiaceae,Lactonifactor,Lactonifactor longoviformis,Lactonifactor longoviformis,291,5,8,1,8,3,6,3,8
NA,Bacillota,Tissierellia,Tissierellales,Peptoniphilaceae,Lagierella,Lagierella massiliensis,Lagierella massiliensis,292,0,0,0,0,0,0,1,0
NA,Uroviricota,Caudoviricetes,NA,NA,Lambdavirus,Lambdavirus HK629,Lambdavirus HK629,293,0,0,0,0,0,0,1,0
NA,Uroviricota,Caudoviricetes,NA,NA,Lambdavirus,Lambdavirus lambda,Lambdavirus lambda,294,0,0,0,0,2,63,0,28
NA,Pseudomonadota,Gammaproteobacteria,Chromatiales,Chromatiaceae,Lamprocystis,Lamprocystis purpurea,Lamprocystis purpurea,295,0,0,0,0,2,0,2,6
NA,Actinomycetota,Coriobacteriia,Coriobacteriales,Atopobiaceae,Lancefieldella,Lancefieldella rimae,Lancefieldella rimae,296,0,0,0,0,1,0,0,0
NA,Uroviricota,Caudoviricetes,NA,NA,Lederbergvirus,Lederbergvirus Sf6,Lederbergvirus Sf6,297,0,0,0,0,2,0,3,3
NA,Bacillota,Bacilli,Lactobacillales,Lactobacillaceae,Lentilactobacillus,Lentilactobacillus parafarraginis,Lentilactobacillus parafarraginis,298,0,0,0,0,0,0,1,0
NA,Bacillota,Bacilli,Lactobacillales,Lactobacillaceae,Leuconostoc,Leuconostoc carnosum,Leuconostoc carnosum,299,0,0,0,0,0,0,1,0
NA,Bacillota,Bacilli,Lactobacillales,Lactobacillaceae,Leuconostoc,Leuconostoc lactis,Leuconostoc lactis,300,0,0,0,0,1,0,0,0
NA,Bacillota,Bacilli,Lactobacillales,Lactobacillaceae,Leuconostoc,Leuconostoc mesenteroides,Leuconostoc mesenteroides,301,0,0,0,0,2,1,3,0
NA,Bacillota,Clostridia,Eubacteriales,NA,Levyella,Levyella massiliensis,Levyella massiliensis,302,0,0,0,0,0,3,22,43
NA,Bacteroidota,Bacteroidia,Bacteroidales,Prevotellaceae,Leyella,Leyella stercorea,Leyella stercorea,303,1048,1571,333,928,2378,7001,8442,4663
NA,Bacillota,Bacilli,Lactobacillales,Lactobacillaceae,Ligilactobacillus,Ligilactobacillus acidipiscis,Ligilactobacillus acidipiscis,304,0,0,0,0,1,0,0,0
NA,Bacillota,Bacilli,Lactobacillales,Lactobacillaceae,Ligilactobacillus,Ligilactobacillus agilis,Ligilactobacillus agilis,305,0,0,0,0,0,1,0,0
NA,Bacillota,Bacilli,Lactobacillales,Lactobacillaceae,Ligilactobacillus,Ligilactobacillus ruminis,Ligilactobacillus ruminis,306,0,0,0,0,509,1345,5840,1934
NA,Bacillota,Bacilli,Lactobacillales,Lactobacillaceae,Limosilactobacillus,Limosilactobacillus mucosae,Limosilactobacillus mucosae,307,6,12,16,6,0,0,0,0
NA,Bacillota,Bacilli,Lactobacillales,Lactobacillaceae,Limosilactobacillus,Limosilactobacillus vaginalis,Limosilactobacillus vaginalis,308,0,0,0,0,2,4,1,1
NA,Bacillota,Bacilli,Lactobacillales,Lactobacillaceae,Liquorilactobacillus,Liquorilactobacillus hordei,Liquorilactobacillus hordei,309,0,0,0,0,1,0,0,2
NA,Pseudomonadota,Gammaproteobacteria,Enterobacterales,Pectobacteriaceae,Lonsdalea,Lonsdalea quercina,Lonsdalea quercina,310,0,0,0,0,1,0,2,0
NA,Pseudomonadota,Gammaproteobacteria,Enterobacterales,Enterobacteriaceae,Mangrovibacter,Mangrovibacter phragmitis,Mangrovibacter phragmitis,311,0,0,0,0,1,0,2,3
NA,Pseudomonadota,Gammaproteobacteria,Pasteurellales,Pasteurellaceae,Mannheimia,Mannheimia haemolytica,Mannheimia haemolytica,312,0,0,0,0,0,2,0,0
NA,Uroviricota,Caudoviricetes,NA,NA,Marienburgvirus,Marienburgvirus BP4795,Marienburgvirus BP4795,313,0,0,0,0,26,389,166,47
NA,Planctomycetota,Planctomycetia,Pirellulales,Pirellulaceae,Mariniblastus,Mariniblastus fucicola,Mariniblastus fucicola,314,0,0,0,0,1,0,0,0
NA,Bacillota,Bacilli,Lactobacillales,Carnobacteriaceae,Marinilactibacillus,Marinilactibacillus piezotolerans,Marinilactibacillus piezotolerans,315,0,0,0,0,0,0,11,0
NA,Bacteroidota,Bacteroidia,Marinilabiliales,Prolixibacteraceae,Mariniphaga,Mariniphaga anaerophila,Mariniphaga anaerophila,316,0,0,0,0,0,0,1,0
NA,Bacillota,Clostridia,Lachnospirales,Lachnospiraceae,Marvinbryantia,Marvinbryantia formatexigens,Marvinbryantia formatexigens,317,0,0,0,1,4,15,22,29
NA,Bacillota,Bacilli,Bacillales,Bacillaceae,Massilibacterium,Massilibacterium senegalense,Massilibacterium senegalense,318,0,0,0,0,0,0,1,0
NA,Bacillota,Erysipelotrichia,Erysipelotrichales,Erysipelotrichaceae,Massilimicrobiota,Massilimicrobiota timonensis,Massilimicrobiota timonensis,319,0,0,0,0,0,3,4,1
NA,Bacillota,Clostridia,Eubacteriales,Clostridiaceae,Massilioclostridium,Massilioclostridium coli,Massilioclostridium coli,320,0,0,0,0,1,4,1,2
NA,Bacteroidota,Bacteroidia,Bacteroidales,Bacteroidaceae,Mediterranea,Mediterranea massiliensis,Mediterranea massiliensis,321,2,1,1,0,54,57,69,43
NA,Bacillota,Clostridia,Lachnospirales,Lachnospiraceae,Mediterraneibacter,Mediterraneibacter gnavus,Mediterraneibacter gnavus,322,0,0,0,0,1225,3267,6144,5298
NA,Bacillota,Negativicutes,Veillonellales,Veillonellaceae,Megasphaera,Megasphaera elsdenii,Megasphaera elsdenii,323,1,0,0,2,325,816,5475,1045
NA,Bacillota,Negativicutes,Veillonellales,Veillonellaceae,Megasphaera,Megasphaera micronuciformis,Megasphaera micronuciformis,324,0,0,0,0,1,0,0,0
NA,Bacillota,Erysipelotrichia,Erysipelotrichales,Erysipelotrichaceae,Merdibacter,Merdibacter massiliensis,Merdibacter massiliensis,325,3,10,10,3,26,5,4,162
NA,Bacillota,Clostridia,Eubacteriales,Oscillospiraceae,Merdimmobilis,Merdimmobilis hominis,Merdimmobilis hominis,326,1,2,2,4,0,2,0,2
NA,Bacillota,Clostridia,Lachnospirales,Lachnospiraceae,Merdimonas,Merdimonas faecis,Merdimonas faecis,327,1,3,3,3,7,28,60,88
NA,Pseudomonadota,Gammaproteobacteria,Pseudomonadales,Pseudomonadaceae,Metapseudomonas,Metapseudomonas otitidis,Metapseudomonas otitidis,328,0,0,0,0,0,0,0,2
NA,Pseudomonadota,Gammaproteobacteria,Methylococcales,Methylococcaceae,Methyloglobulus,Methyloglobulus morosus,Methyloglobulus morosus,329,0,0,0,0,0,0,1,0
NA,Actinomycetota,Actinomycetes,Micrococcales,Microbacteriaceae,Microbacterium,Microbacterium mangrovi,Microbacterium mangrovi,330,0,0,0,0,0,0,7,3
NA,Bacillota,Negativicutes,Selenomonadales,Selenomonadaceae,Mitsuokella,Mitsuokella multacida,Mitsuokella multacida,331,0,0,0,0,0,1,0,0
NA,Pseudomonadota,Gammaproteobacteria,Enterobacterales,Morganellaceae,Moellerella,Moellerella wisconsensis,Moellerella wisconsensis,332,0,0,0,0,0,2,0,0
NA,Pseudomonadota,Gammaproteobacteria,Moraxellales,Moraxellaceae,Moraxella,Moraxella porci,Moraxella porci,333,0,0,0,0,0,2,4,0
NA,Pseudomonadota,Gammaproteobacteria,Enterobacterales,Morganellaceae,Morganella,Morganella morganii,Morganella morganii,334,0,0,0,0,0,1,0,0
NA,Bacillota,Tissierellia,Tissierellales,Peptoniphilaceae,Murdochiella,Murdochiella massiliensis,Murdochiella massiliensis,335,0,0,0,0,0,0,0,1
NA,Bacteroidota,Bacteroidia,Bacteroidales,Muribaculaceae,Muribaculum,Muribaculum intestinale,Muribaculum intestinale,336,0,0,0,0,3,16,7,12
NA,Pseudomonadota,Gammaproteobacteria,Enterobacterales,Pectobacteriaceae,Musicola,Musicola paradisiaca,Musicola paradisiaca,337,0,0,0,0,1,1,0,0
NA,Pseudomonadota,Betaproteobacteria,Burkholderiales,Burkholderiaceae,Mycetohabitans,Mycetohabitans rhizoxinica,Mycetohabitans rhizoxinica,338,0,0,0,0,0,0,1,0
NA,Actinomycetota,Actinomycetes,Mycobacteriales,Mycobacteriaceae,Mycobacterium,Mycobacterium europaeum,Mycobacterium europaeum,339,0,0,0,0,0,0,0,1
NA,Bacteroidota,Flavobacteriia,Flavobacteriales,Flavobacteriaceae,Myroides,Myroides injenensis,Myroides injenensis,340,0,0,0,0,0,0,0,1
NA,Bacillota,NA,NA,NA,Ndongobacter,Ndongobacter massiliensis,Ndongobacter massiliensis,341,0,0,0,0,0,0,3,2
NA,Pseudomonadota,Gammaproteobacteria,Pasteurellales,Pasteurellaceae,Necropsobacter,Necropsobacter massiliensis,Necropsobacter massiliensis,342,0,0,0,0,0,1,0,0
NA,Bacillota,NA,NA,NA,Negativibacillus,Negativibacillus massiliensis,Negativibacillus massiliensis,343,2,0,0,1,10,9,8,65
NA,Bacillota,Clostridia,Eubacteriales,Oscillospiraceae,Neglectibacter,Neglectibacter timonensis,Neglectibacter timonensis,344,1,1,0,1,1,9,11,0
NA,Bacillota,Clostridia,Eubacteriales,NA,Neofamilia,Neofamilia massiliensis,Neofamilia massiliensis,345,0,0,0,0,0,1,1,3
NA,Pseudomonadota,Gammaproteobacteria,Enterobacterales,Yersiniaceae,Nissabacter,Nissabacter archeti,Nissabacter archeti,346,0,0,0,0,0,3,1,0
NA,Thermomicrobiota,Thermomicrobia,Sphaerobacterales,Sphaerobacteraceae,Nitrolancea,Nitrolancea hollandica,Nitrolancea hollandica,347,0,0,0,0,0,1,1,2
NA,Bacillota,Bacilli,Bacillales,Thermoactinomycetaceae,Novibacillus,Novibacillus thermophilus,Novibacillus thermophilus,348,0,0,0,0,2,0,0,0
NA,Pseudomonadota,Alphaproteobacteria,Sphingomonadales,Sphingomonadaceae,Novosphingobium,Novosphingobium malaysiense,Novosphingobium malaysiense,349,0,0,0,0,0,0,1,0
NA,Pseudomonadota,Gammaproteobacteria,Enterobacterales,Hafniaceae,Obesumbacterium,Obesumbacterium proteus,Obesumbacterium proteus,350,0,0,0,0,1,5,1,7
NA,Fusobacteriota,Fusobacteriia,Fusobacteriales,Leptotrichiaceae,Oceanivirga,Oceanivirga salmonicida,Oceanivirga salmonicida,351,0,0,0,0,3,3,11,3
NA,Pseudomonadota,Gammaproteobacteria,Oceanospirillales,Oceanospirillaceae,Oceanospirillum,Oceanospirillum linum,Oceanospirillum linum,352,0,0,0,0,3,0,0,3
NA,Bacteroidota,Bacteroidia,Bacteroidales,Odoribacteraceae,Odoribacter,Odoribacter laneus,Odoribacter laneus,353,0,0,0,0,20,21,90,9
NA,Bacteroidota,Bacteroidia,Bacteroidales,Odoribacteraceae,Odoribacter,Odoribacter splanchnicus,Odoribacter splanchnicus,354,2,4,4,0,3180,8545,12432,5200
NA,Actinomycetota,Coriobacteriia,Coriobacteriales,Coriobacteriaceae,Olegusella,Olegusella massiliensis,Olegusella massiliensis,355,0,0,0,0,1,2,8,0
NA,Bacillota,Clostridia,Halanaerobiales,Halobacteroidaceae,Orenia,Orenia metallireducens,Orenia metallireducens,356,0,0,0,0,0,0,0,1
NA,Bacillota,Clostridia,Lachnospirales,Lachnospiraceae,Oribacterium,Oribacterium parvum,Oribacterium parvum,357,2,5,2,1,1,3,0,0
NA,Uroviricota,Caudoviricetes,NA,NA,Oslovirus,Oslovirus ov191,Oslovirus ov191,358,0,0,0,0,0,2,0,1
NA,Uroviricota,Caudoviricetes,NA,NA,Oslovirus,Oslovirus PA2,Oslovirus PA2,359,0,0,0,0,100,4,0,0
NA,Uroviricota,Caudoviricetes,NA,NA,Oslovirus,Oslovirus TL2011,Oslovirus TL2011,360,0,0,0,0,0,2,0,0
NA,Uroviricota,Caudoviricetes,NA,NA,Oslovirus,Oslovirus VASD,Oslovirus VASD,361,0,0,0,0,0,2,0,0
NA,Pseudomonadota,Betaproteobacteria,Burkholderiales,Oxalobacteraceae,Oxalobacter,Oxalobacter paraformigenes,Oxalobacter paraformigenes,362,26,51,34,55,0,6,0,4
NA,Uroviricota,Caudoviricetes,NA,NA,Pankowvirus,Pankowvirus pv1717,Pankowvirus pv1717,363,0,0,0,0,15,41,11,27
NA,Uroviricota,Caudoviricetes,NA,NA,Pankowvirus,Pankowvirus YYZ2008,Pankowvirus YYZ2008,364,0,0,0,0,253,222,91,361
NA,Pseudomonadota,Gammaproteobacteria,Enterobacterales,Erwiniaceae,Pantoea,Pantoea alhagi,Pantoea alhagi,365,0,0,0,0,0,1,0,1
NA,Pseudomonadota,Gammaproteobacteria,Enterobacterales,Erwiniaceae,Pantoea,Pantoea dispersa,Pantoea dispersa,366,0,0,0,0,0,0,1,1
NA,Pseudomonadota,Gammaproteobacteria,Enterobacterales,Erwiniaceae,Pantoea,Pantoea rwandensis,Pantoea rwandensis,367,0,0,0,0,12,6,5,10
NA,Pseudomonadota,Gammaproteobacteria,Enterobacterales,Erwiniaceae,Pantoea,Pantoea septica,Pantoea septica,368,0,0,0,0,0,0,5,0
NA,Bacillota,Clostridia,Eubacteriales,Oscillospiraceae,Papillibacter,Papillibacter cinnamivorans,Papillibacter cinnamivorans,369,0,0,0,0,0,0,0,1
NA,Bacteroidota,Bacteroidia,Bacteroidales,Tannerellaceae,Parabacteroides,Parabacteroides distasonis,Parabacteroides distasonis,370,27,67,114,216,8206,20571,11736,12911
NA,Bacteroidota,Bacteroidia,Bacteroidales,Tannerellaceae,Parabacteroides,Parabacteroides goldsteinii,Parabacteroides goldsteinii,371,0,0,0,0,7,62,32,17
NA,Bacteroidota,Bacteroidia,Bacteroidales,Tannerellaceae,Parabacteroides,Parabacteroides johnsonii,Parabacteroides johnsonii,372,244,347,831,189,1198,2887,2248,1893
NA,Phixviricota,Malgrandaviricetes,Petitvirales,Microviridae,NA,Parabacteroides phage YZ-2015b,Parabacteroides phage YZ-2015b,373,0,0,0,0,2,0,1,0
NA,Bacillota,Clostridia,Peptostreptococcales,Peptostreptococcaceae,Paraclostridium,Paraclostridium sordellii,Paraclostridium sordellii,374,0,0,0,0,0,1,1,0
NA,Pseudomonadota,Alphaproteobacteria,Rhodobacterales,Paracoccaceae,Paracoccus,Paracoccus alcaliphilus,Paracoccus alcaliphilus,375,0,0,0,0,0,15,0,15
NA,Pseudomonadota,Alphaproteobacteria,Rhodobacterales,Paracoccaceae,Paracoccus,Paracoccus alkenifer,Paracoccus alkenifer,376,0,0,0,0,2,0,0,0
NA,Actinomycetota,Coriobacteriia,Coriobacteriales,Atopobiaceae,Parafannyhessea,Parafannyhessea umbonata,Parafannyhessea umbonata,377,0,0,0,0,0,3,16,4
NA,Bacteroidota,Sphingobacteriia,Sphingobacteriales,Sphingobacteriaceae,Parapedobacter,Parapedobacter indicus,Parapedobacter indicus,378,0,0,0,0,0,0,0,3
NA,Bacteroidota,Bacteroidia,Bacteroidales,Prevotellaceae,Paraprevotella,Paraprevotella xylaniphila,Paraprevotella xylaniphila,379,0,1,5,0,686,1745,9183,2542
NA,Pseudomonadota,Betaproteobacteria,Burkholderiales,Sutterellaceae,Parasutterella,Parasutterella excrementihominis,Parasutterella excrementihominis,380,0,0,0,0,756,1984,8049,2864
NA,Actinomycetota,Coriobacteriia,Coriobacteriales,Atopobiaceae,Parolsenella,Parolsenella massiliensis,Parolsenella massiliensis,381,0,0,0,0,3,2,1,5
NA,Pseudomonadota,Gammaproteobacteria,Pasteurellales,Pasteurellaceae,Pasteurella,Pasteurella skyensis,Pasteurella skyensis,382,0,0,0,0,0,0,0,1
NA,Uroviricota,Caudoviricetes,NA,Peduoviridae,Peduovirus,Peduovirus magyaro,Peduovirus magyaro,383,0,0,0,0,0,3,0,0
NA,Uroviricota,Caudoviricetes,NA,Peduoviridae,Peduovirus,Peduovirus pro483,Peduovirus pro483,384,0,0,0,0,0,2,1,0
NA,Bacillota,Clostridia,Peptostreptococcales,Peptostreptococcaceae,Peptacetobacter,Peptacetobacter hiranonis,Peptacetobacter hiranonis,385,0,0,0,0,0,0,1,0
NA,Bacillota,Tissierellia,Tissierellales,Peptoniphilaceae,Peptoniphilus,Peptoniphilus asaccharolyticus,Peptoniphilus asaccharolyticus,386,0,0,0,0,1,5,0,5
NA,Bacillota,Tissierellia,Tissierellales,Peptoniphilaceae,Peptoniphilus,Peptoniphilus duerdenii,Peptoniphilus duerdenii,387,0,0,0,0,0,1,3,0
NA,Bacillota,Tissierellia,Tissierellales,Peptoniphilaceae,Peptoniphilus,Peptoniphilus faecalis,Peptoniphilus faecalis,388,0,0,0,0,1,0,1,0
NA,Bacillota,Tissierellia,Tissierellales,Peptoniphilaceae,Peptoniphilus,Peptoniphilus grossensis,Peptoniphilus grossensis,389,0,0,0,0,2,1,7,2
NA,Bacillota,Tissierellia,Tissierellales,Peptoniphilaceae,Peptoniphilus,Peptoniphilus harei,Peptoniphilus harei,390,0,0,0,0,0,5,2,0
NA,Bacillota,Tissierellia,Tissierellales,Peptoniphilaceae,Peptoniphilus,Peptoniphilus indolicus,Peptoniphilus indolicus,391,0,0,0,0,1,0,5,0
NA,Bacillota,Tissierellia,Tissierellales,Peptoniphilaceae,Peptoniphilus,Peptoniphilus lacrimalis,Peptoniphilus lacrimalis,392,0,0,0,0,0,8,157,6
NA,Bacillota,Tissierellia,Tissierellales,Peptoniphilaceae,Peptoniphilus,Peptoniphilus obesi,Peptoniphilus obesi,393,0,0,0,0,8,0,2,0
NA,Bacillota,Tissierellia,Tissierellales,Peptoniphilaceae,Peptoniphilus,Peptoniphilus rhinitidis,Peptoniphilus rhinitidis,394,0,0,0,0,0,6,13,6
NA,Bacillota,Tissierellia,Tissierellales,Peptoniphilaceae,Peptoniphilus,Peptoniphilus senegalensis,Peptoniphilus senegalensis,395,0,0,0,0,0,1,0,0
NA,Bacillota,Tissierellia,Tissierellales,Peptoniphilaceae,Peptoniphilus,Peptoniphilus timonensis,Peptoniphilus timonensis,396,0,0,0,0,0,2,1,1
NA,Bacillota,Clostridia,Peptostreptococcales,Peptostreptococcaceae,Peptostreptococcus,Peptostreptococcus anaerobius,Peptostreptococcus anaerobius,397,1,5,5,4,8,6,14,16
NA,Bacteroidota,Bacteroidia,Bacteroidales,Dysgonomonadaceae,Petrimonas,Petrimonas mucosa,Petrimonas mucosa,398,0,0,0,0,0,0,2,0
NA,Bacillota,Negativicutes,Acidaminococcales,Acidaminococcaceae,Phascolarctobacterium,Phascolarctobacterium succinatutens,Phascolarctobacterium succinatutens,399,0,0,0,0,1734,4527,5494,2823
NA,Bacteroidota,Bacteroidia,Bacteroidales,Bacteroidaceae,Phocaeicola,Phocaeicola barnesiae,Phocaeicola barnesiae,400,313,454,135,305,21,26,42,47
NA,Bacteroidota,Bacteroidia,Bacteroidales,Bacteroidaceae,Phocaeicola,Phocaeicola coprocola,Phocaeicola coprocola,401,0,0,0,0,1182,3207,9750,4563
NA,Bacteroidota,Bacteroidia,Bacteroidales,Bacteroidaceae,Phocaeicola,Phocaeicola coprophilus,Phocaeicola coprophilus,402,9,7,30,2,14,35,85,38
NA,Bacteroidota,Bacteroidia,Bacteroidales,Bacteroidaceae,Phocaeicola,Phocaeicola paurosaccharolyticus,Phocaeicola paurosaccharolyticus,403,0,0,0,0,1,12,18,7
NA,Bacteroidota,Bacteroidia,Bacteroidales,Bacteroidaceae,Phocaeicola,Phocaeicola plebeius,Phocaeicola plebeius,404,1,20,2,9,8574,23090,12968,13872
NA,Bacteroidota,Bacteroidia,Bacteroidales,Bacteroidaceae,Phocaeicola,Phocaeicola salanitronis,Phocaeicola salanitronis,405,47,14,2,58,2,4,21,12
NA,Bacteroidota,Bacteroidia,Bacteroidales,Bacteroidaceae,Phocaeicola,Phocaeicola vulgatus,Phocaeicola vulgatus,406,139555,209895,235674,241789,61251,54466,26476,99244
NA,Actinomycetota,Coriobacteriia,Eggerthellales,Eggerthellaceae,Phoenicibacter,Phoenicibacter congonensis,Phoenicibacter congonensis,407,0,0,0,0,1,5,5,6
NA,Pseudomonadota,Gammaproteobacteria,Enterobacterales,Enterobacteriaceae,Pluralibacter,Pluralibacter gergoviae,Pluralibacter gergoviae,408,0,0,0,0,14,11,32,31
NA,Bacteroidota,Bacteroidia,Bacteroidales,Porphyromonadaceae,Porphyromonas,Porphyromonas cangingivalis,Porphyromonas cangingivalis,409,0,0,0,0,0,1,3,3
NA,Bacteroidota,Bacteroidia,Bacteroidales,Porphyromonadaceae,Porphyromonas,Porphyromonas catoniae,Porphyromonas catoniae,410,0,0,0,0,0,0,2,0
NA,Bacteroidota,Bacteroidia,Bacteroidales,Porphyromonadaceae,Porphyromonas,Porphyromonas circumdentaria,Porphyromonas circumdentaria,411,0,0,0,0,5,6,6,4
NA,Bacteroidota,Bacteroidia,Bacteroidales,Porphyromonadaceae,Porphyromonas,Porphyromonas endodontalis,Porphyromonas endodontalis,412,0,0,0,0,5,6,10,9
NA,Bacteroidota,Bacteroidia,Bacteroidales,Porphyromonadaceae,Porphyromonas,Porphyromonas gingivalis,Porphyromonas gingivalis,413,0,0,38,0,6,14,5,15
NA,Bacteroidota,Bacteroidia,Bacteroidales,Porphyromonadaceae,Porphyromonas,Porphyromonas levii,Porphyromonas levii,414,0,0,0,0,2,29,13,11
NA,Bacteroidota,Bacteroidia,Bacteroidales,Porphyromonadaceae,Porphyromonas,Porphyromonas somerae,Porphyromonas somerae,415,0,0,0,0,0,2,1,2
NA,Bacteroidota,Bacteroidia,Bacteroidales,Prevotellaceae,Prevotella,Prevotella amnii,Prevotella amnii,416,0,0,0,0,0,1,9,2
NA,Bacteroidota,Bacteroidia,Bacteroidales,Prevotellaceae,Prevotella,Prevotella aurantiaca,Prevotella aurantiaca,417,0,0,0,0,9,2,877,1
NA,Bacteroidota,Bacteroidia,Bacteroidales,Prevotellaceae,Prevotella,Prevotella bivia,Prevotella bivia,418,1,0,0,0,1143,3268,6892,5424
NA,Bacteroidota,Bacteroidia,Bacteroidales,Prevotellaceae,Prevotella,Prevotella corporis,Prevotella corporis,419,0,12,566,0,425,884,6336,1303
NA,Bacteroidota,Bacteroidia,Bacteroidales,Prevotellaceae,Prevotella,Prevotella dentalis,Prevotella dentalis,420,0,0,0,0,1,3,162,3
NA,Bacteroidota,Bacteroidia,Bacteroidales,Prevotellaceae,Prevotella,Prevotella dentasini,Prevotella dentasini,421,0,0,0,0,0,3,0,1
NA,Bacteroidota,Bacteroidia,Bacteroidales,Prevotellaceae,Prevotella,Prevotella denticola,Prevotella denticola,422,0,0,0,0,1,0,0,1
NA,Bacteroidota,Bacteroidia,Bacteroidales,Prevotellaceae,Prevotella,Prevotella disiens,Prevotella disiens,423,9,0,25,8,547,891,9851,1326
NA,Bacteroidota,Bacteroidia,Bacteroidales,Prevotellaceae,Prevotella,Prevotella falsenii,Prevotella falsenii,424,0,0,0,0,0,3,6,2
NA,Bacteroidota,Bacteroidia,Bacteroidales,Prevotellaceae,Prevotella,Prevotella fusca,Prevotella fusca,425,0,0,0,0,0,0,5,0
NA,Bacteroidota,Bacteroidia,Bacteroidales,Prevotellaceae,Prevotella,Prevotella ihumii,Prevotella ihumii,426,0,0,0,0,3,707,42,382
NA,Bacteroidota,Bacteroidia,Bacteroidales,Prevotellaceae,Prevotella,Prevotella intermedia,Prevotella intermedia,427,1,2,66,0,1,0,1,1
NA,Bacteroidota,Bacteroidia,Bacteroidales,Prevotellaceae,Prevotella,Prevotella micans,Prevotella micans,428,0,0,0,0,0,1,1,0
NA,Bacteroidota,Bacteroidia,Bacteroidales,Prevotellaceae,Prevotella,Prevotella multiformis,Prevotella multiformis,429,0,0,0,0,25,19,183,67
NA,Bacteroidota,Bacteroidia,Bacteroidales,Prevotellaceae,Prevotella,Prevotella nigrescens,Prevotella nigrescens,430,0,0,0,0,6,4,4,0
NA,Bacteroidota,Bacteroidia,Bacteroidales,Prevotellaceae,Prevotella,Prevotella pallens,Prevotella pallens,431,0,0,0,0,58,49,8,43
NA,Bacteroidota,Bacteroidia,Bacteroidales,Prevotellaceae,Prevotella,Prevotella scopos,Prevotella scopos,432,0,0,0,0,0,0,2,0
NA,Bacteroidota,Bacteroidia,Bacteroidales,Prevotellaceae,Prevotella,Prevotella veroralis,Prevotella veroralis,433,0,0,0,0,0,0,6,1
NA,Bacteroidota,Bacteroidia,Bacteroidales,Prevotellaceae,Prevotellamassilia,Prevotellamassilia timonensis,Prevotellamassilia timonensis,434,6,6,4,4,17,67,113,57
NA,Bacillota,Bacilli,Bacillales,Bacillaceae,Priestia,Priestia megaterium,Priestia megaterium,435,0,0,0,0,1,0,0,0
NA,Bacillota,Clostridia,Eubacteriales,Oscillospiraceae,Provencibacterium,Provencibacterium massiliense,Provencibacterium massiliense,436,1,2,2,1,3,8,0,3
NA,Pseudomonadota,Gammaproteobacteria,Enterobacterales,Morganellaceae,Providencia,Providencia alcalifaciens,Providencia alcalifaciens,437,0,0,0,0,0,0,0,1
NA,Bacillota,Clostridia,Eubacteriales,Oscillospiraceae,Pseudobacteroides,Pseudobacteroides cellulosolvens,Pseudobacteroides cellulosolvens,438,0,0,0,0,0,0,1,0
NA,Bacillota,Clostridia,Lachnospirales,Lachnospiraceae,Pseudobutyrivibrio,Pseudobutyrivibrio ruminis,Pseudobutyrivibrio ruminis,439,0,0,0,0,0,1,0,3
NA,Bacillota,Clostridia,Eubacteriales,Oscillospiraceae,Pseudoflavonifractor,Pseudoflavonifractor capillosus,Pseudoflavonifractor capillosus,440,108,7,3,246,87,77,106,133
NA,Pseudomonadota,Gammaproteobacteria,Pseudomonadales,Pseudomonadaceae,Pseudomonas,Pseudomonas saudimassiliensis,Pseudomonas saudimassiliensis,441,0,0,0,0,0,0,6,0
NA,Pseudomonadota,Gammaproteobacteria,Pseudomonadales,Pseudomonadaceae,Pseudomonas,Pseudomonas zeshuii,Pseudomonas zeshuii,442,0,0,0,0,4,1,0,0
NA,Pseudomonadota,Alphaproteobacteria,Rhodobacterales,Paracoccaceae,Pseudooctadecabacter,Pseudooctadecabacter jejudonensis,Pseudooctadecabacter jejudonensis,443,0,0,0,0,0,0,1,0
NA,Pseudomonadota,Alphaproteobacteria,Hyphomicrobiales,Stappiaceae,Pseudovibrio,Pseudovibrio stylochi,Pseudovibrio stylochi,444,0,0,0,0,0,0,2,1
NA,Uroviricota,Caudoviricetes,NA,NA,Punavirus,Punavirus RCS47,Punavirus RCS47,445,0,0,0,0,6,9,48,18
NA,Uroviricota,Caudoviricetes,NA,NA,Punavirus,Punavirus SJ46,Punavirus SJ46,446,0,0,0,0,14,46,94,36
NA,Pseudomonadota,Betaproteobacteria,Burkholderiales,Burkholderiaceae,Ralstonia,Ralstonia mannitolilytica,Ralstonia mannitolilytica,447,0,0,0,0,2,5,3,31
NA,Bacteroidota,Flavobacteriia,Flavobacteriales,Weeksellaceae,Riemerella,Riemerella columbina,Riemerella columbina,448,34,58,0,30,129,1,0,0
NA,Bacteroidota,Bacteroidia,Bacteroidales,Rikenellaceae,Rikenella,Rikenella microfusus,Rikenella microfusus,449,0,0,0,0,0,1,5,6
NA,Bacillota,Clostridia,Lachnospirales,Lachnospiraceae,Roseburia,Roseburia faecis,Roseburia faecis,450,32,108,57,115,13698,31825,8179,18113
NA,Bacillota,Clostridia,Lachnospirales,Lachnospiraceae,Roseburia,Roseburia hominis,Roseburia hominis,451,65,159,109,168,3761,5710,10192,7749
NA,Bacillota,Clostridia,Lachnospirales,Lachnospiraceae,Roseburia,Roseburia intestinalis,Roseburia intestinalis,452,9,11,10,14,4258,12428,14675,7604
NA,Bacillota,Clostridia,Lachnospirales,Lachnospiraceae,Roseburia,Roseburia inulinivorans,Roseburia inulinivorans,453,446,1277,439,882,4764,12007,8928,7399
NA,Planctomycetota,Planctomycetia,Pirellulales,Pirellulaceae,Roseimaritima,Roseimaritima ulvae,Roseimaritima ulvae,454,0,0,0,0,8,0,0,0
NA,Bacillota,Clostridia,Eubacteriales,Oscillospiraceae,Ruminiclostridium,Ruminiclostridium josui,Ruminiclostridium josui,455,3,3,35,7,0,0,0,0
NA,Bacillota,Clostridia,Eubacteriales,Oscillospiraceae,Ruminococcus,Ruminococcus albus,Ruminococcus albus,456,0,0,1,0,0,0,0,0
NA,Bacillota,Clostridia,Eubacteriales,Oscillospiraceae,Ruminococcus,Ruminococcus bicirculans (ex Wegman et al. 2014),Ruminococcus bicirculans (ex Wegman et al. 2014),457,0,0,0,0,3,22,28,12
NA,Bacillota,Clostridia,Eubacteriales,Oscillospiraceae,Ruminococcus,Ruminococcus callidus,Ruminococcus callidus,458,6,18,11,16,7,42,12,16
NA,Bacillota,Clostridia,Eubacteriales,Oscillospiraceae,Ruminococcus,Ruminococcus flavefaciens,Ruminococcus flavefaciens,459,0,1,1,0,0,0,0,1
NA,Bacillota,Clostridia,Lachnospirales,Lachnospiraceae,Mediterraneibacter,Ruminococcus lactaris,Ruminococcus lactaris,460,0,0,0,0,1924,6414,8771,4298
NA,Bacillota,Clostridia,Eubacteriales,Oscillospiraceae,Ruminococcus,Ruminococcus sp. XPD3002,Ruminococcus sp. XPD3002,461,0,0,0,0,0,0,0,1
NA,Bacillota,Clostridia,Eubacteriales,Oscillospiraceae,Ruminococcus,Ruminococcus sp. YE282,Ruminococcus sp. YE282,462,21,36,51,41,13,9,4,18
NA,Bacillota,Clostridia,Lachnospirales,Lachnospiraceae,Mediterraneibacter,Ruminococcus torques,Ruminococcus torques,463,0,0,0,1,4934,13024,6780,8512
NA,Bacillota,Clostridia,Eubacteriales,Oscillospiraceae,Ruthenibacterium,Ruthenibacterium lactatiformans,Ruthenibacterium lactatiformans,464,55,91,71,102,2772,4162,10469,6836
NA,Bacteroidota,Bacteroidia,Marinilabiliales,Marinilabiliaceae,Saccharicrinis,Saccharicrinis fermentans,Saccharicrinis fermentans,465,0,0,0,0,0,0,2,1
NA,Pseudomonadota,Gammaproteobacteria,Enterobacterales,Enterobacteriaceae,Salmonella,Salmonella enterica,Salmonella enterica,466,0,0,0,0,13,63,750,50
NA,Uroviricota,Caudoviricetes,NA,NA,NA,Salmonella phage SSU5,Salmonella phage SSU5,467,0,0,0,0,0,0,1,0
NA,Bacteroidota,Bacteroidia,Bacteroidales,Porphyromonadaceae,Sanguibacteroides,Sanguibacteroides justesenii,Sanguibacteroides justesenii,468,0,0,0,0,37,41,130,363
NA,Bacillota,Clostridia,Eubacteriales,Clostridiaceae,Sarcina,Sarcina ventriculi,Sarcina ventriculi,469,0,0,0,0,1,0,0,1
NA,Actinomycetota,Actinomycetes,Actinomycetales,Actinomycetaceae,Schaalia,Schaalia turicensis,Schaalia turicensis,470,0,0,0,0,0,1,0,0
NA,Bacteroidota,Bacteroidia,Bacteroidales,Prevotellaceae,Segatella,Segatella albensis,Segatella albensis,471,0,0,0,0,0,0,3,3
NA,Bacteroidota,Bacteroidia,Bacteroidales,Prevotellaceae,Segatella,Segatella buccae,Segatella buccae,472,0,0,0,0,0,0,0,16
NA,Bacteroidota,Bacteroidia,Bacteroidales,Prevotellaceae,Segatella,Segatella copri,Segatella copri,473,503039,252310,102725,236807,496836,47959,10059,84619
NA,Bacteroidota,Bacteroidia,Bacteroidales,Prevotellaceae,Segatella,Segatella maculosa,Segatella maculosa,474,0,0,0,0,0,1,1,0
NA,Bacteroidota,Bacteroidia,Bacteroidales,Prevotellaceae,Segatella,Segatella salivae,Segatella salivae,475,2,0,0,5,0,0,2,0
NA,Bacillota,Clostridia,Lachnospirales,Lachnospiraceae,Sellimonas,Sellimonas intestinalis,Sellimonas intestinalis,476,0,0,0,0,0,1,4,0
NA,Actinomycetota,Coriobacteriia,Coriobacteriales,Coriobacteriaceae,Senegalimassilia,Senegalimassilia anaerobia,Senegalimassilia anaerobia,477,0,1,0,0,9,6,79,4
NA,Pseudomonadota,Gammaproteobacteria,Enterobacterales,Yersiniaceae,Serratia,Serratia fonticola,Serratia fonticola,478,0,0,0,0,0,3,1,4
NA,Pseudomonadota,Gammaproteobacteria,Enterobacterales,Yersiniaceae,Serratia,Serratia marcescens,Serratia marcescens,479,0,0,0,0,2,0,2,0
NA,Pseudomonadota,Gammaproteobacteria,Enterobacterales,Yersiniaceae,Serratia,Serratia rubidaea,Serratia rubidaea,480,0,0,0,0,7,7,6,1
NA,Uroviricota,Caudoviricetes,NA,NA,Shamshuipovirus,Shamshuipovirus HK022,Shamshuipovirus HK022,481,0,0,0,0,0,0,2,10
NA,Bacillota,Erysipelotrichia,Erysipelotrichales,Coprobacillaceae,Sharpea,Sharpea azabuensis,Sharpea azabuensis,482,0,0,0,0,2,0,5,12
NA,Pseudomonadota,Gammaproteobacteria,Enterobacterales,Enterobacteriaceae,Shigella,Shigella dysenteriae,Shigella dysenteriae,483,0,0,0,0,10514,27954,936,17143
NA,Pseudomonadota,Gammaproteobacteria,Enterobacterales,Enterobacteriaceae,Shigella,Shigella flexneri,Shigella flexneri,484,0,0,0,0,816,2159,11651,1456
NA,Uroviricota,Caudoviricetes,NA,NA,NA,Shigella phage SfIV,Shigella phage SfIV,485,0,0,0,0,0,2,0,0
NA,Bacillota,Clostridia,Lachnospirales,Lachnospiraceae,Shuttleworthella,Shuttleworthella satelles,Shuttleworthella satelles,486,0,0,0,0,0,0,0,1
NA,Pseudomonadota,Gammaproteobacteria,Enterobacterales,Enterobacteriaceae,Siccibacter,Siccibacter turicensis,Siccibacter turicensis,487,0,0,0,0,2,1,1,0
NA,Actinomycetota,Coriobacteriia,Eggerthellales,Eggerthellaceae,Slackia,Slackia heliotrinireducens,Slackia heliotrinireducens,488,0,0,0,0,0,0,2,1
NA,Actinomycetota,Coriobacteriia,Eggerthellales,Eggerthellaceae,Slackia,Slackia piriformis,Slackia piriformis,489,0,0,0,0,1,3,3,1
NA,Pseudomonadota,Gammaproteobacteria,Enterobacterales,Bruguierivoracaceae,Sodalis,Sodalis praecaptivus,Sodalis praecaptivus,490,0,0,0,0,0,1,1,2
NA,Bacillota,Erysipelotrichia,Erysipelotrichales,Erysipelotrichaceae,Solobacterium,Solobacterium moorei,Solobacterium moorei,491,107,153,78,134,6,7,1,2
NA,Bacillota,Clostridia,Eubacteriales,Oscillospiraceae,Sporobacter,Sporobacter termitidis,Sporobacter termitidis,492,0,0,0,0,0,0,1,0
NA,Bacillota,Bacilli,Bacillales,Planococcaceae,Sporosarcina,Sporosarcina koreensis,Sporosarcina koreensis,493,0,0,0,0,7,5,12,13
NA,Bacillota,Bacilli,Bacillales,Staphylococcaceae,Staphylococcus,Staphylococcus haemolyticus,Staphylococcus haemolyticus,494,0,0,0,0,0,2,0,4
NA,Bacillota,Bacilli,Bacillales,Staphylococcaceae,Staphylococcus,Staphylococcus pseudintermedius,Staphylococcus pseudintermedius,495,0,0,0,0,0,0,1,0
NA,Pseudomonadota,Gammaproteobacteria,Lysobacterales,Lysobacteraceae,Stenotrophomonas,Stenotrophomonas pictorum,Stenotrophomonas pictorum,496,0,0,0,0,0,0,1,0
NA,Bacillota,Clostridia,Lachnospirales,Lachnospiraceae,Stomatobaculum,Stomatobaculum longum,Stomatobaculum longum,497,88,89,54,104,19,14,30,34
NA,Fusobacteriota,Fusobacteriia,Fusobacteriales,Leptotrichiaceae,Streptobacillus,Streptobacillus notomytis,Streptobacillus notomytis,498,0,0,0,0,2,1,6,2
NA,Bacillota,Bacilli,Lactobacillales,Streptococcaceae,Streptococcus,Streptococcus cristatus,Streptococcus cristatus,499,0,0,0,0,0,0,3,2
NA,Bacillota,Bacilli,Lactobacillales,Streptococcaceae,Streptococcus,Streptococcus didelphis,Streptococcus didelphis,500,0,0,0,0,0,1,0,0
NA,Bacillota,Bacilli,Lactobacillales,Streptococcaceae,Streptococcus,Streptococcus dysgalactiae,Streptococcus dysgalactiae,501,1,0,2,0,0,0,0,0
NA,Bacillota,Bacilli,Lactobacillales,Streptococcaceae,Streptococcus,Streptococcus gallolyticus,Streptococcus gallolyticus,502,0,0,0,0,1,1,2,3
NA,Bacillota,Bacilli,Lactobacillales,Streptococcaceae,Streptococcus,Streptococcus gordonii,Streptococcus gordonii,503,0,0,0,0,0,4,3,0
NA,Bacillota,Bacilli,Lactobacillales,Streptococcaceae,Streptococcus,Streptococcus iniae,Streptococcus iniae,504,0,0,0,0,0,0,4,0
NA,Bacillota,Bacilli,Lactobacillales,Streptococcaceae,Streptococcus,Streptococcus minor,Streptococcus minor,505,0,0,0,0,0,0,0,1
NA,Bacillota,Bacilli,Lactobacillales,Streptococcaceae,Streptococcus,Streptococcus mitis,Streptococcus mitis,506,0,0,0,0,6,9,15,4
NA,Bacillota,Bacilli,Lactobacillales,Streptococcaceae,Streptococcus,Streptococcus mutans,Streptococcus mutans,507,0,0,0,0,1,0,0,0
NA,Bacillota,Bacilli,Lactobacillales,Streptococcaceae,Streptococcus,Streptococcus orisratti,Streptococcus orisratti,508,5,0,0,2,3,0,0,9
NA,Bacillota,Bacilli,Lactobacillales,Streptococcaceae,Streptococcus,Streptococcus parasanguinis,Streptococcus parasanguinis,509,0,0,0,0,414,1082,6087,1598
NA,Uroviricota,Caudoviricetes,NA,Aliceevansviridae,NA,Streptococcus phage YMC-2011,Streptococcus phage YMC-2011,510,0,0,0,0,0,0,4,2
NA,Bacillota,Bacilli,Lactobacillales,Streptococcaceae,Streptococcus,Streptococcus pneumoniae,Streptococcus pneumoniae,511,0,0,0,0,0,2,0,0
NA,Bacillota,Bacilli,Lactobacillales,Streptococcaceae,Streptococcus,Streptococcus pseudoporcinus,Streptococcus pseudoporcinus,512,0,0,0,0,0,1,1,0
NA,Bacillota,Bacilli,Lactobacillales,Streptococcaceae,Streptococcus,Streptococcus salivarius,Streptococcus salivarius,513,0,0,0,0,800,2419,3808,3507
NA,Bacillota,Bacilli,Lactobacillales,Streptococcaceae,Streptococcus,Streptococcus sanguinis,Streptococcus sanguinis,514,0,0,0,0,1,1,6,1
NA,Bacillota,Bacilli,Lactobacillales,Streptococcaceae,Streptococcus,Streptococcus sobrinus,Streptococcus sobrinus,515,0,0,0,0,0,1,0,0
NA,Bacillota,Bacilli,Lactobacillales,Streptococcaceae,Streptococcus,Streptococcus suis,Streptococcus suis,516,0,0,0,0,3,1,6,5
NA,Bacillota,Bacilli,Lactobacillales,Streptococcaceae,Streptococcus,Streptococcus thermophilus,Streptococcus thermophilus,517,0,0,0,0,1000,2267,5028,3291
NA,Bacillota,Clostridia,Eubacteriales,Oscillospiraceae,Subdoligranulum,Subdoligranulum variabile,Subdoligranulum variabile,518,38,476,335,462,21,28,421,15
NA,Bacillota,Negativicutes,Acidaminococcales,Acidaminococcaceae,Succiniclasticum,Succiniclasticum ruminis,Succiniclasticum ruminis,519,0,0,0,0,0,1,1,0
NA,Bacillota,Negativicutes,Acidaminococcales,Acidaminococcaceae,Succinispira,Succinispira mobilis,Succinispira mobilis,520,0,0,0,0,0,0,1,0
NA,Bacillota,Clostridia,Eubacteriales,Syntrophomonadaceae,Syntrophomonas,Syntrophomonas zehnderi,Syntrophomonas zehnderi,521,0,0,0,0,0,1,0,1
NA,Pseudomonadota,Gammaproteobacteria,Enterobacterales,Erwiniaceae,Tatumella,Tatumella citrea,Tatumella citrea,522,0,0,0,0,0,0,2,1
NA,Actinomycetota,Actinomycetes,Propionibacteriales,Propionibacteriaceae,Tessaracoccus,Tessaracoccus flavus,Tessaracoccus flavus,523,0,0,0,0,0,2,0,0
NA,Actinomycetota,Actinomycetes,Propionibacteriales,Propionibacteriaceae,Tessaracoccus,Tessaracoccus massiliensis,Tessaracoccus massiliensis,524,0,0,0,0,0,1,0,0
NA,Pseudomonadota,Betaproteobacteria,Rhodocyclales,Zoogloeaceae,Thauera,Thauera humireducens,Thauera humireducens,525,0,0,0,0,2,7,16,1
NA,Pseudomonadota,Gammaproteobacteria,Chromatiales,Ectothiorhodospiraceae,Thioalkalivibrio,Thioalkalivibrio sulfidiphilus,Thioalkalivibrio sulfidiphilus,526,0,0,0,0,0,0,1,0
NA,Pseudomonadota,Gammaproteobacteria,Thiotrichales,Thiolinaceae,Thiolinea,Thiolinea disciformis,Thiolinea disciformis,527,0,0,0,0,0,0,0,2
NA,Bacillota,Erysipelotrichia,Erysipelotrichales,Coprobacillaceae,Thomasclavelia,Thomasclavelia saccharogumia,Thomasclavelia saccharogumia,528,0,0,0,0,3,5,9,8
NA,Bacillota,Erysipelotrichia,Erysipelotrichales,Coprobacillaceae,Thomasclavelia,Thomasclavelia spiroformis,Thomasclavelia spiroformis,529,0,0,0,0,1,0,3,1
NA,Pseudomonadota,Gammaproteobacteria,Enterobacterales,Enterobacteriaceae,Trabulsiella,Trabulsiella odontotermitis,Trabulsiella odontotermitis,530,0,0,0,0,3,5,12,9
NA,Bacillota,Erysipelotrichia,Erysipelotrichales,Erysipelotrichaceae,Traorella,Traorella massiliensis,Traorella massiliensis,531,6,7,7,10,21,14,21,8
NA,Uroviricota,Caudoviricetes,NA,NA,Traversvirus,Traversvirus II,Traversvirus II,532,0,0,0,0,36,548,527,156
NA,Uroviricota,Caudoviricetes,NA,NA,Traversvirus,Traversvirus PA28,Traversvirus PA28,533,0,0,0,0,3,16,8,11
NA,Uroviricota,Caudoviricetes,NA,NA,Traversvirus,Traversvirus tv24B,Traversvirus tv24B,534,0,0,0,0,0,0,1,0
NA,Uroviricota,Caudoviricetes,NA,NA,Traversvirus,Traversvirus tv933W,Traversvirus tv933W,535,0,0,0,0,1,1,0,5
NA,Spirochaetota,Spirochaetia,Spirochaetales,Treponemataceae,Treponema,Treponema berlinense,Treponema berlinense,536,20,0,0,45,0,0,0,0
NA,Spirochaetota,Spirochaetia,Spirochaetales,Treponemataceae,Treponema,Treponema porcinum,Treponema porcinum,537,0,0,0,0,0,2,0,0
NA,Spirochaetota,Spirochaetia,Spirochaetales,Treponemataceae,Treponema,Treponema putidum,Treponema putidum,538,1,0,0,3,0,0,0,0
NA,Spirochaetota,Spirochaetia,Spirochaetales,Treponemataceae,Treponema,Treponema succinifaciens,Treponema succinifaciens,539,1,0,0,0,0,0,0,0
NA,Spirochaetota,Spirochaetia,Spirochaetales,Treponemataceae,Treponema,Treponema vincentii,Treponema vincentii,540,2,7,6,3,1,1,1,2
NA,Bacillota,Tissierellia,Tissierellales,Peptoniphilaceae,Urinicoccus,Urinicoccus massiliensis,Urinicoccus massiliensis,541,0,0,0,0,3,1,49,3
NA,Actinomycetota,Actinomycetes,Actinomycetales,Actinomycetaceae,Varibaculum,Varibaculum cambriense,Varibaculum cambriense,542,0,0,0,0,1,0,0,0
NA,Bacillota,Negativicutes,Veillonellales,Veillonellaceae,Veillonella,Veillonella parvula,Veillonella parvula,543,0,0,0,0,300,782,6031,1129
NA,Bacillota,Negativicutes,Veillonellales,Veillonellaceae,Veillonella,Veillonella seminalis,Veillonella seminalis,544,0,1,0,0,0,2,0,21
NA,Pseudomonadota,Gammaproteobacteria,Vibrionales,Vibrionaceae,Vibrio,Vibrio tubiashii,Vibrio tubiashii,545,0,0,0,0,0,0,3,0
NA,Bacillota,Bacilli,Lactobacillales,Lactobacillaceae,Weissella,Weissella jogaejeotgali,Weissella jogaejeotgali,546,0,0,0,0,0,0,1,0
NA,Ascomycota,Saccharomycetes,Phaffomycetales,Wickerhamomycetaceae,Wickerhamomyces,Wickerhamomyces ciferrii,Wickerhamomyces ciferrii,547,0,0,0,0,9,37,0,0
NA,Pseudomonadota,Gammaproteobacteria,Enterobacterales,Erwiniaceae,Winslowiella,Winslowiella iniecta,Winslowiella iniecta,548,0,0,0,0,0,0,0,5
NA,Pseudomonadota,Gammaproteobacteria,Enterobacterales,Erwiniaceae,Winslowiella,Winslowiella toletana,Winslowiella toletana,549,0,0,0,0,0,1,0,0
NA,Pseudomonadota,Betaproteobacteria,Burkholderiales,Comamonadaceae,Xenophilus,Xenophilus azovorans,Xenophilus azovorans,550,0,0,0,0,0,0,1,0
NA,Pseudomonadota,Gammaproteobacteria,Enterobacterales,Morganellaceae,Xenorhabdus,Xenorhabdus bovienii,Xenorhabdus bovienii,551,0,0,0,0,0,0,5,0
NA,Pseudomonadota,Gammaproteobacteria,Enterobacterales,Morganellaceae,Xenorhabdus,Xenorhabdus cabanillasii,Xenorhabdus cabanillasii,552,0,0,0,0,29,44,161,96
NA,Pseudomonadota,Gammaproteobacteria,Enterobacterales,Morganellaceae,Xenorhabdus,Xenorhabdus nematophila,Xenorhabdus nematophila,553,0,0,0,0,0,0,0,1
NA,Uroviricota,Caudoviricetes,NA,Peduoviridae,Xuanwuvirus,Xuanwuvirus P88,Xuanwuvirus P88,554,0,0,0,0,12,31,18,30
NA,Bacteroidota,Bacteroidia,Bacteroidales,Prevotellaceae,Xylanibacter,Xylanibacter brevis,Xylanibacter brevis,555,0,0,0,0,0,0,1,0
NA,Bacteroidota,Bacteroidia,Bacteroidales,Prevotellaceae,Xylanibacter,Xylanibacter oryzae,Xylanibacter oryzae,556,0,0,1,0,3,0,0,0
NA,Bacteroidota,Bacteroidia,Bacteroidales,Prevotellaceae,Xylanibacter,Xylanibacter ruminicola,Xylanibacter ruminicola,557,0,1,1,0,0,0,0,1
NA,Uroviricota,Caudoviricetes,NA,NA,Yautsimvirus,Yautsimvirus HK140,Yautsimvirus HK140,558,0,0,0,0,2,2,0,0
NA,Pseudomonadota,Gammaproteobacteria,Enterobacterales,Yersiniaceae,Yersinia,Yersinia pestis,Yersinia pestis,559,0,0,0,0,22,80,183,101
NA,Pseudomonadota,Gammaproteobacteria,Enterobacterales,Yersiniaceae,Yersinia,Yersinia ruckeri,Yersinia ruckeri,560,0,0,0,0,0,0,5,0
NA,Pseudomonadota,Gammaproteobacteria,Enterobacterales,Enterobacteriaceae,Yokenella,Yokenella regensburgei,Yokenella regensburgei,561,0,0,0,0,5,6,49,10
